{"type": "FeatureCollection", "features": [{"type": "Feature", "properties": {"NAME": "Rhodes", "NAME_AR": "رودس", "FEATURECLA": "Island", "SCALERANK": 5}, "geometry": {"type": "Polygon", "coordinates": [[[28.230822, 36.397092], [28.230111, 36.371439], [28.215709, 36.364753], [28.210948, 36.358832], [28.204845, 36.323798], [28.197276, 36.313117], [28.175304, 36.291632], [28.170787, 36.27912], [28.168653, 36.255745], [28.157995, 36.235875], [28.154307, 36.233832], [28.148326, 36.22724], [28.139136, 36.204712], [28.122938, 36.187705], [28.109752, 36.187751], [28.103038, 36.186652], [28.100841, 36.182624], [28.09901, 36.175605], [28.094981, 36.169074], [28.085704, 36.166144], [28.061534, 36.117743], [28.070689, 36.112189], [28.073552, 36.11089], [28.082511, 36.082228], [28.075816, 36.076789], [28.079967, 36.072577], [28.084428, 36.064842], [28.066226, 36.062188], [28.037486, 36.069525], [28.016734, 36.070136], [28.0, 36.065150391697436], [28.0, 36.37224104830122], [28.171484, 36.426221], [28.171516, 36.426225], [28.183849, 36.425605], [28.186176, 36.428027], [28.231836, 36.433643], [28.231607, 36.425389], [28.225597, 36.419196], [28.230822, 36.397092]]]}}, {"type": "Feature", "properties": {"NAME": "Socotra", "NAME_AR": "سقطرى", "FEATURECLA": "Island", "SCALERANK": 5}, "geometry": {"type": "Polygon", "coordinates": [[[53.609019, 12.705695], [53.61439, 12.708441], [53.620608, 12.708823], [53.638477, 12.707373], [53.734865, 12.652839], [53.764293, 12.630194], [53.800792, 12.61286], [53.831065, 12.61402], [53.850108, 12.628607], [53.858539, 12.637262], [53.918555, 12.659424], [53.92028, 12.659453], [53.984264, 12.654425], [54.000431, 12.660822], [54.187402, 12.664014], [54.286977, 12.629801], [54.295787, 12.623908], [54.362553, 12.603834], [54.451588, 12.573242], [54.485484, 12.558234], [54.488865, 12.560434], [54.511133, 12.552783], [54.497318, 12.546152], [54.475352, 12.540961], [54.454723, 12.538398], [54.443858, 12.534552], [54.441173, 12.525458], [54.442632, 12.515275], [54.41474, 12.484375], [54.413122, 12.483134], [54.315685, 12.458057], [54.279674, 12.450812], [54.24586, 12.43476], [54.237315, 12.426398], [54.236834, 12.425737], [54.129492, 12.360645], [54.100032, 12.357656], [54.052501, 12.359992], [54.031749, 12.356452], [54.016329, 12.349167], [53.963305, 12.343789], [53.944224, 12.346015], [53.872042, 12.334532], [53.718848, 12.318994], [53.598951, 12.342167], [53.598147, 12.342447], [53.499414, 12.425342], [53.498948, 12.425616], [53.49171, 12.43476], [53.455699, 12.457587], [53.390794, 12.489127], [53.315936, 12.533087], [53.31584, 12.533173], [53.334933, 12.551226], [53.340953, 12.551154], [53.360118, 12.557502], [53.384288, 12.558539], [53.389293, 12.561957], [53.39088, 12.570868], [53.399425, 12.588813], [53.403087, 12.59925], [53.403718, 12.632965], [53.403906, 12.63335], [53.430957, 12.663574], [53.534961, 12.715771], [53.535429, 12.715733], [53.605235, 12.70307], [53.609019, 12.705695]]]}}, {"type": "Feature", "properties": {"NAME": "Ogo Mts.", "NAME_AR": "جبال أوجو", "FEATURECLA": "Range/mtn", "SCALERANK": 5}, "geometry": {"type": "Polygon", "coordinates": [[[50.995839, 11.137339], [50.890147, 10.921942], [50.400767, 10.70362], [50.0171, 10.617621], [49.765758, 10.809455], [49.521007, 10.869025], [49.309337, 10.921942], [48.971934, 10.776374], [48.555308, 10.690375], [48.396495, 10.789618], [48.098888, 10.842536], [47.854137, 10.829291], [47.629161, 10.743354], [47.391124, 10.544867], [47.351451, 10.392768], [47.252208, 10.015692], [47.24159327304506, 10.0], [44.59867712932487, 10.0], [44.626231, 10.062018], [44.851085, 10.227362], [45.221446, 10.379523], [45.486095, 10.511786], [45.598521, 10.756537], [45.78726, 10.828094], [45.79132, 10.829169], [45.964708, 10.805842], [46.024512, 10.793701], [46.075936, 10.790877], [46.134288, 10.783026], [46.368571, 10.72296], [46.388087, 10.717956], [46.392345, 10.716864], [46.650279, 10.730109], [46.85942, 10.875307], [46.973438, 10.925391], [47.149356, 11.045012], [47.450572, 11.160041], [47.668956, 11.120368], [47.676944, 11.121366], [47.7125, 11.112012], [48.019238, 11.139355], [48.438867, 11.290137], [48.54384, 11.313984], [48.69069, 11.317833], [48.903125, 11.254883], [48.938574, 11.258447], [49.062109, 11.27085], [49.388281, 11.342725], [49.461616, 11.373989], [49.475843, 11.377365], [49.481714, 11.378759], [49.507823, 11.384955], [49.667983, 11.455264], [50.110059, 11.529297], [50.158653, 11.556346], [50.162608, 11.556891], [50.272218, 11.619558], [50.466211, 11.727539], [50.52832, 11.823193], [50.597788, 11.901045], [50.672813, 11.953208], [50.743872, 11.971339], [51.05136, 11.886403], [51.118384, 11.867889], [51.191309, 11.841992], [51.213961, 11.837973], [51.208576, 11.792749], [51.19638, 11.690321], [51.185925, 11.602512], [51.185169, 11.596165], [51.136328, 11.505127], [51.084277, 11.335645], [51.085261, 11.328943], [51.062144, 11.272467], [50.995839, 11.137339]]]}}, {"type": "Feature", "properties": {"NAME": "Lebanon Mts.", "NAME_AR": "جبال لبنان", "FEATURECLA": "Range/mtn", "SCALERANK": 5}, "geometry": {"type": "Polygon", "coordinates": [[[35.414317, 33.233588], [35.310069, 33.321784], [35.349742, 33.506293], [35.454112, 33.704901], [35.544078, 33.835395], [35.876964, 34.197821], [35.947765, 34.304755], [36.021983, 34.441901], [36.06563, 34.500509], [36.110118, 34.560248], [36.222179, 34.610846], [36.307506, 34.580939], [36.349742, 34.506537], [36.357677, 34.411444], [36.340099, 34.319586], [36.297374, 34.218146], [36.242564, 34.121711], [36.122203, 33.935797], [36.028575, 33.807685], [35.572398, 33.323615], [35.492931, 33.258551], [35.457537, 33.247312], [35.414317, 33.233588]]]}}, {"type": "Feature", "properties": {"NAME": "Kopet Dag Mts .", "NAME_AR": "كبه طاغ", "FEATURECLA": "Range/mtn", "SCALERANK": 5}, "geometry": {"type": "Polygon", "coordinates": [[[55.981944, 38.430732], [55.621471, 38.744818], [55.52003, 38.867133], [55.462657, 39.01142], [55.476695, 39.177436], [55.479625, 39.185614], [55.580821, 39.327765], [55.730479, 39.38581], [55.902721, 39.383368], [56.0, 39.360725232307956], [56.0, 38.41686173258143], [55.981944, 38.430732]]]}}, {"type": "Feature", "properties": {"NAME": "Al Hajar Mts.", "NAME_AR": "جبال الحجر", "FEATURECLA": "Range/mtn", "SCALERANK": 5}, "geometry": {"type": "Polygon", "coordinates": [[[55.912974, 24.313056], [55.861949, 24.544318], [55.899547, 24.799262], [55.939464, 24.883429], [56.0, 24.977329906064384], [56.0, 24.138565221504866], [55.912974, 24.313056]]]}}, {"type": "Feature", "properties": {"NAME": "Tuwayq Mts.", "NAME_AR": "جبل طويق", "FEATURECLA": "Range/mtn", "SCALERANK": 5}, "geometry": {"type": "Polygon", "coordinates": [[[45.716685, 20.356452], [45.546764, 20.423102], [45.441539, 20.663275], [45.511851, 21.101264], [45.977428, 22.425299], [46.158702, 23.159003], [46.168468, 23.78974], [46.077281, 24.287238], [45.872447, 24.850043], [45.853648, 25.046454], [45.907359, 25.202582], [46.042003, 25.310248], [46.269054, 25.290412], [46.55067, 25.103034], [46.820079, 24.79859], [47.010753, 24.427558], [47.05421, 23.840827], [46.954356, 22.979682], [46.753429, 22.029731], [46.494151, 21.176581], [46.216075, 20.626044], [45.948375, 20.388373], [45.716685, 20.356452]]]}}, {"type": "Feature", "properties": {"NAME": "Taurus Mts.", "NAME_AR": "جبال طوروس", "FEATURECLA": "Range/mtn", "SCALERANK": 5}, "geometry": {"type": "Polygon", "coordinates": [[[35.045299, 37.482856], [34.990245, 37.263007], [34.834361, 37.026007], [34.534557, 36.753058], [34.310125, 36.611132], [34.301474, 36.605661], [34.125133, 36.494147], [33.640758, 36.299079], [33.219371, 36.16883], [32.918101, 36.102973], [32.650401, 36.149604], [32.329845, 36.35694], [31.976817, 36.618109], [31.688731, 36.797919], [31.494884, 36.901801], [31.423717, 36.935309], [31.34901, 36.978949], [31.288829, 37.053351], [31.271861, 37.160346], [31.327403, 37.301581], [31.44276, 37.465155], [31.585216, 37.612433], [31.753062, 37.705512], [31.944347, 37.706427], [32.479259, 37.559394], [32.844249, 37.50849], [33.274425, 37.513617], [33.566173, 37.549628], [33.797008, 37.594123], [34.238292, 37.706427], [34.766368, 37.774359], [34.874522, 37.802802], [35.003673, 37.821479], [35.055308, 37.691901], [35.045299, 37.482856]]]}}, {"type": "Feature", "properties": {"NAME": "Jilf al Kabir Plateau", "NAME_AR": "الجلف الكبير", "FEATURECLA": "Plateau", "SCALERANK": 5}, "geometry": {"type": "Polygon", "coordinates": [[[28.036876, 24.951422], [28.070125, 24.849284], [28.222057, 24.382575], [28.0, 24.165835395268733], [28.0, 24.96147909090909], [28.036876, 24.951422]]]}}, {"type": "Feature", "properties": {"NAME": "Libyan Plateau", "NAME_AR": "الهضبة الليبية", "FEATURECLA": "Plateau", "SCALERANK": 5}, "geometry": {"type": "Polygon", "coordinates": [[[28.116222, 31.050116], [28.665172, 30.778876], [28.81068, 30.514289], [28.407237, 30.507697], [28.0, 30.478272236943425], [28.0, 31.080398637791536], [28.116222, 31.050116]]]}}, {"type": "Feature", "properties": {"NAME": "Danakil", "NAME_AR": "صحراء الدناكل", "FEATURECLA": "Desert", "SCALERANK": 5}, "geometry": {"type": "Polygon", "coordinates": [[[42.918952, 12.817559], [42.934436, 12.819669], [42.969531, 12.80835], [42.97498, 12.825193], [43.068054, 12.837874], [43.08291, 12.824609], [43.116699, 12.708594], [43.130859, 12.660449], [43.290481, 12.473418], [43.316098, 12.423688], [43.343028, 12.371406], [43.366767, 12.32532], [43.400279, 12.219809], [43.400279, 12.158199], [43.380273, 12.09126], [43.349643, 12.046069], [43.343028, 12.042288], [43.276866, 12.004462], [43.273674, 11.991987], [43.267135, 11.966436], [43.048047, 11.829053], [42.799023, 11.739404], [42.640039, 11.560107], [42.521777, 11.572168], [42.539746, 11.504297], [42.583789, 11.496777], [42.652734, 11.50957], [42.789746, 11.561719], [42.911523, 11.586621], [43.042773, 11.588477], [43.161719, 11.566016], [43.245996, 11.499805], [43.441211, 11.346436], [43.631152, 11.035449], [43.657789, 11.005255], [43.541515, 10.663947], [43.303355, 10.425849], [43.012218, 10.531623], [42.456554, 10.540473], [41.504161, 10.663947], [41.001353, 10.58454], [40.869151, 11.166632], [40.825084, 11.722235], [40.445811, 12.780585], [40.157111, 13.400286], [40.130202, 13.458048], [40.084239, 13.556708], [40.099365, 13.634956], [40.137096, 13.830146], [39.930066, 14.250651], [39.854869, 14.403388], [39.853273, 14.52993], [39.850474, 14.751746], [39.84877, 14.886832], [39.846883, 15.036473], [39.84608, 15.100104], [40.154796, 15.038336], [40.196334, 15.023032], [40.204102, 15.014111], [40.305273, 14.974023], [40.372939, 14.968838], [40.476453, 14.952917], [40.546289, 14.933594], [40.577077, 14.915913], [40.745616, 14.747321], [41.168956, 14.615058], [41.541065, 14.131939], [41.56384, 14.10237], [41.66545, 13.970447], [41.671641, 13.962409], [41.805856, 13.883581], [42.245117, 13.587646], [42.269666, 13.541741], [42.334663, 13.397031], [42.3678, 13.323255], [42.399316, 13.212598], [42.416933, 13.213865], [42.421397, 13.203925], [42.567044, 13.144771], [42.60426, 13.129656], [42.629201, 13.119527], [42.734473, 13.018604], [42.796191, 12.864258], [42.894006, 12.832709], [42.906505, 12.815863], [42.918952, 12.817559]]]}}, {"type": "Feature", "properties": {"NAME": "Negev Desert", "NAME_AR": "النقب", "FEATURECLA": "Desert", "SCALERANK": 5}, "geometry": {"type": "Polygon", "coordinates": [[[34.960094, 29.575141], [34.898322, 29.578444], [34.891612, 29.578803], [34.827525, 29.638068], [34.779307, 29.726752], [34.753062, 29.802375], [34.714732, 29.957221], [34.57838, 30.326178], [34.517955, 30.576422], [34.469859, 30.729315], [34.347667, 31.028815], [34.27296, 31.186042], [34.251353, 31.265326], [34.248875, 31.342656], [34.248302, 31.360541], [34.269515, 31.361797], [34.420421, 31.370734], [35.317149, 31.387213], [35.427989, 31.360541], [35.421275, 31.241889], [35.404796, 31.130316], [35.257335, 30.507697], [35.191051, 30.312995], [35.112822, 30.130267], [35.109264, 30.121955], [35.075938, 30.010077], [35.069926, 29.945776], [35.053722, 29.772467], [35.021739, 29.653571], [34.993687, 29.617881], [34.960094, 29.575141]]]}}, {"type": "Feature", "properties": {"NAME": "Eastern Desert", "NAME_AR": "الصحراء الشرقية", "FEATURECLA": "Desert", "SCALERANK": 5}, "geometry": {"type": "Polygon", "coordinates": [[[35.445442, 24.200981], [35.477832, 24.154785], [35.555486, 24.107852], [35.736217, 23.954901], [35.498057, 23.99018], [35.498057, 23.985724], [35.498057, 23.793891], [35.498057, 23.641791], [35.513638, 23.609738], [35.522754, 23.442529], [35.564355, 23.271094], [35.697852, 22.946191], [35.797363, 22.84873], [35.845801, 22.785693], [35.913379, 22.739648], [35.941349, 22.729847], [35.955478, 22.70078], [35.96107, 22.689276], [36.856247, 22.044251], [36.857853, 22.041022], [36.838495, 22.041022], [35.908065, 22.041022], [34.889537, 22.041022], [34.404508, 22.041022], [33.698863, 22.041022], [31.520375, 22.120274], [31.516124, 22.120429], [32.561168, 22.649604], [33.019786, 23.196418], [32.977916, 23.774054], [32.878673, 24.131232], [32.931651, 24.620734], [32.872081, 25.077094], [32.581065, 25.268927], [32.523269, 25.458725], [32.488414, 25.573188], [32.550551, 25.628008], [32.71339, 25.771674], [32.722353, 25.825514], [32.733343, 25.891534], [32.766246, 26.089179], [32.714244, 26.115156], [32.663661, 26.140424], [32.633922, 26.15528], [32.428966, 26.102362], [32.124644, 26.195014], [31.707896, 26.631537], [31.258067, 27.160712], [30.854625, 27.451728], [30.907603, 27.683295], [30.848033, 28.027228], [30.755382, 28.126471], [30.737291, 28.295879], [30.735606, 28.311652], [30.736584, 28.313608], [30.841441, 28.523322], [30.980357, 28.900336], [31.041629, 28.991538], [31.16566, 29.176154], [31.242051, 29.411171], [31.284557, 29.541938], [31.297862, 29.859442], [31.244884, 30.104193], [31.30035, 30.176375], [31.326995, 30.21105], [31.405894, 30.313727], [31.67054, 30.490157], [31.723399, 30.525397], [32.270152, 30.626776], [32.272968, 30.621934], [32.416345, 30.375327], [32.570079, 30.110907], [32.555438, 30.083148], [32.31422, 29.6258], [32.537519, 29.294489], [32.587657, 29.220099], [32.589712, 29.214961], [32.635406, 29.100727], [32.631836, 28.992236], [32.658887, 28.927734], [32.741925, 28.834429], [32.799327, 28.690924], [32.87456, 28.602366], [32.898242, 28.565234], [32.946839, 28.517285], [33.136041, 28.294571], [33.202148, 28.208301], [33.235963, 28.176951], [33.496104, 27.870734], [33.555453, 27.757285], [33.558789, 27.701221], [33.549805, 27.607373], [33.657422, 27.430566], [33.697266, 27.341113], [33.80166, 27.268164], [33.849316, 27.184912], [33.893066, 27.049463], [33.959082, 26.649023], [34.049512, 26.550732], [34.329297, 26.024365], [34.565137, 25.691162], [34.679297, 25.442529], [34.853223, 25.139795], [35.194141, 24.475146], [35.360328, 24.30712], [35.392345, 24.245917], [35.445442, 24.200981]]]}}, {"type": "Feature", "properties": {"NAME": "Kavir Desert", "NAME_AR": "صحراء كوير", "FEATURECLA": "Desert", "SCALERANK": 5}, "geometry": {"type": "Polygon", "coordinates": [[[55.990367, 33.688727], [55.945811, 33.670966], [55.908458, 33.648017], [55.896129, 33.614325], [55.893077, 33.573065], [55.8838, 33.527594], [55.861705, 33.486579], [55.846324, 33.466986], [55.832286, 33.458686], [55.817393, 33.452216], [55.802013, 33.421332], [55.787608, 33.410956], [55.769908, 33.411566], [55.744517, 33.417914], [55.72169, 33.428534], [55.711803, 33.441962], [55.702403, 33.451361], [55.643565, 33.48609], [55.606944, 33.534919], [55.556041, 33.647284], [55.524058, 33.699225], [55.466441, 33.742743], [55.400523, 33.758734], [55.330211, 33.767096], [55.26002, 33.787665], [55.241954, 33.797431], [55.227061, 33.810187], [55.216685, 33.827887], [55.212901, 33.852851], [55.213145, 33.894538], [55.210826, 33.909308], [55.204723, 33.925482], [55.213512, 33.991278], [55.27296, 34.062445], [55.401134, 34.174689], [55.425059, 34.24494], [55.35255, 34.270331], [55.073863, 34.27851], [54.920177, 34.233527], [54.841685, 34.24018], [54.802989, 34.253669], [54.780894, 34.258673], [54.756358, 34.260627], [54.734264, 34.258612], [54.692882, 34.24964], [54.670299, 34.247565], [54.610118, 34.249579], [54.580211, 34.247382], [54.551646, 34.238837], [54.527354, 34.22193], [54.477428, 34.154731], [54.452647, 34.1388], [54.432506, 34.14057], [54.410777, 34.14765], [54.381358, 34.147834], [54.361461, 34.139411], [54.124522, 33.972541], [54.118419, 33.957831], [54.127574, 33.939032], [54.135875, 33.903754], [54.133556, 33.87873], [54.125987, 33.84632], [54.113658, 33.816535], [54.096934, 33.799445], [54.070201, 33.80036], [54.053477, 33.820746], [54.04066, 33.847724], [54.026378, 33.868659], [54.011974, 33.858893], [54.000499, 33.846503], [53.991466, 33.831855], [53.985118, 33.815619], [53.977306, 33.772711], [53.970592, 33.752753], [53.957774, 33.739875], [53.896129, 33.782233], [53.853892, 33.821295], [53.847911, 33.82923], [53.826305, 33.872016], [53.813731, 33.884467], [53.786998, 33.894232], [53.733409, 33.892401], [53.707896, 33.907477], [53.696056, 33.92829], [53.683604, 33.974677], [53.670421, 33.99433], [53.636851, 33.965461], [53.617442, 33.955268], [53.609019, 33.962714], [53.606212, 33.987799], [53.597667, 34.003363], [53.58253, 34.008063], [53.560557, 34.000556], [53.525645, 33.980109], [53.511241, 33.966132], [53.505382, 33.949042], [53.49586, 33.930854], [53.473277, 33.925116], [53.42335, 33.925482], [53.413463, 33.922614], [53.391734, 33.913459], [53.381847, 33.9112], [53.37025, 33.913092], [53.302013, 33.944953], [53.273082, 33.971076], [53.21815, 34.033332], [53.192271, 34.048896], [53.103526, 34.069098], [53.038585, 34.09925], [52.977794, 34.137763], [52.918834, 34.189582], [52.889659, 34.210089], [52.848033, 34.227118], [52.80482, 34.239691], [52.782115, 34.250495], [52.772227, 34.26435], [52.778331, 34.285773], [52.79359, 34.299201], [52.875865, 34.335578], [53.005138, 34.442939], [53.032359, 34.476325], [53.049693, 34.513312], [53.053477, 34.634589], [53.063121, 34.650031], [53.084849, 34.645819], [53.157848, 34.604377], [53.176036, 34.590522], [53.192638, 34.553107], [53.213512, 34.544379], [53.238536, 34.543708], [53.259532, 34.548041], [53.268321, 34.552436], [53.283458, 34.564093], [53.293101, 34.569709], [53.329356, 34.581855], [53.337413, 34.586493], [53.354503, 34.593085], [53.403331, 34.588568], [53.42335, 34.590216], [53.444713, 34.614447], [53.459117, 34.695929], [53.471202, 34.726752], [53.534923, 34.775092], [53.602428, 34.790107], [53.75294, 34.792609], [53.812511, 34.810004], [53.837291, 34.811164], [53.904307, 34.795111], [53.929942, 34.794257], [53.973399, 34.806952], [54.083995, 34.88642], [54.236949, 34.971015], [54.517223, 35.050727], [54.587047, 35.082282], [54.651622, 35.122138], [54.713634, 35.171637], [54.776134, 35.211432], [54.843272, 35.229743], [55.040904, 35.234503], [55.084727, 35.243598], [55.243907, 35.307807], [55.37672, 35.316413], [55.394786, 35.322821], [55.429942, 35.340705], [55.547984, 35.357367], [55.627452, 35.353034], [55.646983, 35.36048], [55.661998, 35.370612], [55.696178, 35.387152], [55.711803, 35.398993], [55.730113, 35.436469], [55.731578, 35.475898], [55.738536, 35.510932], [55.773936, 35.535529], [55.837413, 35.545783], [55.85316, 35.552314], [55.911143, 35.610663], [55.944591, 35.634894], [55.980968, 35.647162], [56.0, 35.64834759966125], [56.0, 33.69596963796424], [55.990367, 33.688727]]]}}, {"type": "Feature", "properties": {"NAME": "An Nafud Desert", "NAME_AR": "صحراء النفود الكبير", "FEATURECLA": "Desert", "SCALERANK": 5}, "geometry": {"type": "Polygon", "coordinates": [[[44.157359, 28.534613], [44.334972, 28.355353], [44.660289, 28.123114], [44.773814, 27.978461], [44.783458, 27.775153], [44.742442, 27.676642], [44.685435, 27.643073], [44.6067, 27.646552], [44.500987, 27.65943], [43.942638, 27.691413], [43.764049, 27.730231], [43.5619, 27.817633], [42.971568, 28.178351], [42.518565, 28.391974], [42.033214, 28.584784], [41.533458, 28.729804], [41.037364, 28.800238], [40.280528, 28.789374], [39.894908, 28.851996], [39.618419, 29.046881], [39.56544, 29.223456], [39.571788, 29.461371], [39.631358, 29.693], [39.738658, 29.850714], [39.862193, 29.904547], [40.008922, 29.918769], [40.826793, 29.907721], [41.364757, 29.866095], [41.729381, 29.810858], [42.089366, 29.733344], [43.069102, 29.416571], [43.370128, 29.275946], [43.64442, 29.090094], [43.826671, 28.915412], [44.157359, 28.534613]]]}}, {"type": "Feature", "properties": {"NAME": "Tihāmah", "NAME_AR": "تهامة", "FEATURECLA": "Plain", "SCALERANK": 5}, "geometry": {"type": "MultiPolygon", "coordinates": [[[[40.626146, 20.987192], [40.654185, 20.965766], [40.855357, 20.756171], [40.814124, 20.789671], [40.803477, 20.804145], [40.626146, 20.987192]]], [[[40.602794, 21.011298], [40.626146, 20.987192], [40.569833, 21.030226], [40.602794, 21.011298]]], [[[40.814124, 20.789671], [40.978404, 20.566352], [41.13815, 20.297016], [41.790782, 19.196662], [42.342296, 18.467108], [43.106822, 17.299994], [43.18983, 17.138495], [43.270396, 16.949164], [43.336112, 16.756322], [43.336558, 16.755011], [43.37672, 16.578681], [43.403575, 16.282355], [43.397227, 14.834784], [43.414683, 14.609748], [43.417491, 14.49079], [43.399303, 14.393744], [43.339366, 14.321173], [43.243419, 14.275397], [43.134044, 14.263312], [43.065476, 14.282879], [43.044824, 14.341553], [43.00625, 14.483105], [43.01875, 14.520801], [43.021094, 14.554883], [42.946973, 14.773145], [42.922168, 14.817383], [42.912988, 14.863086], [42.937305, 14.898047], [42.936426, 14.938574], [42.89707, 15.005566], [42.871112, 15.085432], [42.797284, 15.901476], [42.839648, 16.032031], [42.799316, 16.371777], [42.789844, 16.451563], [42.730664, 16.569824], [42.726367, 16.65332], [42.698828, 16.736963], [42.647461, 16.801367], [42.55293, 16.868457], [42.544141, 16.959668], [42.475, 17.049854], [42.407615, 17.103209], [42.350108, 17.231513], [42.330966, 17.263389], [42.293945, 17.434961], [42.052246, 17.669336], [41.75, 17.885742], [41.658008, 18.007666], [41.507617, 18.256104], [41.431738, 18.452441], [41.229492, 18.678418], [41.220801, 18.765234], [41.19082, 18.871191], [41.144141, 18.989062], [41.116016, 19.082178], [40.913281, 19.490137], [40.847852, 19.555273], [40.791602, 19.646387], [40.777051, 19.716895], [40.75918, 19.755469], [40.615918, 19.822363], [40.482227, 19.993457], [40.080664, 20.265918], [39.926024, 20.287197], [39.5796, 20.627265], [39.464732, 20.77558], [39.411143, 20.928229], [39.416392, 21.074836], [39.45106, 21.234503], [39.514781, 21.382514], [39.606944, 21.493903], [39.698863, 21.537848], [39.791026, 21.532904], [39.883189, 21.493476], [40.436778, 21.131903], [40.569833, 21.030226], [40.393199, 21.131659], [40.814124, 20.789671]]]]}}, {"type": "Feature", "properties": {"NAME": "Hasa Plain", "NAME_AR": "سهل هاسا", "FEATURECLA": "Plain", "SCALERANK": 5}, "geometry": {"type": "Polygon", "coordinates": [[[49.693248, 25.088202], [49.58839, 25.145148], [49.493907, 25.241278], [48.813243, 26.178107], [48.732066, 26.304328], [48.654674, 26.447028], [48.482921, 26.698798], [48.26002, 26.924079], [48.022472, 27.139411], [47.806651, 27.361335], [47.710094, 27.479438], [47.61732, 27.606086], [47.538707, 27.740302], [47.484874, 27.881171], [47.38502, 28.385871], [47.330943, 28.550605], [47.119273, 29.010565], [47.087901, 29.2638], [47.217418, 29.476508], [47.351451, 29.536078], [47.522227, 29.563178], [47.697276, 29.565985], [47.844249, 29.552802], [47.876321, 29.544477], [47.882695, 29.542823], [47.81748, 29.487402], [47.725293, 29.416943], [47.722656, 29.393018], [47.845313, 29.365723], [47.935352, 29.366602], [47.998145, 29.385547], [48.051465, 29.355371], [48.086328, 29.275488], [48.100391, 29.210742], [48.183789, 28.979395], [48.25293, 28.90127], [48.339258, 28.763281], [48.371289, 28.691846], [48.389648, 28.631592], [48.434639, 28.556081], [48.461803, 28.484442], [48.737926, 27.891181], [48.816077, 27.777528], [48.807227, 27.765283], [48.797168, 27.724316], [48.906445, 27.629053], [48.978702, 27.596834], [48.987437, 27.588263], [49.133922, 27.481391], [49.186803, 27.447978], [49.175098, 27.437646], [49.281543, 27.310498], [49.405273, 27.180957], [49.537695, 27.151758], [49.716504, 26.955859], [49.983019, 26.830372], [50.075595, 26.680589], [50.026367, 26.699219], [50.008105, 26.678516], [50.011328, 26.608789], [50.027344, 26.526855], [50.110742, 26.455957], [50.155328, 26.425305], [50.175304, 26.244696], [50.153941, 26.14466], [50.140939, 26.100642], [50.135254, 26.100684], [50.095996, 26.118701], [50.053906, 26.122852], [50.031641, 26.110986], [50.081055, 25.961377], [50.095127, 25.928571], [50.08546, 25.85932], [50.08546, 25.431403], [50.05714, 25.276435], [49.977428, 25.153998], [49.853526, 25.084479], [49.693248, 25.088202]]]}}, {"type": "Feature", "properties": {"NAME": "Levant Coast", "NAME_AR": "ساحل لايفانت", "FEATURECLA": "Coast", "SCALERANK": 5}, "geometry": {"type": "Polygon", "coordinates": [[[34.777232, 32.026252], [34.750621, 32.047553], [34.745838, 32.057348], [34.803809, 32.196338], [34.921875, 32.614062], [35.005859, 32.826611], [35.077051, 32.967188], [35.108594, 33.083691], [35.155078, 33.16001], [35.203516, 33.258984], [35.251367, 33.392627], [35.335742, 33.503467], [35.51084, 33.879736], [35.611816, 34.032178], [35.647852, 34.248242], [35.804297, 34.437402], [35.921387, 34.493311], [35.97793, 34.547412], [35.97627, 34.629199], [35.899316, 34.8521], [35.887891, 34.948633], [35.889941, 35.060303], [35.943066, 35.223828], [35.918066, 35.299512], [35.916016, 35.350537], [35.902441, 35.420703], [35.764453, 35.571582], [35.839648, 35.849219], [35.892676, 35.916553], [35.956934, 35.998145], [35.887109, 36.159082], [35.810938, 36.309863], [35.882812, 36.406348], [35.953482, 36.461562], [35.977183, 36.463813], [36.070689, 36.368109], [36.138194, 36.192389], [36.177379, 36.00141], [36.185435, 35.860053], [36.108287, 34.755683], [36.06563, 34.500509], [36.057628, 34.452643], [35.958385, 34.175299], [35.457537, 33.247312], [35.135142, 32.64997], [34.970348, 32.222724], [34.896495, 32.095282], [34.862804, 32.05683], [34.831309, 32.033026], [34.802623, 32.023139], [34.777232, 32.026252]]]}}, {"type": "Feature", "properties": {"NAME": "El Gezira", "NAME_AR": "الجزيرة", "FEATURECLA": "Geoarea", "SCALERANK": 5}, "geometry": {"type": "Polygon", "coordinates": [[[33.725352, 13.30976], [33.844493, 13.30976], [34.313261, 12.397421], [34.333873, 12.357306], [33.782395, 12.121767], [33.74525, 12.105902], [33.559947, 11.709052], [32.667003, 11.365119], [32.759654, 11.788398], [32.733165, 12.119147], [32.812511, 12.568915], [32.788338, 12.899413], [32.775766, 13.071296], [32.772838, 13.111335], [32.74379, 13.14262], [32.600841, 13.296576], [32.586886, 13.492591], [32.574474, 13.666938], [32.404435, 13.899543], [32.323009, 14.010932], [32.151134, 14.407782], [32.155254, 14.455338], [32.17107, 14.637883], [32.177501, 14.712104], [32.333845, 14.868408], [32.41566, 14.950202], [32.426704, 14.999916], [32.43071, 15.017948], [32.495006, 15.307379], [32.472646, 15.374536], [32.442149, 15.466132], [32.495006, 15.624884], [32.501925, 15.623499], [32.561168, 15.61164], [32.799327, 15.333869], [33.037486, 15.241217], [33.196178, 15.069281], [33.196178, 14.910529], [33.65919, 14.15644], [33.553355, 13.640509], [33.725352, 13.30976]]]}}, {"type": "Feature", "properties": {"NAME": "Cyprus", "NAME_AR": "قبرص", "FEATURECLA": "Island", "SCALERANK": 4}, "geometry": {"type": "Polygon", "coordinates": [[[34.265996, 35.47945], [34.137584, 35.416266], [34.108897, 35.395453], [34.093712, 35.379798], [33.991643, 35.32076], [33.971202, 35.322516], [33.951549, 35.31269], [33.92335, 35.279731], [33.911876, 35.261176], [33.907115, 35.244086], [33.899669, 35.165595], [33.913585, 35.157416], [33.930064, 35.143532], [33.93125, 35.140381], [33.964813, 35.105946], [33.966685, 35.101264], [33.978526, 35.088629], [33.988562, 35.081579], [34.004492, 35.065234], [34.023633, 35.045557], [34.050195, 34.988379], [34.022178, 34.984215], [34.011485, 34.988837], [33.957042, 34.983161], [33.909923, 34.971381], [33.907239, 34.970055], [33.822461, 34.965918], [33.818668, 34.966356], [33.804088, 34.973761], [33.760142, 34.980841], [33.717174, 34.97901], [33.680186, 34.967536], [33.653941, 34.945868], [33.646495, 34.933112], [33.639641, 34.917059], [33.514453, 34.806445], [33.438372, 34.763962], [33.41505, 34.75965], [33.400035, 34.774604], [33.398936, 34.746527], [33.398371, 34.746237], [33.311444, 34.721888], [33.296397, 34.719306], [33.289138, 34.716509], [33.207102, 34.703113], [33.173473, 34.706305], [33.101817, 34.699469], [33.086192, 34.69599], [33.072154, 34.687995], [33.025767, 34.652533], [33.009776, 34.626044], [33.009044, 34.598578], [33.018067, 34.588873], [33.007978, 34.569709], [33.006562, 34.569709], [32.941797, 34.575879], [32.941011, 34.577579], [32.944591, 34.594916], [32.91566, 34.64057], [32.913463, 34.657904], [32.85731, 34.670172], [32.834239, 34.672126], [32.812755, 34.669806], [32.749034, 34.651068], [32.725154, 34.648485], [32.692969, 34.649365], [32.616721, 34.67251], [32.574962, 34.694037], [32.556407, 34.700507], [32.535655, 34.704779], [32.50195, 34.707733], [32.449023, 34.729443], [32.41377, 34.778027], [32.399306, 34.804278], [32.378917, 34.850287], [32.370794, 34.856026], [32.317188, 34.95332], [32.300977, 35.082959], [32.317914, 35.076716], [32.336558, 35.059943], [32.353282, 35.04914], [32.372203, 35.042731], [32.413707, 35.044196], [32.449718, 35.060004], [32.479503, 35.084113], [32.501842, 35.110358], [32.502972, 35.112715], [32.555957, 35.155762], [32.652344, 35.182666], [32.712695, 35.171045], [32.772363, 35.15957], [32.791996, 35.163404], [32.80128, 35.158332], [32.828258, 35.149726], [32.865001, 35.158149], [32.892467, 35.176276], [32.914561, 35.201972], [32.929088, 35.234198], [32.934459, 35.271735], [32.935924, 35.337775], [32.935204, 35.343244], [32.941602, 35.39043], [32.962756, 35.386681], [32.985118, 35.3758], [33.00587, 35.371039], [33.028087, 35.368537], [33.073497, 35.358344], [33.162618, 35.354654], [33.279539, 35.344065], [33.280528, 35.343695], [33.427379, 35.330085], [33.660167, 35.36048], [33.696874, 35.377612], [33.788276, 35.401637], [33.812144, 35.403022], [33.834361, 35.4112], [33.874766, 35.413398], [34.054055, 35.471498], [34.063477, 35.473975], [34.070638, 35.477956], [34.136363, 35.509223], [34.1476, 35.520749], [34.19248, 35.545703], [34.206253, 35.549887], [34.209605, 35.54914], [34.242198, 35.555732], [34.319591, 35.587409], [34.334505, 35.596537], [34.411133, 35.629297], [34.556055, 35.662061], [34.476256, 35.603156], [34.441295, 35.584784], [34.410459, 35.563009], [34.265996, 35.47945]]]}}, {"type": "Feature", "properties": {"NAME": "Nile Delta", "NAME_AR": "دلتا النيل", "FEATURECLA": "Delta", "SCALERANK": 4}, "geometry": {"type": "Polygon", "coordinates": [[[30.971628, 30.136611], [30.74879, 30.415107], [30.740829, 30.419932], [30.702705, 30.44304], [30.312266, 30.679694], [29.862437, 30.917792], [29.761365, 31.119936], [29.847273, 31.174797], [29.992331, 31.247326], [30.049414, 31.26543], [30.127539, 31.255664], [30.222656, 31.258398], [30.262305, 31.316846], [30.312305, 31.357031], [30.34375, 31.402734], [30.379464, 31.440893], [30.398941, 31.450631], [30.416685, 31.459503], [30.570996, 31.472998], [30.795713, 31.532819], [30.913461, 31.555459], [30.88418, 31.522363], [30.562988, 31.416992], [30.700488, 31.403857], [30.841406, 31.439893], [31.001758, 31.462793], [31.030859, 31.507568], [31.049456, 31.581609], [31.105968, 31.592475], [31.212198, 31.580453], [31.524414, 31.458252], [31.606543, 31.455762], [31.79885, 31.514067], [31.80714, 31.513129], [31.816771, 31.500287], [31.877277, 31.419613], [31.875879, 31.413721], [31.771094, 31.292578], [31.902051, 31.240186], [32.008496, 31.220508], [32.065625, 31.152979], [32.101758, 31.092822], [32.119113, 31.097165], [32.124644, 31.089789], [32.124644, 30.864875], [31.833629, 30.653205], [31.67054, 30.490157], [31.59547, 30.415107], [31.326995, 30.21105], [31.264781, 30.163764], [31.127727, 30.120464], [31.013438, 30.084357], [30.971628, 30.136611]]]}}, {"type": "Feature", "properties": {"NAME": "Lesser Caucasus", "NAME_AR": "القوقاز الصغرى", "FEATURECLA": "Range/mtn", "SCALERANK": 4}, "geometry": {"type": "Polygon", "coordinates": [[[47.18275, 39.931586], [47.190196, 39.875067], [47.174937, 39.671088], [47.18629, 39.563666], [47.20814, 39.445258], [47.222545, 39.329413], [47.211558, 39.22956], [47.143809, 39.127631], [47.042735, 39.077887], [46.924571, 39.060065], [46.804942, 39.053778], [46.570567, 39.026801], [46.455821, 39.026435], [46.332652, 39.053778], [46.158702, 39.131049], [45.991954, 39.229499], [45.67335, 39.443183], [45.324107, 39.641303], [45.216075, 39.718329], [45.133311, 39.805243], [45.066783, 39.90528], [45.01298726800387, 40.0], [47.139569709159495, 40.0], [47.18275, 39.931586]]]}}, {"type": "Feature", "properties": {"NAME": "KUH RUD MOUNTAINS", "NAME_AR": "سلسلة جبال كوه رد", "FEATURECLA": "Range/mtn", "SCALERANK": 4}, "geometry": {"type": "Polygon", "coordinates": [[[55.731578, 28.901801], [55.575938, 28.948432], [55.417979, 29.025153], [54.844615, 29.35163], [54.74879, 29.386176], [54.562755, 29.41767], [54.47755, 29.438178], [54.379039, 29.479865], [54.156505, 29.620429], [53.972301, 29.782904], [53.811656, 29.961982], [53.659679, 30.152533], [53.458995, 30.375861], [53.026744, 30.799079], [52.834605, 31.038336], [52.553722, 31.50019], [52.437266, 31.645636], [52.171397, 31.906256], [52.056895, 32.047614], [51.979747, 32.213935], [51.921275, 32.551398], [51.875743, 32.711615], [51.78004, 32.858893], [51.534679, 33.048651], [51.268687, 33.164435], [50.995128, 33.262763], [50.726451, 33.400397], [50.625499, 33.481818], [50.569102, 33.560614], [50.535533, 33.651435], [50.503307, 33.768805], [50.465953, 33.865485], [50.417491, 33.938422], [50.128551, 34.248175], [49.997691, 34.454047], [49.952891, 34.669745], [50.061656, 34.866156], [50.14088, 34.906378], [50.219859, 34.901557], [50.299205, 34.866461], [50.379283, 34.815741], [50.785167, 34.526252], [50.914928, 34.382514], [51.097179, 34.058417], [51.230846, 33.906256], [51.374156, 33.799689], [51.527476, 33.707343], [52.073741, 33.446479], [52.180797, 33.382514], [52.263927, 33.299262], [52.299693, 33.232795], [52.321544, 33.16297], [52.350597, 33.004767], [52.462901, 32.693366], [52.649181, 32.412909], [53.325572, 31.633673], [54.448009, 30.633612], [54.78773, 30.374945], [55.145152, 30.138068], [55.948253, 29.70362], [56.0, 29.65943598982541], [56.0, 28.958559920726266], [55.92335, 28.914252], [55.731578, 28.901801]]]}}, {"type": "Feature", "properties": {"NAME": "Hadhramaut", "NAME_AR": "حضرموت", "FEATURECLA": "Range/mtn", "SCALERANK": 4}, "geometry": {"type": "Polygon", "coordinates": [[[48.59375, 14.04624], [48.449023, 14.005908], [48.334871, 14.000406], [48.331309, 14.000556], [48.174978, 14.015677], [47.989941, 14.048096], [47.931498, 14.020225], [47.893565, 14.018256], [47.756602, 13.987677], [47.627696, 13.933356], [47.288341, 13.741523], [47.057262, 13.645697], [46.819469, 13.615302], [46.601939, 13.699713], [46.537486, 13.821418], [46.52357, 13.999213], [46.564586, 14.516425], [46.598643, 14.694342], [46.660167, 14.863044], [46.758311, 15.016059], [46.953014, 15.216071], [47.015025, 15.2909], [47.146495, 15.474372], [47.22047, 15.560431], [47.305064, 15.632575], [47.482921, 15.740302], [48.678233, 16.345526], [49.326427, 16.552436], [49.996104, 16.689765], [51.210704, 16.873053], [51.490489, 16.878485], [51.694102, 16.806708], [51.773326, 16.696357], [51.829845, 16.544806], [51.865733, 16.384772], [51.882823, 16.248786], [51.874034, 16.085089], [51.808604, 15.772711], [51.80421, 15.614691], [51.754907, 15.441599], [51.748633, 15.440137], [51.682511, 15.379982], [51.681079, 15.378849], [51.603711, 15.336816], [51.322461, 15.22627], [51.085681, 15.160397], [50.828014, 15.113471], [50.542247, 15.0539], [50.403575, 15.010688], [50.191183, 14.924033], [50.099742, 14.886725], [49.917491, 14.84278], [49.545543, 14.792487], [49.292857, 14.671027], [49.17581, 14.540696], [49.10293, 14.500049], [49.048047, 14.456445], [49.004687, 14.355029], [48.928711, 14.26748], [48.814929, 14.15762], [48.648568, 14.04911], [48.59375, 14.04624]]]}}, {"type": "Feature", "properties": {"NAME": "Banaadir Coast", "NAME_AR": "ساحل بنادر", "FEATURECLA": "Geoarea", "SCALERANK": 4}, "geometry": {"type": "Polygon", "coordinates": [[[50.724864, 10.161261], [50.976207, 10.663947], [51.01588, 11.021125], [50.995839, 11.137339], [50.949718, 11.404792], [51.114624, 11.848716], [51.121354, 11.866834], [51.191309, 11.841992], [51.254883, 11.830713], [51.231836, 11.74502], [51.218164, 11.657666], [51.136328, 11.505127], [51.084277, 11.335645], [51.122266, 11.076758], [51.140625, 10.656885], [51.13125, 10.595898], [51.104883, 10.53584], [51.093848, 10.488525], [51.050781, 10.471973], [51.031836, 10.444775], [51.063184, 10.433936], [51.188281, 10.479736], [51.185547, 10.529834], [51.192969, 10.554639], [51.295703, 10.498682], [51.369141, 10.475244], [51.390234, 10.422607], [51.38457, 10.386523], [51.268164, 10.403125], [51.208789, 10.431055], [51.035938, 10.385156], [50.930078, 10.335547], [50.898438, 10.253125], [50.87942563508687, 10.0], [50.70314513606385, 10.0], [50.724864, 10.161261]]]}}, {"type": "Feature", "properties": {"NAME": "HEJAZ MTS.", "NAME_AR": "جبال الحجاز", "FEATURECLA": "Range/mtn", "SCALERANK": 3}, "geometry": {"type": "Polygon", "coordinates": [[[39.763438, 22.607733], [39.549815, 22.619391], [39.322032, 22.809516], [39.133678, 23.086371], [38.967418, 23.385932], [38.805431, 23.644294], [38.573497, 23.921698], [37.79359, 24.713141], [37.563731, 24.984626], [36.984752, 25.867987], [36.774669, 26.149054], [36.00294, 27.048468], [35.918101, 27.171088], [35.845348, 27.303778], [35.568248, 27.968451], [35.479381, 28.233954], [35.422862, 28.50495], [35.493297, 28.766486], [35.729137, 28.871344], [36.029918, 28.873725], [36.294444, 28.827704], [36.442149, 28.788703], [36.583385, 28.73664], [36.708751, 28.660041], [36.808849, 28.547431], [36.893932, 28.394538], [37.047862, 28.075568], [37.135509, 27.921515], [37.26588, 27.770087], [37.423595, 27.645575], [37.589854, 27.528083], [37.745982, 27.397773], [37.972301, 27.149298], [38.17274, 26.883246], [38.354015, 26.60047], [38.879649, 25.637763], [39.261851, 25.041571], [39.494151, 24.630378], [39.573131, 24.465827], [39.925792, 23.596503], [39.984141, 23.412726], [40.019908, 23.225226], [40.004893, 22.99079], [39.917369, 22.758246], [39.763438, 22.607733]]]}}, {"type": "Feature", "properties": {"NAME": "ASIR MTS.", "NAME_AR": "جبال عسير", "FEATURECLA": "Range/mtn", "SCALERANK": 3}, "geometry": {"type": "Polygon", "coordinates": [[[43.744395, 16.35987], [43.589976, 16.411811], [43.441173, 16.577033], [43.341685, 16.745002], [43.336112, 16.756322], [43.198253, 17.036322], [43.043956, 17.307929], [41.976939, 18.919806], [41.579112, 19.376227], [41.467662, 19.542182], [41.323985, 19.843146], [41.13815, 20.297016], [41.071056, 20.460883], [40.912974, 20.751227], [40.795665, 20.913031], [40.693614, 21.072882], [40.658214, 21.237433], [40.741344, 21.413153], [40.92567, 21.524298], [41.158092, 21.538459], [41.397716, 21.483466], [41.604137, 21.387397], [41.720103, 21.304999], [42.031261, 21.02381], [42.222911, 20.861884], [42.383556, 20.706427], [42.523814, 20.533881], [42.654063, 20.320807], [43.011729, 19.608283], [43.15211, 19.251654], [43.318614, 18.959662], [43.371959, 18.842292], [43.406505, 18.719489], [43.515636, 18.196234], [43.817393, 17.245246], [43.866466, 17.004218], [43.886485, 16.759345], [43.860728, 16.531867], [43.744395, 16.35987]]]}}, {"type": "Feature", "properties": {"NAME": "ELBURZ MTS.", "NAME_AR": "جبال ألبرز", "FEATURECLA": "Range/mtn", "SCALERANK": 3}, "geometry": {"type": "Polygon", "coordinates": [[[52.669078, 36.615363], [52.824962, 36.648444], [52.966197, 36.690863], [53.253795, 36.808173], [53.423717, 36.858466], [53.594249, 36.869635], [53.726178, 36.861985], [53.679492, 36.853125], [53.76875, 36.818457], [53.90625, 36.812695], [53.970117, 36.818311], [54.016211, 36.849658], [54.016554, 36.851987], [54.139903, 36.85578], [54.744029, 36.947882], [54.929332, 36.957648], [55.065196, 36.911811], [55.14149, 36.797492], [55.14857, 36.601874], [55.102428, 36.449164], [55.017467, 36.36164], [54.898692, 36.309882], [54.109386, 36.03675], [53.889537, 35.974189], [53.653941, 35.921637], [53.548961, 35.883795], [53.450572, 35.821906], [53.3296, 35.702155], [53.214732, 35.57215], [53.090953, 35.459906], [52.943736, 35.393561], [52.839122, 35.379706], [52.715953, 35.375067], [52.593394, 35.379645], [52.490489, 35.393439], [52.360606, 35.439765], [52.110484, 35.579718], [51.982555, 35.633246], [51.56129, 35.732062], [51.435802, 35.781806], [51.330821, 35.848029], [51.136974, 35.995673], [51.032237, 36.055365], [50.885753, 36.112799], [50.423473, 36.259101], [50.052013, 36.417182], [49.334849, 36.787909], [48.959972, 36.939032], [48.596812, 37.035407], [48.386241, 37.120917], [48.234752, 37.252997], [48.184947, 37.425849], [48.279674, 37.633857], [48.311168, 37.67005], [48.4463, 37.790656], [48.584483, 37.853278], [48.731944, 37.848334], [48.894786, 37.76612], [49.341563, 37.469367], [49.500255, 37.387519], [49.670177, 37.324591], [50.002818, 37.229682], [50.757579, 36.85102], [51.370494, 36.651435], [52.006602, 36.568488], [52.669078, 36.615363]]]}}, {"type": "Feature", "properties": {"NAME": "GREAT RIFT VALLEY", "NAME_AR": "الوادي المتصدع الكبير", "FEATURECLA": "Valley", "SCALERANK": 3}, "geometry": {"type": "Polygon", "coordinates": [[[39.916637, 10.928534], [39.943126, 11.497382], [39.823985, 11.775214], [39.876964, 12.926154], [40.130202, 13.458048], [40.14149, 13.481757], [40.099365, 13.634956], [39.930066, 14.250651], [39.853273, 14.52993], [39.850474, 14.540107], [39.850474, 14.751746], [39.850474, 14.884901], [39.850474, 15.016364], [39.846883, 15.036473], [39.818018, 15.198078], [39.819434, 15.20127], [39.815625, 15.245313], [39.803053, 15.281864], [39.793865, 15.333306], [39.80357, 15.37303], [40.072351, 15.18104], [40.084082, 15.151953], [40.204102, 15.014111], [40.305273, 14.974023], [40.369007, 14.969139], [41.541065, 14.131939], [41.542031, 14.131249], [41.57089, 14.110636], [41.658203, 13.983057], [41.925014, 13.803303], [42.321691, 13.409897], [42.334663, 13.397031], [42.35156, 13.380273], [42.399316, 13.212598], [42.512426, 13.220734], [42.60426, 13.129656], [42.617542, 13.116484], [42.746458, 12.988632], [42.796191, 12.864258], [42.908337, 12.828087], [42.918952, 12.817559], [43.316098, 12.423688], [43.328224, 12.411661], [43.343028, 12.385543], [43.343028, 12.371406], [43.343028, 12.042288], [43.343028, 12.036311], [43.336719, 12.027002], [43.27207, 11.969531], [43.048047, 11.829053], [42.799023, 11.739404], [42.640039, 11.560107], [42.521777, 11.572168], [42.539746, 11.504297], [42.583789, 11.496777], [42.652734, 11.50957], [42.789746, 11.561719], [42.911523, 11.586621], [43.042773, 11.588477], [43.161719, 11.566016], [43.245996, 11.499805], [43.441211, 11.346436], [43.631152, 11.035449], [43.852734, 10.784277], [44.071351, 10.61717], [44.176402, 10.478766], [43.634044, 10.227362], [43.36713837837376, 10.0], [39.972586394919226, 10.0], [39.916637, 10.928534]]]}}, {"type": "Feature", "properties": {"NAME": "WESTERN DESERT", "NAME_AR": "الصحراء الغربية في مصر", "FEATURECLA": "Desert", "SCALERANK": 3}, "geometry": {"type": "Polygon", "coordinates": [[[29.968272, 30.150519], [30.709117, 30.163764], [30.914156, 30.142555], [30.971628, 30.136611], [31.127727, 30.120464], [31.177019, 30.115366], [31.220714, 30.110846], [31.282359, 29.678656], [31.242051, 29.411171], [31.211925, 29.211249], [31.041629, 28.991538], [30.938487, 28.858466], [30.735606, 28.338141], [30.736584, 28.313608], [30.737291, 28.295879], [30.744395, 28.117621], [30.841441, 27.853034], [30.841441, 27.456122], [31.035411, 27.30622], [31.344127, 27.059272], [31.555797, 26.768256], [32.014415, 26.221442], [32.270274, 26.053839], [32.663661, 26.140424], [32.711192, 26.150885], [32.714244, 26.115156], [32.733343, 25.891534], [32.737559, 25.84217], [32.722353, 25.825514], [32.552379, 25.63935], [32.550551, 25.628008], [32.523269, 25.458725], [32.508311, 25.365912], [32.587657, 25.21601], [32.878795, 25.021979], [32.540998, 25.015015], [31.3838, 24.991156], [28.976085, 24.872077], [28.070125, 24.849284], [28.0, 24.847519797860258], [28.0, 30.29776080703049], [28.976085, 30.243109], [29.968272, 30.150519]]]}}, {"type": "Feature", "properties": {"NAME": "NUBIAN DESERT", "NAME_AR": "صحراء النوبة", "FEATURECLA": "Desert", "SCALERANK": 3}, "geometry": {"type": "Polygon", "coordinates": [[[34.810191, 18.424994], [34.201671, 17.878241], [33.990001, 17.781256], [33.990001, 17.834174], [33.923839, 18.323615], [33.737901, 18.629761], [33.698863, 18.694037], [33.593028, 18.773444], [33.576736, 19.059544], [33.566661, 19.236457], [33.05067, 19.553961], [32.508311, 19.130622], [32.018809, 18.813117], [31.873302, 18.588202], [31.567714, 18.196701], [31.449962, 18.045844], [31.396073, 18.05684], [30.801768, 18.178107], [30.497447, 18.905707], [30.39728, 19.551502], [30.378429, 19.673041], [30.365123, 20.30799], [30.53712, 20.969489], [31.14564, 21.630927], [31.410289, 22.001349], [31.520375, 22.120274], [31.520518, 22.120429], [34.439931, 22.067593], [35.908065, 22.041022], [36.843937, 22.024084], [36.866479, 22.023676], [36.87041, 22.015771], [36.871387, 21.996729], [36.882617, 21.768799], [36.926953, 21.586523], [37.075789, 21.335086], [37.085582, 21.300177], [37.145215, 20.57218], [37.209117, 19.79206], [36.688731, 19.730292], [35.983165, 19.333441], [34.810191, 18.424994]]]}}, {"type": "Feature", "properties": {"NAME": "LIBYAN DESERT", "NAME_AR": "الصحراء الليبية", "FEATURECLA": "Desert", "SCALERANK": 3}, "geometry": {"type": "Polygon", "coordinates": [[[28.213995, 31.076262], [28.815596, 30.894834], [29.002574, 30.838446], [29.012048, 30.837797], [29.054836, 30.834866], [29.07207, 30.830273], [29.101129, 30.831694], [29.968272, 30.772284], [30.702705, 30.44304], [30.735606, 30.42829], [30.740829, 30.419932], [30.914156, 30.142555], [30.933971, 30.110846], [30.960938, 30.07406], [31.079478, 29.91236], [31.066295, 29.449347], [30.828136, 29.078925], [30.603282, 28.602729], [30.629771, 27.861884], [30.695933, 27.438544], [31.185313, 26.909369], [31.582286, 26.406684], [32.071666, 25.903937], [32.495006, 25.864264], [32.309825, 25.454169], [32.540998, 25.015015], [32.574474, 24.951422], [32.719981, 24.184149], [32.812511, 23.668219], [32.62733, 23.482978], [32.825816, 23.390387], [32.349498, 22.676032], [32.164317, 22.808295], [31.635142, 22.636359], [31.35731, 22.146857], [31.039806, 21.538336], [30.32545, 20.784247], [30.298961, 19.818549], [30.34549, 19.539478], [30.457774, 18.866034], [30.74879, 18.151679], [31.317638, 17.992926], [31.396073, 18.05684], [31.567714, 18.196701], [32.031993, 18.575019], [33.010997, 19.501044], [33.540172, 19.15705], [33.576736, 19.059544], [33.737901, 18.629761], [33.937022, 18.098761], [33.990001, 17.648932], [33.698863, 16.881659], [32.587657, 16.352484], [32.501925, 15.623499], [32.472646, 15.374536], [32.43071, 15.017948], [32.428966, 15.003119], [32.426704, 14.999916], [32.333845, 14.868408], [32.17107, 14.637883], [32.111339, 14.55329], [32.155254, 14.455338], [32.404435, 13.899543], [32.586886, 13.492591], [32.74379, 13.14262], [32.775766, 13.071296], [32.799327, 13.018744], [32.788338, 12.899413], [32.614146, 11.00788], [32.058482, 10.452277], [32.296641, 10.081855], [32.2026588694037, 10.0], [28.0, 10.0], [28.0, 31.094629215938834], [28.213995, 31.076262]]]}}, {"type": "Feature", "properties": {"NAME": "SYRIAN DESERT", "NAME_AR": "بادية الشام", "FEATURECLA": "Desert", "SCALERANK": 3}, "geometry": {"type": "Polygon", "coordinates": [[[40.240123, 30.470526], [39.971446, 30.490485], [39.184947, 30.622077], [38.935557, 30.694892], [38.692027, 30.786078], [38.450206, 30.892707], [38.346202, 30.931464], [38.14702, 30.978899], [38.034557, 31.005683], [37.972789, 31.032721], [37.913341, 31.069281], [37.486705, 31.37403], [37.335582, 31.498786], [37.20399, 31.632941], [37.084605, 31.78321], [36.985606, 31.938483], [36.911876, 32.106452], [36.868663, 32.294928], [36.857921, 32.570563], [36.891368, 32.849982], [36.960826, 33.123847], [37.058116, 33.382636], [37.227672, 33.615058], [37.467662, 33.764289], [37.745372, 33.853949], [38.028209, 33.907599], [39.37318, 34.009467], [39.912364, 34.055243], [39.989513, 34.070929], [40.140636, 34.112921], [40.218272, 34.124945], [40.462779, 34.120063], [40.713145, 34.082038], [42.205699, 33.701483], [42.290538, 33.664984], [42.521983, 33.534919], [42.630015, 33.482611], [42.67982, 33.453803], [42.729991, 33.410102], [42.969127, 33.119452], [43.057994, 33.038336], [43.247569, 32.885993], [43.334239, 32.801642], [43.45692, 32.618354], [43.525645, 32.413764], [43.545055, 32.198004], [43.519786, 31.981208], [43.457652, 31.786994], [43.36671, 31.618964], [43.251964, 31.461127], [43.033214, 31.195258], [42.950328, 31.110663], [42.856456, 31.039679], [42.829472, 31.025731], [42.737315, 30.978095], [42.633311, 30.938727], [42.525401, 30.907233], [41.268443, 30.691718], [40.760875, 30.538214], [40.503307, 30.483954], [40.240123, 30.470526]]]}}, {"type": "Feature", "properties": {"NAME": "Mesopotamia", "NAME_AR": "بلاد الرافدين", "FEATURECLA": "Geoarea", "SCALERANK": 3}, "geometry": {"type": "MultiPolygon", "coordinates": [[[[43.315562, 35.7956], [43.308726, 35.7956], [43.308983, 35.796093], [43.315562, 35.7956]]], [[[43.298473, 35.796881], [43.290294, 35.790351], [43.287852, 35.777899], [43.287486, 35.744879], [43.288219, 35.736579], [43.291637, 35.730414], [43.31837, 35.714179], [43.322398, 35.709906], [43.318492, 35.695502], [43.308604, 35.690985], [43.295177, 35.690131], [43.280772, 35.686347], [43.273204, 35.678778], [43.258189, 35.656806], [43.241222, 35.64588], [43.24818, 35.631415], [43.2671, 35.607245], [43.265758, 35.598212], [43.262706, 35.591132], [43.254039, 35.577094], [43.248668, 35.570929], [43.244273, 35.570136], [43.241222, 35.567389], [43.240489, 35.555426], [43.249156, 35.531623], [43.265391, 35.501532], [43.27589, 35.472724], [43.2671, 35.452948], [43.271739, 35.443793], [43.271129, 35.438178], [43.268687, 35.432257], [43.2671, 35.422248], [43.269298, 35.412726], [43.273936, 35.407477], [43.278575, 35.404608], [43.280772, 35.402045], [43.285655, 35.394538], [43.311168, 35.371649], [43.322398, 35.363593], [43.350352, 35.354193], [43.364757, 35.346259], [43.370738, 35.333503], [43.369762, 35.330756], [43.366954, 35.329657], [43.363414, 35.32862], [43.359874, 35.326361], [43.3567, 35.320197], [43.358897, 35.316352], [43.362315, 35.313117], [43.363292, 35.308966], [43.359752, 35.294318], [43.356578, 35.288153], [43.350352, 35.281684], [43.4015, 35.274604], [43.422374, 35.266669], [43.41859, 35.247504], [43.409923, 35.242621], [43.39857, 35.239569], [43.388805, 35.234565], [43.38441, 35.223639], [43.388194, 35.214728], [43.396983, 35.202216], [43.406993, 35.190924], [43.414928, 35.186103], [43.480601, 35.127753], [43.493663, 35.111884], [43.519908, 35.101874], [43.539928, 35.090155], [43.534679, 35.069403], [43.562022, 35.054084], [43.577037, 35.042792], [43.583629, 35.031867], [43.580577, 35.014899], [43.572642, 34.998114], [43.562389, 34.985175], [43.552013, 34.979987], [43.542491, 34.971503], [43.530162, 34.952704], [43.521983, 34.933966], [43.525035, 34.92536], [43.539073, 34.918586], [43.540538, 34.902289], [43.539317, 34.882941], [43.545543, 34.867011], [43.553355, 34.862372], [43.558604, 34.861212], [43.561656, 34.857978], [43.564342, 34.836859], [43.568492, 34.828376], [43.576182, 34.816169], [43.577403, 34.806098], [43.57606, 34.797126], [43.577281, 34.790717], [43.594615, 34.786811], [43.600352, 34.783271], [43.610973, 34.774604], [43.619762, 34.772406], [43.628673, 34.771918], [43.635509, 34.768561], [43.638316, 34.757819], [43.640147, 34.744879], [43.644664, 34.743537], [43.651256, 34.745185], [43.658824, 34.741034], [43.668101, 34.728522], [43.675792, 34.714057], [43.676524, 34.700995], [43.66505, 34.692633], [43.671275, 34.68299], [43.688487, 34.670295], [43.693492, 34.66474], [43.695811, 34.656073], [43.693492, 34.627448], [43.696666, 34.615668], [43.710216, 34.597968], [43.71339, 34.586493], [43.713878, 34.56391], [43.716075, 34.554816], [43.720836, 34.548041], [43.739024, 34.539557], [43.756602, 34.537177], [43.769542, 34.530951], [43.774913, 34.510749], [43.781749, 34.373908], [43.784923, 34.365058], [43.798961, 34.351935], [43.802135, 34.346259], [43.803722, 34.338324], [43.820445, 34.299994], [43.824474, 34.294501], [43.827647, 34.287543], [43.829478, 34.274298], [43.828746, 34.264655], [43.823741, 34.248603], [43.822642, 34.236701], [43.829234, 34.22425], [43.86024, 34.196967], [43.870494, 34.185553], [43.886607, 34.145697], [43.894664, 34.13404], [43.928477, 34.10694], [43.971202, 34.086554], [43.987804, 34.082465], [44.092784, 34.072943], [44.148448, 34.060858], [44.185924, 34.058722], [44.194835, 34.057135], [44.203502, 34.053839], [44.209727, 34.049506], [44.221202, 34.039191], [44.227428, 34.034919], [44.233531, 34.033454], [44.239024, 34.034857], [44.249156, 34.04151], [44.270396, 34.047919], [44.29127, 34.042853], [44.331065, 34.020819], [44.377696, 34.00257], [44.427867, 33.964728], [44.43983, 33.952216], [44.44752, 33.936713], [44.450816, 33.917548], [44.44984, 33.89881], [44.44398, 33.881354], [44.409801, 33.836676], [44.391124, 33.793891], [44.389171, 33.784857], [44.389049, 33.775641], [44.39149, 33.766669], [44.396739, 33.758185], [44.403453, 33.751044], [44.42335, 33.73432], [44.425792, 33.730231], [44.42567, 33.725898], [44.411632, 33.707221], [44.407725, 33.699897], [44.39088, 33.638739], [44.385265, 33.631049], [44.37733, 33.626593], [44.366099, 33.6258], [44.354015, 33.626593], [44.342662, 33.626044], [44.33192, 33.622565], [44.322398, 33.61463], [44.319591, 33.604621], [44.328258, 33.585639], [44.32606, 33.575385], [44.312999, 33.562323], [44.309947, 33.557074], [44.308482, 33.551337], [44.308116, 33.533393], [44.305186, 33.515876], [44.30482, 33.510016], [44.305186, 33.504279], [44.310924, 33.482306], [44.313121, 33.477362], [44.316173, 33.473029], [44.320201, 33.469306], [44.336558, 33.460517], [44.341563, 33.456855], [44.348155, 33.446418], [44.348643, 33.435675], [44.342906, 33.41297], [44.342784, 33.406073], [44.344493, 33.39997], [44.347667, 33.394477], [44.35255, 33.389716], [44.362193, 33.382941], [44.366588, 33.379096], [44.369762, 33.374091], [44.376231, 33.34986], [44.390269, 33.326728], [44.383433, 33.32331], [44.378184, 33.318183], [44.375499, 33.311652], [44.375621, 33.3039], [44.379527, 33.295966], [44.385753, 33.290473], [44.393687, 33.287116], [44.402232, 33.285468], [44.41212, 33.285468], [44.417003, 33.286261], [44.434337, 33.292548], [44.438853, 33.293036], [44.447765, 33.290351], [44.451671, 33.284064], [44.454967, 33.267462], [44.458018, 33.261847], [44.462413, 33.257636], [44.467662, 33.254462], [44.473399, 33.252021], [44.483653, 33.24494], [44.489268, 33.234259], [44.490977, 33.221625], [44.489513, 33.208869], [44.488536, 33.206244], [44.48585, 33.201728], [44.484874, 33.199164], [44.483287, 33.187018], [44.484141, 33.179938], [44.486705, 33.174262], [44.491099, 33.170233], [44.497813, 33.168036], [44.508433, 33.167426], [44.511851, 33.166754], [44.51588, 33.165229], [44.526988, 33.158881], [44.550426, 33.137397], [44.556163, 33.130133], [44.56068, 33.122199], [44.568492, 33.099189], [44.570689, 33.084784], [44.572765, 33.079169], [44.576305, 33.074103], [44.580943, 33.070929], [44.586803, 33.071295], [44.591319, 33.074469], [44.594981, 33.078742], [44.59901, 33.082282], [44.604381, 33.083197], [44.612071, 33.078437], [44.618175, 33.068976], [44.62672, 33.049384], [44.631969, 33.040351], [44.638438, 33.033026], [44.646251, 33.027045], [44.655406, 33.021674], [44.66566, 33.01734], [44.677013, 33.01435], [44.688365, 33.013922], [44.698863, 33.01734], [44.710338, 33.025336], [44.714854, 33.026862], [44.720348, 33.027655], [44.727061, 33.027899], [44.733409, 33.027045], [44.738292, 33.02442], [44.740977, 33.01496], [44.735973, 33.004279], [44.728526, 32.99372], [44.724132, 32.984565], [44.724742, 32.979132], [44.727794, 32.975409], [44.732677, 32.973212], [44.73817, 32.972296], [44.744273, 32.972968], [44.748912, 32.975348], [44.756969, 32.983344], [44.766734, 32.989203], [44.776012, 32.987677], [44.784679, 32.981574], [44.806407, 32.961005], [44.81422, 32.958564], [44.82252, 32.963263], [44.829356, 32.971381], [44.833629, 32.973639], [44.839244, 32.973273], [44.844493, 32.97016], [44.848033, 32.965399], [44.852306, 32.954169], [44.858043, 32.944342], [44.865733, 32.9383], [44.875133, 32.935431], [44.896739, 32.933783], [44.907115, 32.929999], [44.916759, 32.924445], [44.925548, 32.918097], [44.933971, 32.909735], [44.948497, 32.890815], [44.957408, 32.882636], [44.969005, 32.877204], [44.980479, 32.876288], [44.991954, 32.878913], [45.031383, 32.899298], [45.041392, 32.901557], [45.05067, 32.900397], [45.059825, 32.896003], [45.065562, 32.8888], [45.06422, 32.879157], [45.055797, 32.872138], [45.033458, 32.865241], [45.026134, 32.857917], [45.026744, 32.847846], [45.034312, 32.838324], [45.090587, 32.793952], [45.096812, 32.79029], [45.103404, 32.787482], [45.11024, 32.786505], [45.117198, 32.788275], [45.130382, 32.794928], [45.136729, 32.795661], [45.144786, 32.793158], [45.163585, 32.782416], [45.170299, 32.779792], [45.178477, 32.778266], [45.267223, 32.775519], [45.278697, 32.767401], [45.279063, 32.753241], [45.273448, 32.737372], [45.257335, 32.710211], [45.254283, 32.702094], [45.255626, 32.694648], [45.261851, 32.690375], [45.270274, 32.690009], [45.28651, 32.693488], [45.293712, 32.694037], [45.299937, 32.693], [45.305797, 32.690314], [45.311656, 32.686042], [45.316661, 32.680793], [45.320079, 32.675299], [45.32484, 32.662543], [45.328868, 32.65467], [45.334605, 32.649176], [45.341807, 32.64704], [45.350352, 32.649176], [45.357677, 32.652472], [45.364513, 32.653998], [45.371226, 32.653144], [45.378673, 32.649359], [45.389415, 32.639228], [45.396861, 32.626899], [45.415538, 32.5857], [45.419688, 32.579535], [45.426158, 32.574774], [45.435191, 32.571601], [45.439952, 32.570868], [45.444591, 32.571418], [45.447642, 32.573004], [45.449962, 32.575324], [45.454478, 32.580695], [45.462047, 32.585822], [45.502574, 32.596747], [45.507213, 32.596991], [45.511485, 32.596381], [45.51356, 32.59571], [45.515514, 32.594672], [45.518565, 32.591498], [45.521129, 32.590277], [45.523082, 32.588935], [45.524425, 32.587897], [45.524913, 32.587409], [45.526744, 32.584479], [45.529063, 32.577887], [45.528697, 32.568427], [45.52003, 32.551398], [45.520396, 32.54206], [45.526134, 32.53559], [45.534679, 32.53321], [45.543956, 32.534186], [45.552013, 32.537421], [45.566661, 32.549872], [45.574474, 32.554999], [45.584239, 32.556708], [45.589244, 32.554755], [45.592662, 32.550788], [45.595714, 32.546149], [45.59901, 32.54206], [45.605235, 32.53913], [45.613048, 32.537909], [45.620982, 32.538153], [45.627574, 32.539496], [45.633556, 32.543158], [45.647594, 32.559882], [45.654185, 32.56391], [45.660411, 32.565131], [45.692393, 32.559821], [45.698009, 32.557196], [45.706065, 32.549201], [45.717174, 32.529975], [45.72523, 32.52265], [45.730479, 32.520026], [45.735606, 32.518744], [45.740611, 32.519049], [45.779185, 32.532904], [45.784923, 32.533576], [45.791026, 32.532538], [45.795909, 32.529853], [45.799327, 32.525946], [45.806773, 32.512152], [45.812022, 32.507086], [45.818614, 32.507636], [45.831432, 32.513617], [45.840831, 32.526557], [45.851329, 32.537665], [45.86378, 32.546393], [45.892955, 32.555976], [45.900523, 32.556952], [45.907237, 32.555915], [45.913585, 32.55329], [45.919444, 32.551581], [45.925059, 32.552375], [45.930553, 32.557013], [45.93275, 32.561469], [45.936778, 32.576483], [45.941051, 32.586432], [45.94752, 32.596747], [45.955577, 32.605658], [45.96461, 32.611396], [45.976451, 32.614569], [46.030772, 32.62342], [46.035777, 32.626349], [46.047618, 32.637702], [46.052623, 32.640631], [46.095714, 32.654364], [46.104015, 32.655707], [46.140514, 32.651313], [46.161754, 32.642035], [46.176402, 32.630988], [46.206309, 32.584662], [46.218883, 32.573554], [46.233653, 32.566352], [46.249644, 32.562018], [46.296886, 32.555732], [46.3119, 32.551337], [46.335704, 32.534186], [46.348765, 32.529425], [46.398204, 32.525153], [46.465099, 32.531867], [46.481456, 32.530524], [46.496837, 32.52674], [46.555308, 32.505439], [46.635509, 32.493598], [46.651378, 32.487555], [46.663097, 32.480536], [46.672862, 32.471869], [46.747691, 32.368354], [46.7494, 32.359381], [46.747447, 32.35102], [46.740489, 32.344977], [46.723399, 32.338629], [46.715831, 32.334174], [46.709849, 32.326911], [46.706798, 32.319342], [46.705455, 32.311591], [46.705821, 32.303656], [46.708263, 32.295844], [46.717784, 32.277838], [46.721324, 32.268561], [46.72169, 32.258429], [46.719127, 32.249762], [46.71461, 32.242377], [46.708751, 32.23609], [46.701671, 32.230597], [46.693492, 32.221991], [46.691783, 32.212531], [46.694957, 32.20246], [46.71107, 32.175788], [46.713145, 32.169745], [46.713878, 32.16474], [46.714122, 32.149359], [46.715587, 32.138739], [46.719371, 32.12995], [46.725963, 32.122931], [46.73524, 32.11756], [46.757213, 32.11048], [46.7671, 32.105292], [46.774303, 32.096625], [46.780772, 32.08277], [46.784068, 32.078986], [46.788951, 32.076361], [46.794322, 32.075385], [46.799815, 32.075751], [46.823619, 32.080756], [46.829845, 32.080573], [46.836803, 32.079047], [46.843761, 32.076545], [46.856212, 32.069525], [46.862682, 32.0633], [46.866588, 32.055976], [46.893565, 31.96308], [46.899181, 31.949713], [46.906261, 31.938056], [46.948253, 31.894416], [46.9546, 31.879096], [46.965343, 31.870429], [46.989024, 31.863471], [47.012706, 31.864264], [47.02357, 31.879096], [47.03419, 31.880194], [47.083751, 31.891852], [47.098643, 31.89704], [47.109508, 31.884101], [47.123057, 31.875739], [47.134654, 31.865058], [47.139659, 31.845221], [47.137462, 31.834113], [47.128184, 31.820807], [47.125987, 31.811103], [47.127818, 31.798407], [47.131969, 31.789191], [47.136485, 31.781501], [47.139659, 31.773505], [47.143809, 31.730414], [47.149669, 31.712592], [47.183238, 31.696479], [47.191539, 31.676703], [47.194224, 31.642585], [47.205211, 31.630683], [47.221202, 31.621894], [47.235728, 31.610602], [47.242076, 31.591681], [47.28358, 31.532721], [47.292247, 31.528693], [47.314586, 31.523078], [47.323863, 31.51966], [47.335948, 31.51203], [47.355357, 31.488959], [47.3744, 31.473761], [47.379893, 31.465033], [47.376109, 31.454535], [47.369395, 31.442511], [47.369395, 31.431342], [47.375499, 31.4206], [47.386607, 31.409796], [47.399913, 31.401679], [47.414073, 31.395331], [47.426158, 31.387885], [47.433726, 31.376288], [47.435069, 31.357001], [47.427745, 31.345038], [47.418468, 31.335822], [47.413951, 31.324774], [47.425914, 31.285773], [47.437022, 31.264472], [47.441051, 31.248664], [47.442393, 31.232123], [47.441173, 31.217963], [47.42628, 31.182074], [47.427623, 31.170844], [47.441173, 31.157538], [47.453746, 31.154608], [47.455577, 31.150397], [47.437511, 31.132697], [47.422862, 31.110114], [47.422374, 31.109565], [47.421275, 31.108649], [47.420787, 31.108161], [47.421886, 31.098944], [47.426524, 31.094855], [47.431529, 31.091437], [47.433726, 31.084235], [47.428477, 31.051703], [47.427867, 31.036017], [47.433726, 31.020026], [47.436534, 31.01734], [47.433116, 31.017646], [47.410411, 31.012152], [47.336314, 30.981086], [47.320811, 30.977851], [47.314464, 30.973883], [47.306895, 30.956122], [47.297252, 30.951117], [47.286021, 30.953315], [47.266368, 30.967108], [47.255748, 30.971625], [47.233653, 30.97248], [47.163219, 30.964789], [47.117686, 30.966193], [47.031627, 30.979499], [47.008922, 30.980536], [46.992198, 30.974677], [46.971934, 30.963324], [46.950328, 30.961066], [46.74818, 30.963019], [46.56422, 30.903327], [46.547252, 30.891547], [46.536021, 30.885443], [46.523204, 30.882819], [46.511363, 30.884833], [46.489513, 30.893866], [46.478526, 30.89588], [46.467174, 30.903022], [46.427013, 30.951117], [46.362926, 30.966559], [46.310313, 30.998297], [46.302867, 31.004462], [46.283702, 31.02619], [46.251842, 31.045661], [46.168468, 31.056464], [46.104259, 31.073127], [46.094981, 31.07746], [46.086314, 31.09162], [46.060191, 31.115607], [46.056041, 31.117865], [46.049327, 31.122748], [46.040416, 31.127509], [46.029185, 31.129279], [46.008433, 31.127021], [46.000865, 31.123236], [45.995738, 31.115607], [45.98524, 31.120551], [45.974376, 31.122504], [45.943736, 31.123114], [45.919932, 31.129279], [45.907848, 31.130255], [45.89442, 31.129889], [45.883433, 31.131842], [45.878917, 31.139472], [45.873302, 31.144355], [45.860606, 31.149543], [45.814708, 31.162299], [45.802013, 31.16352], [45.796397, 31.15998], [45.790538, 31.154059], [45.778087, 31.159003], [45.766124, 31.167182], [45.762218, 31.170844], [45.743053, 31.177558], [45.72462, 31.179084], [45.706187, 31.174628], [45.687266, 31.163398], [45.666392, 31.18006], [45.616588, 31.207343], [45.593516, 31.214911], [45.583507, 31.208075], [45.578136, 31.202521], [45.566539, 31.204474], [45.549449, 31.211798], [45.528819, 31.252753], [45.528941, 31.263861], [45.531505, 31.277411], [45.531871, 31.288947], [45.525401, 31.293769], [45.503184, 31.294745], [45.493053, 31.297675], [45.484508, 31.303656], [45.474376, 31.308661], [45.462901, 31.306403], [45.451182, 31.301886], [45.440196, 31.299933], [45.40919, 31.311042], [45.336192, 31.326728], [45.301402, 31.328742], [45.268809, 31.334723], [45.257335, 31.334784], [45.249156, 31.333014], [45.234752, 31.327887], [45.213756, 31.32331], [45.198497, 31.317939], [45.189342, 31.306281], [45.18629, 31.282843], [45.177989, 31.285163], [45.158946, 31.303229], [45.138316, 31.317267], [45.124889, 31.307379], [45.109752, 31.313483], [45.089244, 31.316901], [45.068614, 31.323798], [45.050304, 31.333503], [45.042247, 31.344672], [45.033458, 31.362616], [45.01234, 31.370429], [44.966563, 31.376288], [44.901988, 31.394538], [44.875011, 31.396125], [44.852916, 31.403022], [44.842784, 31.419562], [44.835826, 31.440009], [44.823741, 31.458258], [44.816539, 31.46247], [44.807872, 31.464545], [44.786021, 31.465033], [44.7765, 31.469306], [44.764415, 31.488105], [44.758433, 31.492377], [44.739513, 31.496466], [44.692638, 31.51734], [44.67921, 31.526496], [44.64857, 31.564032], [44.639903, 31.569648], [44.632335, 31.572821], [44.62672, 31.578559], [44.624522, 31.591681], [44.613902, 31.601264], [44.549571, 31.622077], [44.510387, 31.645758], [44.494151, 31.660407], [44.487437, 31.673896], [44.484752, 31.687506], [44.47401, 31.705695], [44.473765, 31.71894], [44.47877, 31.727973], [44.496349, 31.741523], [44.500987, 31.746222], [44.504039, 31.767096], [44.49879, 31.784369], [44.491222, 31.800482], [44.487437, 31.817633], [44.485362, 31.880072], [44.479015, 31.916205], [44.479259, 31.926825], [44.47755, 31.936835], [44.470348, 31.947943], [44.463512, 31.956244], [44.45814, 31.964911], [44.4546, 31.9737], [44.453258, 31.982062], [44.446422, 32.003058], [44.430431, 32.022406], [44.39796, 32.054084], [44.394786, 32.063544], [44.391978, 32.077216], [44.38795, 32.089667], [44.36085, 32.113227], [44.357066, 32.119269], [44.344493, 32.184149], [44.343394, 32.204901], [44.35377, 32.249457], [44.354015, 32.275763], [44.340343, 32.287421], [44.333507, 32.297065], [44.316173, 32.35578], [44.295299, 32.390448], [44.287852, 32.411322], [44.292735, 32.427741], [44.302379, 32.447699], [44.295299, 32.467719], [44.239024, 32.537482], [44.222423, 32.571479], [44.220225, 32.608832], [44.255504, 32.717353], [44.264903, 32.725653], [44.265636, 32.736518], [44.270518, 32.76081], [44.278575, 32.786322], [44.289317, 32.800788], [44.270763, 32.832953], [44.264171, 32.847968], [44.261485, 32.866278], [44.25294, 32.880683], [44.214854, 32.889777], [44.206309, 32.907538], [44.205333, 32.919623], [44.202037, 32.926764], [44.194957, 32.930243], [44.182872, 32.931098], [44.175182, 32.935553], [44.174815, 32.945807], [44.179454, 32.965277], [44.178233, 32.987494], [44.174327, 33.00257], [44.158458, 33.033515], [44.146251, 33.026923], [44.138316, 33.031989], [44.124278, 33.055243], [44.097057, 33.081977], [44.110606, 33.081977], [44.101939, 33.090583], [44.075328, 33.100531], [44.069591, 33.106147], [44.066783, 33.114142], [44.058849, 33.122382], [44.047984, 33.128485], [44.035533, 33.130378], [44.04005, 33.138251], [44.047862, 33.140387], [44.069591, 33.137213], [44.069591, 33.143378], [44.053477, 33.147895], [44.019542, 33.161628], [44.004161, 33.164496], [44.000621, 33.165717], [43.995372, 33.16828], [43.98878, 33.170661], [43.980357, 33.171332], [43.971812, 33.168586], [43.964, 33.159125], [43.956065, 33.15705], [43.936046, 33.169684], [43.922862, 33.194831], [43.906749, 33.213324], [43.87794, 33.206061], [43.887706, 33.193488], [43.878917, 33.182929], [43.860728, 33.184027], [43.843028, 33.206061], [43.841319, 33.224494], [43.842174, 33.245429], [43.836558, 33.261847], [43.815807, 33.266913], [43.817271, 33.259467], [43.815807, 33.258429], [43.815807, 33.253241], [43.80836, 33.253241], [43.803844, 33.261176], [43.799815, 33.279425], [43.792247, 33.292731], [43.789439, 33.299933], [43.785167, 33.304755], [43.778087, 33.307318], [43.76649, 33.300727], [43.761241, 33.301703], [43.755626, 33.312506], [43.757213, 33.339057], [43.754405, 33.350104], [43.747203, 33.355475], [43.740977, 33.352729], [43.736583, 33.345099], [43.734508, 33.335761], [43.727061, 33.335761], [43.714122, 33.353827], [43.69337, 33.373297], [43.668712, 33.389472], [43.644542, 33.397834], [43.64088, 33.380378], [43.630382, 33.374701], [43.607555, 33.376776], [43.610484, 33.380561], [43.606456, 33.389167], [43.597179, 33.398566], [43.583629, 33.404731], [43.575206, 33.39881], [43.566295, 33.401984], [43.558849, 33.411566], [43.555186, 33.424567], [43.536021, 33.410468], [43.526988, 33.406256], [43.510997, 33.404731], [43.494762, 33.405158], [43.483775, 33.40821], [43.480357, 33.416327], [43.486827, 33.432013], [43.480601, 33.432013], [43.480601, 33.424567], [43.469737, 33.426886], [43.455943, 33.426337], [43.444102, 33.429145], [43.439098, 33.441962], [43.436656, 33.451667], [43.430675, 33.45185], [43.422984, 33.448065], [43.414928, 33.445685], [43.411754, 33.447455], [43.404185, 33.455939], [43.398082, 33.458686], [43.398204, 33.458319], [43.398204, 33.457526], [43.398326, 33.457099], [43.39503, 33.454413], [43.389781, 33.452277], [43.38441, 33.45246], [43.377818, 33.45716], [43.365001, 33.469855], [43.356456, 33.472968], [43.341075, 33.469611], [43.307872, 33.450202], [43.284434, 33.445685], [43.264537, 33.450385], [43.248546, 33.461493], [43.234386, 33.47486], [43.168712, 33.520148], [43.139415, 33.532599], [43.118541, 33.538153], [43.097057, 33.53443], [43.083507, 33.519477], [43.075572, 33.502265], [43.065562, 33.495002], [43.03065, 33.522895], [43.010875, 33.533759], [42.990489, 33.537299], [42.973643, 33.527594], [42.963023, 33.530768], [42.937144, 33.529975], [42.931895, 33.531012], [42.930553, 33.543524], [42.926646, 33.549384], [42.887218, 33.579474], [42.86378, 33.623847], [42.849864, 33.636908], [42.801646, 33.66474], [42.778209, 33.693854], [42.761974, 33.705695], [42.747081, 33.69892], [42.726695, 33.708441], [42.718761, 33.713568], [42.712169, 33.719367], [42.725719, 33.730414], [42.73878, 33.737738], [42.747325, 33.74787], [42.747081, 33.767157], [42.740489, 33.774237], [42.729259, 33.781623], [42.719859, 33.792121], [42.719005, 33.808173], [42.732921, 33.823065], [42.752574, 33.837592], [42.759166, 33.854621], [42.733287, 33.877021], [42.679332, 33.896857], [42.643932, 33.902838], [42.616588, 33.897528], [42.608165, 33.88581], [42.604991, 33.871344], [42.598888, 33.857795], [42.58253, 33.849128], [42.568492, 33.849311], [42.551524, 33.853766], [42.536388, 33.86109], [42.527965, 33.870246], [42.533336, 33.876288], [42.533092, 33.883124], [42.528331, 33.890387], [42.520518, 33.897528], [42.542369, 33.909003], [42.556163, 33.926886], [42.560924, 33.948859], [42.555797, 33.972663], [42.548839, 33.982001], [42.530406, 33.991584], [42.520518, 34.000556], [42.513438, 34.014045], [42.510265, 34.026923], [42.505504, 34.038581], [42.493663, 34.048346], [42.480357, 34.039374], [42.456187, 34.018439], [42.445933, 34.013617], [42.424449, 34.018195], [42.411876, 34.034125], [42.406016, 34.054511], [42.40443, 34.072577], [42.399425, 34.07807], [42.377208, 34.085456], [42.37086, 34.089362], [42.369884, 34.098273], [42.374278, 34.105048], [42.380138, 34.110907], [42.3838, 34.117255], [42.381847, 34.183112], [42.387218, 34.192328], [42.370738, 34.195685], [42.348277, 34.204169], [42.327159, 34.215399], [42.314952, 34.227118], [42.313121, 34.245795], [42.324962, 34.25849], [42.344737, 34.265815], [42.366832, 34.268073], [42.377696, 34.275092], [42.385265, 34.291266], [42.387706, 34.309394], [42.3838, 34.322089], [42.349742, 34.332953], [42.345592, 34.343573], [42.33546, 34.350775], [42.322887, 34.354926], [42.311656, 34.356208], [42.296764, 34.348212], [42.286143, 34.32923], [42.282603, 34.306769], [42.288341, 34.28852], [42.277476, 34.272406], [42.263805, 34.268012], [42.251842, 34.274726], [42.246715, 34.291938], [42.249156, 34.315375], [42.24464, 34.316046], [42.229381, 34.315253], [42.176646, 34.28852], [42.14442, 34.280402], [42.130015, 34.298529], [42.13087, 34.325995], [42.125133, 34.333625], [42.054942, 34.37049], [42.030284, 34.390448], [42.012462, 34.409064], [41.979259, 34.452399], [41.986705, 34.459845], [41.967662, 34.472907], [41.914928, 34.468268], [41.897227, 34.481818], [41.881602, 34.479987], [41.856334, 34.473517], [41.841807, 34.475714], [41.833873, 34.479377], [41.818126, 34.497138], [41.794688, 34.515692], [41.780162, 34.522711], [41.773692, 34.51789], [41.772716, 34.501776], [41.76942, 34.492926], [41.76295, 34.487189], [41.73524, 34.468085], [41.713145, 34.457709], [41.690684, 34.455024], [41.670665, 34.459845], [41.611217, 34.480658], [41.594981, 34.480353], [41.583507, 34.470954], [41.584972, 34.462775], [41.589854, 34.454779], [41.588756, 34.446234], [41.581798, 34.440741], [41.574351, 34.440131], [41.565807, 34.440741], [41.554698, 34.438788], [41.549327, 34.435431], [41.545299, 34.431098], [41.539195, 34.427314], [41.527354, 34.425116], [41.527354, 34.425727], [41.527232, 34.426764], [41.527232, 34.427375], [41.52296, 34.432013], [41.517467, 34.436652], [41.513682, 34.438788], [41.507823, 34.437751], [41.503551, 34.435431], [41.500865, 34.433051], [41.494884, 34.431098], [41.46461, 34.423407], [41.450938, 34.429389], [41.437999, 34.452399], [41.445445, 34.459845], [41.434093, 34.466376], [41.424327, 34.473517], [41.403697, 34.460944], [41.412608, 34.448859], [41.429088, 34.436957], [41.431773, 34.425116], [41.415294, 34.424384], [41.396983, 34.438239], [41.380626, 34.447333], [41.36964, 34.431952], [41.358287, 34.441474], [41.343516, 34.447943], [41.328258, 34.451606], [41.315074, 34.452399], [41.308604, 34.454108], [41.303233, 34.457221], [41.296886, 34.458014], [41.287852, 34.452399], [41.286876, 34.447211], [41.289928, 34.440131], [41.291759, 34.432318], [41.287852, 34.425116], [41.267589, 34.417548], [41.256969, 34.427253], [41.249766, 34.442694], [41.239268, 34.452399], [41.223765, 34.450385], [41.191539, 34.43122], [41.177989, 34.425116], [41.177989, 34.418891], [41.218883, 34.404608], [41.218883, 34.397162], [41.191661, 34.38349], [41.161143, 34.375312], [41.105601, 34.37049], [41.092662, 34.375861], [41.066173, 34.399298], [41.057506, 34.404608], [41.045665, 34.408026], [41.005992, 34.431952], [40.992442, 34.429633], [40.980235, 34.434882], [40.958873, 34.452399], [40.952281, 34.455878], [40.940807, 34.459113], [40.934581, 34.462958], [40.930431, 34.46955], [40.938243, 34.476935], [40.92213, 34.50196], [40.927135, 34.513251], [40.938365, 34.521003], [40.944591, 34.528754], [40.940074, 34.542731], [40.921886, 34.569342], [40.917735, 34.579352], [40.922252, 34.594916], [40.928599, 34.609198], [40.927013, 34.619696], [40.89149, 34.628485], [40.887706, 34.639899], [40.887584, 34.653449], [40.883067, 34.66474], [40.869517, 34.671637], [40.860728, 34.6659], [40.851939, 34.656256], [40.838756, 34.651068], [40.80775, 34.671637], [40.800548, 34.678351], [40.807872, 34.681403], [40.821056, 34.689399], [40.828502, 34.692633], [40.828502, 34.699469], [40.821666, 34.70661], [40.804088, 34.729987], [40.800548, 34.73017], [40.797618, 34.720099], [40.789806, 34.715155], [40.778941, 34.715033], [40.766368, 34.719306], [40.764659, 34.724677], [40.752574, 34.739569], [40.73878, 34.752204], [40.73231, 34.750983], [40.728282, 34.757941], [40.698009, 34.781989], [40.681773, 34.779608], [40.658702, 34.786017], [40.638072, 34.79798], [40.629283, 34.812751], [40.627208, 34.822089], [40.618175, 34.834723], [40.616222, 34.846869], [40.616954, 34.857489], [40.620982, 34.873053], [40.622447, 34.884467], [40.597423, 34.871894], [40.58961, 34.873664], [40.580821, 34.884467], [40.575694, 34.896247], [40.571544, 34.920905], [40.566661, 34.937812], [40.56776, 34.956122], [40.565562, 34.959784], [40.556285, 34.959296], [40.550914, 34.968146], [40.536265, 34.978705], [40.528087, 34.990546], [40.51649, 34.989691], [40.50294, 34.986823], [40.492076, 34.987494], [40.486705, 34.992743], [40.482066, 35.007514], [40.478282, 35.014777], [40.464854, 35.031928], [40.455333, 35.039008], [40.45106, 35.031867], [40.448497, 35.034552], [40.444347, 35.036017], [40.444469, 35.040595], [40.454478, 35.052314], [40.470958, 35.062934], [40.470958, 35.067878], [40.457896, 35.076239], [40.448741, 35.07569], [40.44337, 35.069159], [40.438487, 35.068061], [40.430553, 35.083686], [40.428844, 35.093512], [40.430553, 35.127753], [40.428477, 35.136542], [40.419566, 35.145941], [40.414317, 35.164862], [40.400157, 35.175421], [40.397105, 35.186103], [40.402232, 35.191169], [40.412608, 35.194281], [40.420299, 35.199897], [40.417613, 35.212775], [40.404063, 35.219794], [40.354259, 35.231269], [40.33839, 35.237616], [40.335826, 35.24317], [40.335582, 35.250617], [40.333995, 35.259162], [40.327525, 35.268012], [40.320689, 35.27204], [40.293468, 35.281684], [40.287242, 35.273932], [40.277599, 35.269171], [40.265758, 35.267279], [40.253062, 35.268012], [40.267467, 35.289801], [40.271617, 35.300177], [40.266612, 35.308966], [40.260509, 35.306586], [40.231944, 35.28913], [40.2317, 35.304023], [40.226573, 35.310126], [40.21815, 35.313422], [40.208018, 35.319525], [40.202403, 35.31922], [40.170055, 35.327826], [40.167125, 35.330085], [40.160655, 35.333808], [40.148448, 35.351569], [40.143199, 35.357367], [40.134532, 35.361274], [40.101573, 35.371039], [40.109141, 35.396552], [40.095958, 35.408271], [40.077159, 35.419257], [40.067515, 35.44245], [40.065196, 35.454901], [40.059093, 35.462226], [40.039561, 35.473456], [40.038829, 35.474189], [40.037364, 35.475653], [40.036754, 35.476386], [40.031505, 35.48371], [40.0265, 35.487738], [40.020518, 35.488898], [40.013438, 35.488715], [40.007823, 35.490424], [40.005382, 35.497382], [40.000133, 35.503546], [39.987559, 35.511725], [39.972911, 35.518866], [39.96107, 35.521857], [39.957164, 35.525275], [39.95338, 35.531806], [39.948375, 35.535956], [39.935924, 35.52967], [39.92921, 35.528022], [39.92213, 35.527594], [39.916637, 35.528693], [39.911632, 35.535224], [39.899303, 35.562812], [39.885387, 35.564887], [39.877452, 35.570563], [39.87794, 35.57923], [39.889293, 35.590155], [39.882335, 35.594794], [39.875133, 35.596686], [39.868297, 35.595282], [39.862071, 35.590155], [39.855846, 35.590155], [39.850963, 35.606147], [39.841441, 35.617743], [39.832042, 35.626837], [39.827891, 35.635138], [39.827891, 35.659064], [39.834117, 35.67536], [39.835338, 35.682929], [39.81422, 35.727362], [39.805186, 35.736396], [39.76588, 35.754645], [39.74232, 35.732978], [39.720225, 35.742804], [39.696056, 35.763617], [39.666515, 35.775153], [39.63734, 35.791022], [39.622203, 35.795783], [39.615611, 35.785041], [39.614024, 35.777716], [39.609386, 35.770148], [39.602794, 35.764167], [39.594615, 35.76142], [39.583629, 35.762702], [39.582042, 35.767035], [39.589488, 35.784796], [39.592784, 35.790229], [39.590953, 35.794074], [39.577769, 35.7956], [39.568004, 35.793463], [39.561046, 35.788764], [39.556407, 35.784064], [39.553477, 35.781928], [39.538585, 35.785834], [39.509776, 35.803961], [39.492198, 35.809882], [39.472423, 35.809149], [39.435313, 35.800482], [39.416392, 35.802436], [39.399669, 35.812628], [39.398082, 35.824286], [39.400645, 35.837104], [39.395885, 35.850836], [39.376964, 35.839606], [39.366832, 35.837226], [39.350597, 35.842719], [39.334117, 35.833197], [39.324229, 35.83039], [39.283336, 35.83039], [39.277476, 35.831977], [39.262462, 35.847419], [39.244151, 35.860846], [39.229747, 35.864691], [39.197276, 35.864447], [39.176768, 35.871649], [39.158702, 35.882209], [39.141002, 35.887519], [39.122081, 35.87873], [39.116222, 35.886054], [39.108043, 35.88996], [39.098277, 35.889777], [39.088023, 35.885016], [39.075938, 35.907843], [38.942515, 35.948371], [38.781261, 35.923712], [38.618541, 35.877753], [38.480357, 35.854254], [38.226573, 35.943671], [38.136729, 36.14765], [38.189342, 36.389594], [38.363414, 36.592841], [38.503062, 36.657538], [38.647716, 36.6789], [38.797008, 36.683783], [38.950328, 36.699103], [39.429937, 36.774261], [39.458995, 36.778815], [39.713608, 36.787277], [39.831798, 36.791205], [40.000987, 36.806891], [40.08885, 36.824858], [40.161265, 36.839667], [40.531993, 36.959479], [40.761607, 37.000006], [41.922984, 37.110114], [42.005813, 37.107752], [42.158458, 37.1034], [42.343028, 37.088019], [42.434581, 37.063666], [42.503184, 37.015692], [42.513438, 36.987372], [42.523936, 36.899848], [42.531871, 36.86579], [42.511363, 36.857672], [42.509898, 36.855109], [42.520152, 36.854132], [42.534801, 36.850775], [42.565807, 36.837836], [42.582652, 36.827765], [42.596324, 36.797309], [42.612315, 36.790595], [42.654552, 36.789984], [42.659434, 36.791938], [42.663585, 36.796454], [42.6692, 36.800971], [42.678111, 36.802985], [42.690196, 36.800788], [42.699107, 36.795539], [42.729503, 36.768012], [42.747081, 36.755194], [42.756358, 36.751471], [42.764415, 36.7508], [42.772227, 36.748847], [42.781139, 36.741523], [42.758678, 36.734626], [42.749522, 36.728644], [42.747081, 36.721015], [42.753917, 36.712714], [42.764293, 36.713446], [42.799571, 36.727607], [42.807872, 36.727057], [42.822032, 36.721015], [42.829478, 36.715766], [42.834727, 36.709357], [42.84315, 36.693732], [42.851573, 36.705878], [42.860973, 36.711737], [42.872569, 36.713507], [42.887218, 36.713568], [42.891978, 36.707343], [42.88795, 36.693549], [42.87733, 36.672675], [42.905406, 36.664679], [42.904185, 36.647895], [42.886363, 36.636603], [42.86378, 36.645331], [42.857188, 36.644294], [42.839366, 36.645331], [42.831065, 36.644294], [42.830821, 36.643561], [42.830577, 36.642096], [42.830333, 36.641425], [42.831309, 36.63703], [42.828868, 36.631659], [42.82252, 36.625067], [42.818492, 36.618354], [42.817882, 36.611396], [42.822032, 36.603705], [42.795909, 36.59632], [42.771739, 36.578192], [42.753917, 36.553412], [42.747081, 36.525824], [42.750987, 36.506598], [42.761363, 36.499823], [42.79481, 36.50196], [42.832652, 36.499823], [42.86378, 36.494513], [42.921641, 36.494513], [42.935313, 36.491889], [42.972179, 36.477973], [42.979747, 36.471198], [42.97755, 36.463813], [42.968272, 36.45362], [42.966075, 36.44361], [42.968639, 36.434577], [42.97462, 36.428107], [43.000499, 36.410468], [43.031627, 36.400824], [43.048595, 36.392096], [43.061534, 36.398627], [43.081798, 36.400336], [43.12379, 36.398932], [43.116954, 36.381354], [43.125255, 36.368293], [43.138194, 36.35755], [43.144786, 36.347113], [43.148448, 36.344306], [43.165782, 36.334967], [43.17213, 36.330024], [43.176158, 36.321906], [43.185802, 36.289069], [43.17213, 36.289069], [43.178599, 36.278876], [43.196056, 36.257636], [43.199474, 36.251776], [43.204845, 36.23963], [43.216319, 36.231024], [43.227794, 36.22425], [43.233043, 36.217719], [43.237071, 36.206], [43.246837, 36.198981], [43.258189, 36.193549], [43.2671, 36.186652], [43.272227, 36.170539], [43.274547, 36.166144], [43.286998, 36.151252], [43.288341, 36.151252], [43.29005, 36.15058], [43.291637, 36.149909], [43.292369, 36.149543], [43.299083, 36.146918], [43.302867, 36.142524], [43.295299, 36.129645], [43.294444, 36.122504], [43.295787, 36.092963], [43.298473, 36.08277], [43.303599, 36.074652], [43.326182, 36.051215], [43.33607, 36.034308], [43.339976, 36.015509], [43.33607, 35.994879], [43.345836, 35.981086], [43.34608, 35.971991], [43.341319, 35.962226], [43.333873, 35.939826], [43.330821, 35.933661], [43.328868, 35.927191], [43.329234, 35.919745], [43.334483, 35.912116], [43.343028, 35.909003], [43.351329, 35.90766], [43.356456, 35.905463], [43.360606, 35.881903], [43.349498, 35.86225], [43.331554, 35.85401], [43.315562, 35.864447], [43.315562, 35.808722], [43.308983, 35.796093], [43.298473, 35.796881]]]]}}, {"type": "Feature", "properties": {"NAME": "ETHIOPIAN HIGHLANDS", "NAME_AR": "مرتفعات إثيوبيا", "FEATURECLA": "Range/mtn", "SCALERANK": 2}, "geometry": {"type": "Polygon", "coordinates": [[[40.101817, 11.351874], [40.181163, 11.140204], [40.273814, 10.70362], [40.234141, 10.18769], [40.157301971905326, 10.0], [34.14257232344613, 10.0], [34.175182, 10.042182], [34.122203, 10.333197], [34.307384, 10.637519], [34.558849, 11.087287], [34.955699, 11.21955], [35.167369, 11.563544], [35.590709, 11.365119], [35.908214, 11.748725], [36.000743, 12.039801], [36.014049, 12.344062], [36.265391, 12.542487], [36.556407, 12.648322], [36.543224, 12.873236], [36.212413, 13.071662], [36.238902, 13.283332], [36.59608, 13.362677], [37.032603, 13.468512], [37.045909, 13.931586], [37.143515, 13.971504], [37.169054, 13.981949], [37.336925, 14.050605], [37.694102, 14.262274], [37.733775, 14.526862], [37.799937, 15.280951], [37.945445, 15.915961], [37.561778, 16.352484], [37.455943, 17.06684], [37.667613, 17.820929], [37.69884, 17.833114], [37.71793, 17.840562], [38.210094, 18.032599], [38.593761, 17.437262], [38.858287, 16.630316], [38.964122, 16.074652], [39.281627, 15.571967], [39.427135, 15.307379], [39.757823, 14.989875], [39.84877, 14.886832], [39.850474, 14.884901], [40.154796, 14.540107], [40.167979, 13.984442], [40.128307, 13.746344], [40.157111, 13.400286], [40.181163, 13.111335], [40.101817, 12.687995], [39.903331, 12.529242], [39.916637, 11.801642], [39.956309, 11.64289], [40.101817, 11.351874]]]}}, {"type": "Feature", "properties": {"NAME": "ZAGROS MOUNTAINS", "NAME_AR": "زاغروس", "FEATURECLA": "Range/mtn", "SCALERANK": 2}, "geometry": {"type": "Polygon", "coordinates": [[[54.608531, 26.767951], [54.323009, 26.802558], [54.044322, 26.879218], [53.336192, 27.14942], [53.19691, 27.211066], [52.982677, 27.333319], [52.789561, 27.472541], [52.262096, 27.941779], [51.74464, 28.455756], [51.559947, 28.617072], [51.477794, 28.698004], [51.411876, 28.788642], [51.312511, 28.986884], [51.254161, 29.080878], [51.194835, 29.150702], [50.617442, 29.732428], [50.509288, 29.868476], [50.477794, 29.928534], [50.428477, 30.057257], [50.396495, 30.116217], [50.34901, 30.173774], [50.233531, 30.29029], [50.122325, 30.417121], [50.002086, 30.535346], [49.946178, 30.598761], [49.865733, 30.718878], [49.668346, 31.113471], [49.558971, 31.2909], [49.32191, 31.624823], [49.170055, 31.891303], [49.116466, 31.970221], [49.056529, 32.043463], [48.783214, 32.317267], [48.670543, 32.41297], [48.552867, 32.491278], [48.431895, 32.545783], [48.195323, 32.629157], [47.916392, 32.787116], [47.573253, 32.943305], [46.883311, 33.350287], [46.819102, 33.408271], [46.746104, 33.501776], [46.519786, 33.843756], [46.456187, 33.960028], [46.38148, 34.161017], [46.246837, 34.798041], [46.151622, 35.075385], [46.119762, 35.217414], [46.118907, 35.363227], [46.1421, 35.480109], [46.177745, 35.583197], [46.224864, 35.672553], [46.281871, 35.748175], [46.473277, 35.883063], [46.70338, 35.922797], [46.948497, 35.868476], [47.185313, 35.721259], [47.850719, 35.099799], [48.407725, 34.673468], [48.705943, 34.411383], [49.221934, 33.816352], [50.126842, 33.058966], [50.447398, 32.750556], [50.755382, 32.418402], [51.122203, 31.929816], [52.944224, 29.929023], [53.024058, 29.827399], [53.062755, 29.758551], [53.121837, 29.61463], [53.158702, 29.546759], [53.308604, 29.39997], [53.50233, 29.299628], [54.448985, 28.904731], [54.637584, 28.842475], [55.692393, 28.570319], [55.918834, 28.488898], [56.0, 28.450974499337352], [56.0, 27.297970129242245], [55.403087, 26.941474], [55.245006, 26.871039], [55.07838, 26.82099], [54.906139, 26.786689], [54.608531, 26.767951]]]}}, {"type": "Feature", "properties": {"NAME": "SAHEL", "NAME_AR": "سهل", "FEATURECLA": "Plain", "SCALERANK": 2}, "geometry": {"type": "Polygon", "coordinates": [[[37.69884, 17.833114], [37.760265, 17.304999], [38.289439, 16.180487], [38.434947, 15.175116], [38.401651, 15.151329], [38.157115, 14.97663], [37.918956, 14.540107], [38.005207, 13.887374], [38.010119, 13.850195], [38.011607, 13.838935], [37.733775, 13.468512], [37.617262, 13.574445], [37.169054, 13.981949], [37.151744, 13.997687], [36.983099, 14.756702], [36.966563, 14.831122], [36.558871, 15.225649], [36.556407, 15.228034], [36.538812, 15.216576], [36.022516, 14.880374], [35.987559, 14.857611], [35.793372, 14.274978], [35.656871, 13.865424], [35.181962, 12.938903], [35.118816, 12.815708], [35.11439, 12.807074], [33.751842, 12.013312], [33.452519, 11.336685], [33.44752, 11.325385], [33.518095, 10.443241], [33.553355, 10.002509], [33.550519, 10.001487], [33.54639279573191, 10.0], [28.0, 10.0], [28.0, 18.056670725090914], [28.02357, 18.059027], [28.883556, 18.442694], [29.624278, 18.971869], [30.179942, 19.501044], [30.34549, 19.539478], [30.39728, 19.551502], [30.920787, 19.673041], [31.714488, 19.831732], [32.521495, 20.215399], [33.209483, 20.665229], [33.751842, 21.326667], [34.386851, 22.027777], [34.404508, 22.041022], [34.439931, 22.067593], [34.968883, 22.464362], [35.431895, 22.980292], [35.643565, 22.993537], [35.827087, 22.810047], [35.845801, 22.785693], [35.863522, 22.773619], [35.987559, 22.649604], [36.834239, 22.054267], [36.838495, 22.041022], [36.843937, 22.024084], [36.874767, 21.928133], [36.882617, 21.768799], [36.926953, 21.586523], [37.052881, 21.373786], [37.072276, 21.313422], [37.145215, 20.57218], [37.23109, 19.699469], [37.251708, 19.630384], [37.248438, 19.581885], [37.361523, 19.091992], [37.471289, 18.820117], [37.531641, 18.753125], [37.532822, 18.752503], [37.55085, 18.723132], [37.74472, 18.407291], [37.847301, 18.240171], [37.852916, 18.231024], [37.821374, 18.160086], [37.694102, 17.873847], [37.69884, 17.833114]]]}}, {"type": "Feature", "properties": {"NAME": "SOMALI PENINSULA", "NAME_AR": "القرن الأفريقي", "FEATURECLA": "Pen/cape", "SCALERANK": 2}, "geometry": {"type": "Polygon", "coordinates": [[[51.064464, 11.228461], [51.106776, 11.182316], [51.122266, 11.076758], [51.140625, 10.656885], [51.13125, 10.595898], [51.104883, 10.53584], [51.093848, 10.488525], [51.050781, 10.471973], [51.031836, 10.444775], [51.063184, 10.433936], [51.188281, 10.479736], [51.185547, 10.529834], [51.192969, 10.554639], [51.295703, 10.498682], [51.340921, 10.48425], [51.377531, 10.454306], [51.38233, 10.442332], [51.303593, 10.431531], [51.22941, 10.421355], [51.208789, 10.431055], [51.111181, 10.405136], [50.940929, 10.381781], [50.937946, 10.352475], [50.936532, 10.338571], [50.930078, 10.335547], [50.898438, 10.253125], [50.87942563508687, 10.0], [43.98002621667928, 10.0], [44.266831, 10.45436], [44.278298, 10.472526], [44.279297, 10.471875], [44.386523, 10.430225], [44.942969, 10.436719], [45.337695, 10.649756], [45.695898, 10.803906], [45.816699, 10.835889], [46.024512, 10.793701], [46.152022, 10.786699], [46.274878, 10.756435], [46.363658, 10.734565], [46.396731, 10.748625], [46.460254, 10.73418], [46.565039, 10.745996], [46.973438, 10.925391], [47.230078, 11.099902], [47.40498, 11.174023], [47.473828, 11.174805], [47.7125, 11.112012], [48.019238, 11.139355], [48.438867, 11.290137], [48.572559, 11.320508], [48.674414, 11.322656], [48.903125, 11.254883], [48.938574, 11.258447], [49.062109, 11.27085], [49.388281, 11.342725], [49.64209, 11.450928], [50.110059, 11.529297], [50.466211, 11.727539], [50.525531, 11.818897], [50.5265, 11.819342], [50.527109, 11.821327], [50.52832, 11.823193], [50.635938, 11.943799], [50.792285, 11.983691], [51.029382, 11.899495], [51.05136, 11.886403], [51.114624, 11.848716], [51.208576, 11.792749], [51.223155, 11.784064], [51.19638, 11.690321], [51.151633, 11.533655], [51.136328, 11.505127], [51.084277, 11.335645], [51.087943, 11.310665], [51.066391, 11.235208], [51.064464, 11.228461]]]}}, {"type": "Feature", "properties": {"NAME": "RUB’ AL KHALI", "NAME_AR": "الربع الخالي", "FEATURECLA": "Desert", "SCALERANK": 2}, "geometry": {"type": "Polygon", "coordinates": [[[52.479259, 22.607367], [52.789561, 22.620917], [53.342906, 22.794318], [53.938975, 23.143683], [54.907481, 23.827338], [55.132213, 23.880378], [55.348399, 23.798957], [55.538219, 23.640753], [55.683849, 23.463446], [55.979015, 23.051642], [56.0, 23.015441308907395], [56.0, 20.991521817837622], [55.941173, 20.877509], [55.751842, 20.359809], [55.685435, 20.235541], [55.596934, 20.1164], [55.241099, 19.696845], [55.053722, 19.512213], [54.848277, 19.349128], [54.630138, 19.221564], [54.444713, 19.132636], [54.280528, 19.042426], [54.126109, 18.933234], [53.817393, 18.638007], [53.651378, 18.497931], [53.476329, 18.369818], [53.296275, 18.256354], [53.099864, 18.178107], [52.866588, 18.131781], [51.967174, 18.077582], [51.773814, 18.043891], [51.208018, 17.895209], [50.80836, 17.860968], [50.679088, 17.830817], [49.449718, 17.379584], [48.226329, 17.03144], [48.040294, 16.959052], [47.515636, 16.700629], [47.37318, 16.645575], [47.223033, 16.613837], [46.730113, 16.541144], [46.544078, 16.542731], [46.358531, 16.563727], [45.750743, 16.670172], [45.621349, 16.718695], [45.424571, 16.815131], [45.327891, 16.870307], [45.241954, 16.932807], [45.038097, 17.107367], [44.934459, 17.208564], [44.86085, 17.303046], [44.810802, 17.428229], [44.788463, 17.565314], [44.772838, 18.362433], [44.789561, 18.530707], [44.812877, 18.639838], [44.847667, 18.760932], [44.893199, 18.888861], [44.948863, 19.018439], [45.046641, 19.19599], [45.151866, 19.335273], [45.416881, 19.600104], [45.529674, 19.695624], [45.908336, 19.938971], [46.252452, 20.199408], [47.181773, 21.074591], [47.940807, 21.652289], [48.165294, 21.875434], [48.449107, 22.254096], [48.531383, 22.387763], [48.677135, 22.665229], [48.756724, 22.798957], [48.956676, 23.002509], [49.430553, 23.33869], [49.587169, 23.565192], [49.610118, 23.734626], [49.608165, 23.932929], [49.634044, 24.117377], [49.739879, 24.245185], [49.968516, 24.255744], [50.230968, 24.136115], [50.67274, 23.829718], [50.917125, 23.597968], [51.274669, 23.033942], [51.494273, 22.806586], [51.77589, 22.682257], [52.122813, 22.621833], [52.479259, 22.607367]]]}}, {"type": "Feature", "properties": {"NAME": "ANATOLIA", "NAME_AR": "الأناضول", "FEATURECLA": "Geoarea", "SCALERANK": 2}, "geometry": {"type": "Polygon", "coordinates": [[[44.292003, 39.969794], [44.356578, 39.881415], [44.452159, 39.408332], [44.292247, 38.941718], [44.053966, 38.470282], [43.914317, 37.982856], [43.911388, 37.530341], [43.820323, 37.410407], [43.56776, 37.366156], [43.114513, 37.340949], [42.687022, 37.279608], [42.265514, 37.182807], [42.005813, 37.107752], [41.533946, 36.971381], [41.237682, 36.923224], [40.372081, 36.86225], [40.08885, 36.824858], [39.852428, 36.793647], [39.713608, 36.787277], [39.429937, 36.774261], [38.285411, 36.721747], [37.851573, 36.728644], [37.418712, 36.764228], [37.197154, 36.770514], [36.986461, 36.7508], [36.750743, 36.690741], [36.629283, 36.669074], [36.489757, 36.669074], [36.351573, 36.72901], [36.215587, 36.834174], [36.081798, 36.912482], [36.052751, 36.907979], [36.048926, 36.910596], [36.037518, 36.905617], [35.950694, 36.892157], [35.905817, 36.848143], [35.90459, 36.847607], [35.871435, 36.825232], [35.863536, 36.823493], [35.85377, 36.816962], [35.839041, 36.80337], [35.801563, 36.778076], [35.75604, 36.768529], [35.683971, 36.765876], [35.647472, 36.755194], [35.635997, 36.745795], [35.6244, 36.72724], [35.613414, 36.721076], [35.617198, 36.727973], [35.618053, 36.732795], [35.614879, 36.736823], [35.606578, 36.741523], [35.59669, 36.726081], [35.582042, 36.713996], [35.572887, 36.701911], [35.579356, 36.686286], [35.594249, 36.702948], [35.61671, 36.697455], [35.61964, 36.713629], [35.625377, 36.712104], [35.629039, 36.709418], [35.631602, 36.705573], [35.633922, 36.700568], [35.63856, 36.707465], [35.640391, 36.714545], [35.639049, 36.721503], [35.633922, 36.727912], [35.64796, 36.734381], [35.653697, 36.728522], [35.657237, 36.718756], [35.658081, 36.718175], [35.647879, 36.697646], [35.622447, 36.681891], [35.606578, 36.658942], [35.608531, 36.648017], [35.621837, 36.655463], [35.631334, 36.66435], [35.625586, 36.652783], [35.537402, 36.597021], [35.536254, 36.596848], [35.513194, 36.614142], [35.503551, 36.618048], [35.489879, 36.615058], [35.48109, 36.608405], [35.478526, 36.599738], [35.488292, 36.598212], [35.505925, 36.592258], [35.498149, 36.591082], [35.488536, 36.593207], [35.445323, 36.597541], [35.437022, 36.595465], [35.412974, 36.584906], [35.40797, 36.580451], [35.406295, 36.577182], [35.393164, 36.575195], [35.176172, 36.634863], [35.13684, 36.650194], [35.041759, 36.696357], [35.013927, 36.704291], [34.982188, 36.721991], [34.962291, 36.727912], [34.9463, 36.729132], [34.937557, 36.728811], [34.872888, 36.764879], [34.852428, 36.782538], [34.770518, 36.817206], [34.764903, 36.809821], [34.735728, 36.822882], [34.69276, 36.815009], [34.665992, 36.804903], [34.613716, 36.788376], [34.596446, 36.7862], [34.584972, 36.782538], [34.554576, 36.768805], [34.548717, 36.764594], [34.539839, 36.747715], [34.517399, 36.734309], [34.50294, 36.727912], [34.485476, 36.715238], [34.317176, 36.614694], [34.310125, 36.611132], [34.307384, 36.609748], [34.301474, 36.605661], [34.276134, 36.588141], [34.192806, 36.502324], [34.149716, 36.461223], [34.147349, 36.460334], [34.111827, 36.430732], [34.077159, 36.415107], [34.074837, 36.389799], [34.023438, 36.340771], [33.954883, 36.295215], [33.934061, 36.286152], [33.930797, 36.291632], [33.910289, 36.30268], [33.89503, 36.306708], [33.883067, 36.313727], [33.870982, 36.316046], [33.855235, 36.306098], [33.837535, 36.281623], [33.827647, 36.272895], [33.810924, 36.268561], [33.818614, 36.266913], [33.821666, 36.265204], [33.824596, 36.261176], [33.813487, 36.252875], [33.798961, 36.231879], [33.786754, 36.227607], [33.776866, 36.226264], [33.742686, 36.214545], [33.735362, 36.209906], [33.712906, 36.189895], [33.694727, 36.181982], [33.661338, 36.174607], [33.660167, 36.176093], [33.656383, 36.189826], [33.647105, 36.193793], [33.634044, 36.191474], [33.619762, 36.186652], [33.596446, 36.169989], [33.585011, 36.157747], [33.534342, 36.146554], [33.520763, 36.147834], [33.47816, 36.157172], [33.45814, 36.159369], [33.436534, 36.15589], [33.422392, 36.150006], [33.37096, 36.142515], [33.347667, 36.149054], [33.326671, 36.151313], [33.308252, 36.133381], [33.307976, 36.133341], [33.286388, 36.13111], [33.24171, 36.132025], [33.212169, 36.125251], [33.200816, 36.124579], [33.188487, 36.127021], [33.167125, 36.136176], [33.156749, 36.13819], [33.133922, 36.133002], [33.121349, 36.120307], [33.112231, 36.104831], [33.099512, 36.102979], [32.988052, 36.098209], [32.960216, 36.103827], [32.940684, 36.104682], [32.876475, 36.0763], [32.865001, 36.073065], [32.857898, 36.063904], [32.794824, 36.035889], [32.585349, 36.087924], [32.56776, 36.097235], [32.538943, 36.099452], [32.533789, 36.100732], [32.377734, 36.183643], [32.283789, 36.267871], [32.279781, 36.272613], [32.278697, 36.28028], [32.27589, 36.289069], [32.252574, 36.316474], [32.227739, 36.334174], [32.179095, 36.391716], [32.178233, 36.396491], [32.174083, 36.403632], [32.162608, 36.415961], [32.151378, 36.431464], [32.148326, 36.434821], [32.140359, 36.437537], [32.130566, 36.449121], [32.123535, 36.454701], [32.11439, 36.470832], [32.101939, 36.487311], [32.087047, 36.494513], [32.02589, 36.544623], [32.018565, 36.547736], [32.009898, 36.548957], [31.998546, 36.549079], [31.987682, 36.551093], [31.979991, 36.555548], [31.973888, 36.560126], [31.96815, 36.562812], [31.938464, 36.561819], [31.897706, 36.574761], [31.88795, 36.582343], [31.862315, 36.58985], [31.8416, 36.592576], [31.77793, 36.612793], [31.760843, 36.620355], [31.749278, 36.633429], [31.736461, 36.643439], [31.724132, 36.642218], [31.706537, 36.644392], [31.603173, 36.690142], [31.595958, 36.696906], [31.553016, 36.712342], [31.376354, 36.790534], [31.376109, 36.793097], [31.340709, 36.80976], [30.939586, 36.858222], [30.850958, 36.854193], [30.74075, 36.860308], [30.726817, 36.867072], [30.686412, 36.892401], [30.628429, 36.860785], [30.601573, 36.839362], [30.587413, 36.808295], [30.574351, 36.790717], [30.569713, 36.782538], [30.569713, 36.751776], [30.564464, 36.719184], [30.565684, 36.701361], [30.572858, 36.691407], [30.571413, 36.674748], [30.568614, 36.67182], [30.562511, 36.663703], [30.558238, 36.653571], [30.556041, 36.639106], [30.55775, 36.620795], [30.563731, 36.61048], [30.565649, 36.608302], [30.558496, 36.52583], [30.552905, 36.517865], [30.535899, 36.506354], [30.520763, 36.490973], [30.508556, 36.455512], [30.486827, 36.428168], [30.487682, 36.419379], [30.474498, 36.402777], [30.476207, 36.385443], [30.487071, 36.371405], [30.492901, 36.368713], [30.484112, 36.313645], [30.478648, 36.309821], [30.471362, 36.297181], [30.446094, 36.269873], [30.40027, 36.249131], [30.400279, 36.249335], [30.395885, 36.26673], [30.384044, 36.275397], [30.360362, 36.269843], [30.254405, 36.309516], [30.233653, 36.310126], [30.158458, 36.299811], [30.149181, 36.291083], [30.145274, 36.276313], [30.145178, 36.273564], [30.13375, 36.269102], [30.13087, 36.275397], [30.128047, 36.266875], [30.083203, 36.249365], [30.076257, 36.247444], [30.072887, 36.248053], [30.06544, 36.251105], [30.05775, 36.256781], [30.048106, 36.260016], [30.034679, 36.2555], [30.055797, 36.2555], [30.055797, 36.248053], [30.015043, 36.230514], [29.977862, 36.22023], [29.973277, 36.220771], [29.964152, 36.216438], [29.959417, 36.215129], [29.94984, 36.215644], [29.938243, 36.218817], [29.925426, 36.220771], [29.91627, 36.220282], [29.911388, 36.218268], [29.898082, 36.207099], [29.881236, 36.199591], [29.843883, 36.192633], [29.829845, 36.186652], [29.833263, 36.185614], [29.835948, 36.185492], [29.837291, 36.184027], [29.83694, 36.181254], [29.829695, 36.17925], [29.827159, 36.179267], [29.802501, 36.17298], [29.802501, 36.171729], [29.789258, 36.168066], [29.74144, 36.162637], [29.731334, 36.165473], [29.719127, 36.163886], [29.70692, 36.159369], [29.706304, 36.158647], [29.689063, 36.156689], [29.625406, 36.175774], [29.62379, 36.179206], [29.637096, 36.17359], [29.643077, 36.179145], [29.641856, 36.188117], [29.634288, 36.192816], [29.58747, 36.187147], [29.583385, 36.188372], [29.583385, 36.192816], [29.592418, 36.197028], [29.602183, 36.199836], [29.612804, 36.200995], [29.62379, 36.200263], [29.602061, 36.208197], [29.521373, 36.207099], [29.520134, 36.207334], [29.477373, 36.220154], [29.432017, 36.241278], [29.425167, 36.235805], [29.416457, 36.238417], [29.41505, 36.240912], [29.41151, 36.268561], [29.40565, 36.261359], [29.401744, 36.262946], [29.397838, 36.26734], [29.391612, 36.268561], [29.38148, 36.265143], [29.377452, 36.262824], [29.376842, 36.262152], [29.375621, 36.260749], [29.375011, 36.260077], [29.369884, 36.2555], [29.367773, 36.253012], [29.34834, 36.258838], [29.248537, 36.311357], [29.247569, 36.312934], [29.234508, 36.325507], [29.217654, 36.329875], [29.143262, 36.397217], [29.121877, 36.494027], [29.124034, 36.494513], [29.124034, 36.50196], [29.120128, 36.536811], [29.114757, 36.553961], [29.103648, 36.549079], [29.096202, 36.549079], [29.092115, 36.553311], [29.065527, 36.590088], [29.060979, 36.619532], [29.068126, 36.625067], [29.080821, 36.639838], [29.096202, 36.645331], [29.096202, 36.639106], [29.090343, 36.628241], [29.098521, 36.624823], [29.110484, 36.627509], [29.11671, 36.635382], [29.11439, 36.644355], [29.109141, 36.653144], [29.102306, 36.660834], [29.096202, 36.666449], [29.033946, 36.702155], [28.956187, 36.728705], [28.946056, 36.738105], [28.938853, 36.752509], [28.922618, 36.742499], [28.904063, 36.724189], [28.890758, 36.713629], [28.890758, 36.707343], [28.897594, 36.707343], [28.897594, 36.700568], [28.878673, 36.699286], [28.870616, 36.697394], [28.863414, 36.693732], [28.859874, 36.685431], [28.862559, 36.676337], [28.862491, 36.674307], [28.816895, 36.675293], [28.764072, 36.688914], [28.746104, 36.69892], [28.70769, 36.70527], [28.611821, 36.747425], [28.612437, 36.748358], [28.616466, 36.768134], [28.613902, 36.786566], [28.603404, 36.796149], [28.602916, 36.800788], [28.604381, 36.802069], [28.607066, 36.802069], [28.61024, 36.802985], [28.609752, 36.803717], [28.608775, 36.805182], [28.608287, 36.805915], [28.606212, 36.808112], [28.606212, 36.808905], [28.60609, 36.810492], [28.60609, 36.811286], [28.61024, 36.817206], [28.603404, 36.817206], [28.598765, 36.808112], [28.597301, 36.803778], [28.596568, 36.796149], [28.590831, 36.800238], [28.588267, 36.809149], [28.575694, 36.820685], [28.546031, 36.824652], [28.524303, 36.814521], [28.527599, 36.789984], [28.517467, 36.796881], [28.507823, 36.798896], [28.497813, 36.799628], [28.486705, 36.802985], [28.500377, 36.809821], [28.500377, 36.817206], [28.477916, 36.817206], [28.463756, 36.819892], [28.455943, 36.829657], [28.452525, 36.850775], [28.459361, 36.850287], [28.464, 36.851081], [28.466197, 36.854499], [28.464976, 36.860602], [28.462413, 36.863288], [28.459972, 36.864997], [28.458751, 36.868109], [28.456554, 36.87873], [28.451915, 36.884772], [28.447276, 36.884284], [28.445079, 36.874945], [28.435924, 36.865973], [28.416026, 36.860907], [28.387096, 36.858222], [28.376475, 36.855658], [28.377208, 36.849555], [28.383678, 36.842536], [28.390514, 36.837104], [28.396617, 36.836554], [28.404918, 36.83869], [28.414561, 36.838324], [28.424571, 36.830329], [28.414073, 36.815863], [28.409581, 36.807164], [28.325475, 36.810976], [28.324718, 36.811286], [28.314708, 36.817206], [28.308604, 36.817206], [28.31003, 36.811676], [28.303711, 36.811963], [28.289078, 36.794957], [28.288463, 36.794928], [28.278087, 36.797675], [28.273814, 36.806403], [28.278087, 36.815314], [28.288829, 36.819648], [28.314708, 36.823493], [28.314708, 36.830329], [28.302623, 36.836859], [28.288341, 36.847052], [28.272838, 36.853156], [28.257091, 36.847357], [28.243053, 36.831], [28.236461, 36.81446], [28.239268, 36.799994], [28.253184, 36.789984], [28.24879, 36.768012], [28.259991, 36.761153], [28.199516, 36.690873], [28.181773, 36.685797], [28.16212, 36.673835], [28.15743, 36.668194], [28.111523, 36.646387], [28.087045, 36.64322], [28.089366, 36.645331], [28.075816, 36.658942], [28.056529, 36.644171], [28.047862, 36.639106], [28.047862, 36.645331], [28.057628, 36.653937], [28.061046, 36.665961], [28.05775, 36.677802], [28.047862, 36.686286], [28.037852, 36.69184], [28.035167, 36.688788], [28.03419, 36.676337], [28.029552, 36.671576], [28.018687, 36.672492], [28.016687, 36.673155], [28.058694, 36.722036], [28.0796, 36.723212], [28.089366, 36.727912], [28.085826, 36.711737], [28.100352, 36.710822], [28.116222, 36.720038], [28.11671, 36.734687], [28.10731, 36.740424], [28.087413, 36.742072], [28.082042, 36.748358], [28.08243, 36.749656], [28.083984, 36.751465], [28.082954, 36.75141], [28.083995, 36.754889], [28.103038, 36.768805], [28.109874, 36.776252], [28.113292, 36.769355], [28.117442, 36.765021], [28.130382, 36.755194], [28.125133, 36.772467], [28.123546, 36.793036], [28.118297, 36.801764], [28.106456, 36.804145], [28.094737, 36.802619], [28.08607, 36.797919], [28.06898, 36.776252], [28.047008, 36.764472], [28.039195, 36.765692], [28.03419, 36.776252], [28.019542, 36.76435], [28.0, 36.75963274055623], [28.0, 36.79813543251009], [28.010387, 36.795539], [28.027354, 36.782538], [28.03065, 36.792914], [28.036754, 36.79859], [28.055308, 36.809821], [28.048961, 36.821845], [28.039439, 36.827887], [28.025645, 36.830024], [28.006847, 36.830329], [28.013682, 36.837104], [28.023204, 36.834418], [28.024425, 36.840277], [28.019602, 36.848164], [28.032256, 36.862553], [28.036143, 36.863776], [28.04481, 36.868476], [28.055308, 36.871833], [28.055308, 36.878058], [28.049868, 36.882581], [28.083008, 36.920264], [28.107328, 36.933356], [28.109874, 36.933356], [28.120006, 36.93891], [28.141856, 36.929877], [28.1515, 36.933356], [28.157115, 36.933356], [28.158946, 36.925788], [28.165172, 36.912848], [28.167979, 36.918036], [28.168101, 36.918524], [28.168224, 36.919562], [28.168224, 36.92005], [28.167003, 36.922003], [28.165172, 36.927069], [28.168224, 36.931403], [28.168224, 36.932196], [28.168101, 36.933844], [28.167979, 36.934577], [28.164073, 36.937323], [28.157115, 36.940192], [28.157115, 36.946967], [28.166392, 36.948065], [28.174327, 36.947211], [28.180431, 36.944464], [28.185069, 36.940192], [28.204845, 36.967536], [28.212291, 36.974311], [28.212291, 36.981696], [28.198619, 36.981696], [28.19986, 36.983169], [28.22249, 36.995351], [28.228404, 36.991767], [28.244395, 36.989386], [28.25294, 36.99494], [28.246471, 37.00904], [28.299937, 37.02619], [28.329356, 37.031623], [28.329234, 37.03797], [28.322642, 37.044989], [28.314708, 37.050055], [28.304576, 37.052008], [28.174205, 37.036322], [28.125987, 37.037055], [28.107188, 37.033271], [28.108454, 37.028295], [28.064914, 37.02623], [28.0, 37.03456741123767], [28.0, 40.0], [44.259753209119765, 40.0], [44.292003, 39.969794]]]}}, {"type": "Feature", "properties": {"NAME": "ARABIAN PENINSULA", "NAME_AR": "شبه الجزيرة العربية", "FEATURECLA": "Pen/cape", "SCALERANK": 1}, "geometry": {"type": "MultiPolygon", "coordinates": [[[[50.727568, 24.86737], [50.804395, 24.789258], [50.835938, 24.850391], [50.846777, 24.888574], [50.833511, 24.943765], [50.880748, 25.043891], [50.887096, 25.243537], [50.876109, 25.454779], [50.890147, 25.629218], [50.932628, 25.774298], [51.000377, 25.951667], [51.047548, 26.023389], [51.108105, 26.080566], [51.259013, 26.15172], [51.266681, 26.148364], [51.389063, 26.011133], [51.543066, 25.902393], [51.572266, 25.781006], [51.526953, 25.682129], [51.485352, 25.524707], [51.510254, 25.452344], [51.519531, 25.389746], [51.561426, 25.284473], [51.601953, 25.147949], [51.608887, 25.052881], [51.586914, 24.964844], [51.533398, 24.890869], [51.42793, 24.668262], [51.396484, 24.645117], [51.267969, 24.607227], [51.338477, 24.564355], [51.41123, 24.570801], [51.418359, 24.530957], [51.369922, 24.476904], [51.309863, 24.340381], [51.395215, 24.318848], [51.476758, 24.308203], [51.534766, 24.286328], [51.568359, 24.286182], [51.596079, 24.325208], [51.667491, 24.208991], [51.783391, 24.136628], [51.791699, 24.074756], [51.843164, 24.010889], [51.906055, 23.985352], [52.118555, 23.971094], [52.250879, 23.995215], [52.511426, 24.1125], [52.556438, 24.126363], [52.997325, 24.114936], [53.461436, 24.054145], [53.768564, 24.071518], [53.801758, 24.069482], [53.893359, 24.077051], [53.898233, 24.078853], [53.903819, 24.079169], [53.911257, 24.083669], [54.147949, 24.171191], [54.304297, 24.254297], [54.39707, 24.278174], [54.458398, 24.358252], [54.498828, 24.462695], [54.534668, 24.530957], [54.580469, 24.563525], [54.611825, 24.605018], [55.044269, 25.006159], [55.098145, 25.041602], [55.303516, 25.236816], [55.32168, 25.299805], [55.433398, 25.394482], [55.522852, 25.498145], [55.941211, 25.793994], [56.0, 25.879409690583923], [56.0, 17.935338905030864], [55.997656, 17.935205], [55.813005, 17.911572], [55.6421, 17.908087], [55.60397, 17.882939], [55.479102, 17.843262], [55.255371, 17.585645], [55.238184, 17.504736], [55.281445, 17.44624], [55.295605, 17.381592], [55.275195, 17.320898], [55.17373, 17.157617], [55.070869, 17.046184], [55.060196, 17.037909], [54.934189, 17.005891], [54.818858, 16.999518], [54.601329, 17.030829], [54.576907, 17.028879], [54.566504, 17.03125], [54.376953, 17.033643], [54.068164, 17.005518], [53.954395, 16.917822], [53.775391, 16.855713], [53.635069, 16.774541], [53.381217, 16.733133], [53.297754, 16.72334], [53.277666, 16.716242], [52.840709, 16.644965], [52.654552, 16.59925], [52.480968, 16.525885], [52.339, 16.410651], [52.246226, 16.218146], [52.24038, 16.175541], [52.237305, 16.171387], [52.174023, 15.956836], [52.197313, 15.861712], [52.187755, 15.79206], [52.075694, 15.595282], [52.037507, 15.565342], [51.96582, 15.535693], [51.830762, 15.459277], [51.748633, 15.440137], [51.681543, 15.379102], [51.603711, 15.336816], [51.322461, 15.22627], [51.015137, 15.140771], [50.527051, 15.038184], [50.379424, 14.951252], [50.191183, 14.924033], [49.65797, 14.84693], [49.487193, 14.800727], [49.331554, 14.724005], [49.194469, 14.617926], [49.079112, 14.483771], [49.074908, 14.477786], [49.048047, 14.456445], [49.029584, 14.41326], [48.978404, 14.340399], [48.867686, 14.208686], [48.733165, 14.106269], [48.56129, 14.050482], [48.164806, 14.01966], [48.159977, 14.018305], [47.989941, 14.048096], [47.916016, 14.012842], [47.855078, 13.956934], [47.633398, 13.858447], [47.477842, 13.722781], [47.269054, 13.624335], [47.179186, 13.594669], [46.975684, 13.547461], [46.947911, 13.535288], [46.780162, 13.517646], [46.533702, 13.512213], [46.278819, 13.491706], [46.080821, 13.419806], [46.066047, 13.409539], [45.919727, 13.394287], [45.657324, 13.338721], [45.533984, 13.233496], [45.393555, 13.067041], [45.163867, 12.998291], [45.109766, 12.938574], [45.086671, 12.898714], [44.539317, 12.809638], [43.983741, 12.610236], [43.929785, 12.616504], [43.835352, 12.674414], [43.634375, 12.744482], [43.550625, 12.718432], [43.48064, 12.778092], [43.475293, 12.839014], [43.231934, 13.26709], [43.282617, 13.639844], [43.282422, 13.692529], [43.234082, 13.858936], [43.089063, 14.010986], [43.093359, 14.203662], [43.044824, 14.341553], [43.00625, 14.483105], [43.01875, 14.520801], [43.021094, 14.554883], [42.946973, 14.773145], [42.922168, 14.817383], [42.912988, 14.863086], [42.937305, 14.898047], [42.936426, 14.938574], [42.89707, 15.005566], [42.855664, 15.132959], [42.657812, 15.232813], [42.697852, 15.326318], [42.736426, 15.293555], [42.788477, 15.265723], [42.799023, 15.32627], [42.799902, 15.371631], [42.717188, 15.654639], [42.839648, 16.032031], [42.799316, 16.371777], [42.789844, 16.451563], [42.730664, 16.569824], [42.726367, 16.65332], [42.698828, 16.736963], [42.647461, 16.801367], [42.55293, 16.868457], [42.544141, 16.959668], [42.475, 17.049854], [42.383301, 17.122461], [42.332422, 17.256641], [42.293945, 17.434961], [42.052246, 17.669336], [41.75, 17.885742], [41.658008, 18.007666], [41.507617, 18.256104], [41.431738, 18.452441], [41.2975, 18.602431], [41.275157, 18.660285], [41.221541, 18.757845], [41.220801, 18.765234], [41.19082, 18.871191], [41.144141, 18.989062], [41.116016, 19.082178], [40.913281, 19.490137], [40.847852, 19.555273], [40.791602, 19.646387], [40.777051, 19.716895], [40.75918, 19.755469], [40.615918, 19.822363], [40.482227, 19.993457], [40.080664, 20.265918], [39.884082, 20.292969], [39.757215, 20.372271], [39.706395, 20.414685], [39.613672, 20.517676], [39.491211, 20.737012], [39.348059, 20.894687], [39.112687, 21.351347], [39.150684, 21.432764], [39.14707, 21.518994], [39.091016, 21.663965], [39.029785, 21.775977], [38.987891, 21.881738], [39.021191, 22.033447], [39.029548, 22.144442], [39.06776, 22.260993], [39.069499, 22.292589], [39.069922, 22.293652], [39.095898, 22.392773], [39.062012, 22.592188], [39.001367, 22.698975], [39.007422, 22.770068], [38.953838, 22.797165], [38.910069, 22.88194], [38.941113, 22.881836], [38.875949, 22.948025], [38.875865, 22.948188], [38.695201, 23.403693], [38.505015, 23.652655], [38.488189, 23.664514], [38.46416, 23.711865], [38.288867, 23.910986], [38.098633, 24.058008], [37.977832, 24.124561], [37.919727, 24.1854], [37.820996, 24.1875], [37.713379, 24.274414], [37.638557, 24.277718], [37.575938, 24.344428], [37.303966, 24.667182], [37.188609, 24.829718], [37.188372, 24.830148], [37.22041, 24.87334], [37.266309, 24.960059], [37.243457, 25.073437], [37.218359, 25.150684], [37.148828, 25.291113], [36.920703, 25.641162], [36.860156, 25.69248], [36.762695, 25.751318], [36.702539, 25.902881], [36.675195, 26.038867], [36.535921, 26.097637], [36.242198, 26.62757], [36.03419, 26.882331], [35.977092, 26.938711], [35.85166, 27.070459], [35.762988, 27.258789], [35.581348, 27.432471], [35.423828, 27.733789], [35.180469, 28.034863], [35.07832, 28.087012], [34.827539, 28.108594], [34.72207, 28.130664], [34.627902, 28.06648], [34.624194, 28.072194], [34.616211, 28.14834], [34.683301, 28.264111], [34.779883, 28.507324], [34.799121, 28.720508], [34.950781, 29.353516], [34.982227, 29.484473], [34.974418, 29.547155], [35.098765, 29.79859], [35.388805, 30.092963], [35.494273, 30.151984], [35.600963, 30.193915], [35.828136, 30.264411], [35.999522, 30.333686], [36.331309, 30.496711], [36.501353, 30.564887], [38.14702, 30.978899], [38.358775, 31.032172], [38.652232, 31.069403], [42.829472, 31.025731], [43.153331, 31.022345], [43.672008, 30.979499], [44.349864, 30.868842], [44.519542, 30.857123], [44.687389, 30.836249], [44.858287, 30.782965], [45.143321, 30.658026], [45.285777, 30.609137], [47.409434, 30.131415], [47.658336, 30.052924], [47.876475, 29.947211], [47.992686, 29.807379], [47.950328, 29.676459], [47.876321, 29.544477], [47.872569, 29.537787], [47.872778, 29.534394], [47.81748, 29.487402], [47.725293, 29.416943], [47.722656, 29.393018], [47.845313, 29.365723], [47.888849, 29.366148], [47.928722, 29.310981], [48.046764, 29.192755], [48.095714, 29.124579], [48.138316, 29.030036], [48.207164, 28.833503], [48.24818, 28.738044], [48.901012, 27.523383], [48.991588, 27.424994], [49.040904, 27.396674], [49.099864, 27.373603], [49.216075, 27.33869], [49.282107, 27.309908], [49.405273, 27.180957], [49.537695, 27.151758], [49.716504, 26.955859], [49.881876, 26.877995], [49.978526, 26.790656], [50.061057, 26.686091], [50.026367, 26.699219], [50.008105, 26.678516], [50.011328, 26.608789], [50.027344, 26.526855], [50.110742, 26.455957], [50.136014, 26.438583], [50.133922, 26.337775], [50.10731, 26.160712], [50.109457, 26.112523], [50.095996, 26.118701], [50.053906, 26.122852], [50.031641, 26.110986], [50.081055, 25.961377], [50.120261, 25.869974], [50.12086, 25.856513], [50.230357, 25.597663], [50.378429, 25.35163], [50.550548, 24.986762], [50.616466, 24.897956], [50.704845, 24.857733], [50.727568, 24.86737]]], [[[54.46543, 24.442773], [54.456641, 24.42334], [54.428418, 24.425098], [54.420105, 24.427176], [54.44945, 24.454397], [54.46543, 24.442773]]], [[[36.924414, 25.425537], [36.954785, 25.414648], [36.91531, 25.391174], [36.887604, 25.453262], [36.924414, 25.425537]]]]}}, {"type": "Feature", "properties": {"NAME": "SAHARA", "NAME_AR": "الصحراء الكبرى", "FEATURECLA": "Desert", "SCALERANK": 1}, "geometry": {"type": "Polygon", "coordinates": [[[30.960938, 30.07406], [31.026622, 30.071112], [31.177019, 30.115366], [31.251475, 30.137274], [31.30035, 30.176375], [31.714488, 30.507697], [32.272968, 30.621934], [32.296641, 30.626776], [32.416345, 30.375327], [32.555438, 30.083148], [32.561168, 30.071112], [32.488247, 29.9334], [32.473047, 29.925439], [32.476291, 29.910821], [32.323009, 29.621344], [32.537519, 29.294489], [32.589712, 29.214961], [32.600841, 29.198004], [32.635512, 29.103949], [32.631836, 28.992236], [32.658887, 28.927734], [32.729871, 28.847974], [32.786143, 28.695319], [32.894982, 28.570346], [32.898242, 28.565234], [32.906711, 28.556878], [33.142542, 28.286088], [33.202148, 28.208301], [33.244404, 28.169126], [33.500499, 27.875067], [33.554591, 27.771769], [33.558789, 27.701221], [33.549805, 27.607373], [33.657422, 27.430566], [33.697266, 27.341113], [33.80166, 27.268164], [33.849316, 27.184912], [33.893066, 27.049463], [33.959082, 26.649023], [34.049512, 26.550732], [34.329297, 26.024365], [34.565137, 25.691162], [34.679297, 25.442529], [34.853223, 25.139795], [35.194141, 24.475146], [35.378428, 24.288819], [35.405528, 24.237067], [35.437127, 24.212841], [35.477832, 24.154785], [35.624707, 24.066016], [35.783887, 23.937793], [35.764481, 23.939397], [35.659193, 23.957705], [35.498057, 23.985724], [35.484874, 23.615302], [35.517587, 23.537303], [35.522754, 23.442529], [35.564355, 23.271094], [35.697852, 22.946191], [35.797363, 22.84873], [35.845801, 22.785693], [35.913379, 22.739648], [35.945346, 22.728446], [35.96107, 22.70246], [36.230876, 22.504096], [36.856195, 22.044355], [36.867269, 22.022087], [36.870577, 22.012511], [36.871387, 21.996729], [36.882617, 21.768799], [36.926953, 21.586523], [37.081152, 21.326025], [37.115866, 21.288754], [37.148485, 21.076713], [37.141113, 20.981787], [37.156836, 20.894922], [37.172656, 20.731982], [37.227539, 20.556738], [37.187891, 20.394922], [37.193164, 20.120703], [37.262598, 19.791895], [37.248438, 19.581885], [37.361523, 19.091992], [37.471289, 18.820117], [37.500642, 18.787535], [37.508922, 18.73371], [37.74472, 18.407291], [37.852916, 18.257514], [37.847301, 18.240171], [37.821374, 18.160086], [37.71793, 17.840562], [37.707286, 17.807685], [38.329112, 16.206977], [38.461436, 15.161872], [38.401651, 15.151329], [38.236461, 15.122199], [37.879283, 14.579779], [38.005207, 13.887374], [38.011607, 13.852179], [38.010119, 13.850195], [37.733775, 13.481757], [37.617262, 13.574445], [37.151744, 13.94477], [37.143515, 13.971504], [36.992931, 14.4607], [36.983099, 14.756702], [36.979747, 14.857611], [36.622569, 15.254462], [36.558871, 15.225649], [36.538812, 15.216576], [36.066905, 15.003119], [36.022516, 14.880374], [35.842052, 14.381354], [35.793372, 14.274978], [35.181962, 12.938903], [35.127696, 12.820319], [35.118816, 12.815708], [34.313261, 12.397421], [33.782395, 12.121767], [33.751842, 12.105902], [33.44752, 11.404792], [33.452519, 11.336685], [33.518095, 10.443241], [33.550519, 10.001487], [33.55062810796616, 10.0], [28.0, 10.0], [28.0, 30.206948585787543], [30.960938, 30.07406]]]}}, {"type": "Feature", "properties": {"NAME": "AFRICA", "NAME_AR": "إفريقيا", "FEATURECLA": "Continent", "SCALERANK": 0}, "geometry": {"type": "MultiPolygon", "coordinates": [[[[28.180932, 31.0791], [28.815596, 30.894834], [29.012048, 30.837797], [29.055431, 30.825202], [29.068338, 30.831268], [29.07207, 30.830273], [29.159961, 30.83457], [29.278906, 30.866943], [29.428516, 30.927441], [29.591602, 31.011523], [29.929785, 31.22749], [30.049414, 31.26543], [30.127539, 31.255664], [30.222656, 31.258398], [30.262305, 31.316846], [30.312305, 31.357031], [30.34375, 31.402734], [30.386498, 31.448408], [30.398941, 31.450631], [30.479216, 31.464972], [30.570996, 31.472998], [30.666578, 31.498443], [30.899892, 31.540122], [30.88418, 31.522363], [30.562988, 31.416992], [30.700488, 31.403857], [30.841406, 31.439893], [31.001758, 31.462793], [31.030859, 31.507568], [31.045572, 31.566147], [31.119151, 31.579291], [31.254261, 31.56399], [31.524414, 31.458252], [31.606543, 31.455762], [31.770632, 31.505512], [31.816771, 31.500287], [31.820323, 31.499884], [31.877889, 31.422192], [31.875879, 31.413721], [31.771094, 31.292578], [31.902051, 31.240186], [32.008496, 31.220508], [32.065625, 31.152979], [32.101758, 31.092822], [32.206543, 31.119043], [32.281836, 31.200879], [32.257684, 31.229107], [32.317732, 31.259147], [32.323535, 31.256055], [32.532812, 31.100732], [32.60332, 31.06875], [32.68457, 31.074023], [32.854492, 31.117725], [32.901563, 31.110938], [33.129883, 31.168164], [33.156738, 31.126221], [33.194336, 31.084521], [33.37793, 31.130957], [33.666504, 31.13042], [33.902539, 31.180957], [34.17627, 31.303906], [34.198145, 31.322607], [34.209821, 31.332557], [34.248875, 31.342656], [34.2942, 31.354377], [34.348834, 31.317194], [35.246715, 30.706122], [35.112822, 30.130267], [35.069926, 29.945776], [34.993687, 29.617881], [34.982188, 29.568427], [34.972127, 29.553557], [34.904297, 29.477344], [34.848535, 29.432129], [34.736426, 29.270605], [34.713249, 29.170951], [34.677867, 29.118659], [34.400035, 28.404242], [34.433402, 28.187623], [34.427148, 28.106494], [34.399707, 28.016016], [34.375158, 27.977582], [34.241344, 27.835395], [33.725352, 28.099982], [33.665131, 28.166713], [33.594141, 28.255566], [33.565349, 28.277282], [33.23585, 28.642401], [33.143321, 29.039252], [32.759654, 29.502265], [32.561168, 30.03144], [32.518832, 29.949418], [32.473047, 29.925439], [32.483093, 29.880174], [32.428605, 29.774608], [32.408594, 29.749316], [32.381231, 29.682825], [32.349498, 29.621344], [32.385936, 29.563056], [32.397266, 29.533789], [32.412729, 29.520198], [32.614146, 29.198004], [32.636724, 29.140789], [32.631836, 28.992236], [32.658887, 28.927734], [32.770116, 28.802752], [32.812511, 28.695319], [32.847757, 28.654087], [32.856543, 28.630615], [32.898242, 28.565234], [33.022852, 28.442285], [33.202148, 28.208301], [33.330719, 28.089104], [33.513682, 27.875067], [33.553727, 27.786289], [33.558789, 27.701221], [33.549805, 27.607373], [33.657422, 27.430566], [33.697266, 27.341113], [33.780882, 27.282683], [33.818004, 27.200385], [33.883828, 27.078064], [33.893066, 27.049463], [33.959082, 26.649023], [34.049512, 26.550732], [34.329297, 26.024365], [34.565137, 25.691162], [34.679297, 25.442529], [34.853223, 25.139795], [35.194141, 24.475146], [35.392417, 24.274675], [35.405528, 24.250312], [35.41809, 24.239992], [35.477832, 24.154785], [35.624707, 24.066016], [35.773315, 23.946308], [35.659193, 23.957705], [35.511241, 23.97248], [35.498057, 23.793891], [35.484874, 23.615302], [35.516819, 23.551399], [35.522754, 23.442529], [35.564355, 23.271094], [35.697852, 22.946191], [35.797363, 22.84873], [35.845801, 22.785693], [35.913379, 22.739648], [35.924572, 22.735726], [35.934581, 22.715705], [35.955478, 22.70078], [36.230876, 22.504096], [36.846054, 22.064747], [36.87041, 22.015771], [36.871387, 21.996729], [36.882617, 21.768799], [36.926953, 21.586523], [37.077027, 21.332995], [37.098765, 21.260504], [37.164928, 20.453559], [37.189066, 20.333805], [37.193164, 20.120703], [37.262598, 19.791895], [37.248438, 19.581885], [37.361523, 19.091992], [37.471289, 18.820117], [37.500771, 18.787391], [37.508922, 18.746955], [37.55085, 18.723132], [38.032941, 18.449227], [38.074023, 18.409766], [38.128125, 18.333301], [38.201758, 18.249414], [38.252148, 18.264404], [38.283105, 18.286719], [38.33291, 18.219043], [38.528333, 18.100633], [38.924449, 17.357917], [39.136119, 16.590644], [39.281627, 15.902716], [39.409987, 15.800052], [39.41471, 15.794904], [39.449784, 15.703557], [39.506543, 15.532129], [39.578809, 15.52251], [39.63125, 15.452539], [39.720801, 15.213672], [39.785547, 15.124854], [39.819434, 15.20127], [39.815625, 15.245313], [39.790332, 15.318848], [39.813477, 15.413574], [39.86377, 15.470313], [39.97832, 15.393115], [40.041016, 15.334521], [40.057813, 15.21709], [40.084082, 15.151953], [40.131662, 15.097308], [40.14149, 15.056037], [40.185146, 15.035882], [40.204102, 15.014111], [40.305273, 14.974023], [40.436523, 14.963965], [40.546289, 14.933594], [40.634375, 14.883008], [40.665329, 14.856736], [40.7765, 14.751776], [40.797083, 14.744913], [40.799316, 14.743018], [40.941656, 14.696707], [41.17335, 14.619452], [41.542031, 14.131249], [41.56384, 14.10237], [41.662852, 13.971259], [41.66545, 13.970447], [41.686847, 13.963759], [42.245117, 13.587646], [42.258334, 13.562932], [42.321691, 13.409897], [42.390373, 13.243997], [42.399316, 13.212598], [42.440654, 13.215571], [42.567044, 13.144771], [42.617542, 13.116484], [42.653225, 13.096496], [42.734473, 13.018604], [42.796191, 12.864258], [42.915006, 12.825936], [42.919688, 12.820319], [42.930237, 12.821023], [42.969531, 12.80835], [42.974589, 12.823985], [43.076025, 12.830757], [43.08291, 12.824609], [43.116699, 12.708594], [43.130859, 12.660449], [43.298633, 12.463867], [43.353516, 12.367041], [43.409068, 12.192137], [43.409068, 12.187608], [43.380273, 12.09126], [43.336719, 12.027002], [43.312922, 12.005847], [43.273674, 11.991987], [43.184215, 11.960395], [43.038707, 11.828131], [42.774181, 11.748725], [42.731261, 11.662984], [42.640039, 11.560107], [42.521777, 11.572168], [42.539746, 11.504297], [42.583789, 11.496777], [42.652734, 11.50957], [42.789746, 11.561719], [42.911523, 11.586621], [43.042773, 11.588477], [43.149058, 11.568406], [43.232933, 11.510067], [43.245996, 11.499805], [43.441211, 11.346436], [43.631152, 11.035449], [43.852734, 10.784277], [44.158203, 10.550781], [44.177162, 10.538427], [44.266831, 10.45436], [44.269054, 10.452277], [44.329751, 10.452277], [44.386523, 10.430225], [44.942969, 10.436719], [44.971796, 10.452277], [44.983409, 10.452277], [45.385178, 10.67019], [45.695898, 10.803906], [45.816699, 10.835889], [46.024512, 10.793701], [46.194007, 10.784393], [46.20045, 10.783026], [46.274878, 10.756435], [46.368571, 10.72296], [46.385631, 10.716864], [46.388087, 10.717956], [46.436664, 10.739544], [46.460254, 10.73418], [46.565039, 10.745996], [46.973438, 10.925391], [47.197159, 11.077518], [47.414556, 11.174132], [47.473828, 11.174805], [47.7125, 11.112012], [48.019238, 11.139355], [48.438867, 11.290137], [48.572559, 11.320508], [48.674414, 11.322656], [48.903125, 11.254883], [48.938574, 11.258447], [49.062109, 11.27085], [49.388281, 11.342725], [49.465326, 11.37557], [49.475843, 11.377365], [49.481334, 11.378302], [49.481714, 11.378759], [49.486622, 11.384649], [49.64209, 11.450928], [50.110059, 11.529297], [50.466211, 11.727539], [50.52832, 11.823193], [50.635938, 11.943799], [50.792285, 11.983691], [51.191309, 11.841992], [51.236266, 11.834016], [51.185925, 11.602512], [51.184119, 11.594207], [51.136328, 11.505127], [51.084277, 11.335645], [51.086003, 11.323883], [51.055553, 11.246039], [51.066391, 11.235208], [51.104621, 11.197003], [51.122266, 11.076758], [51.140625, 10.656885], [51.13125, 10.595898], [51.104883, 10.53584], [51.093848, 10.488525], [51.050781, 10.471973], [51.031836, 10.444775], [51.063184, 10.433936], [51.188281, 10.479736], [51.185547, 10.529834], [51.192969, 10.554639], [51.295703, 10.498682], [51.363226, 10.477132], [51.370333, 10.472268], [51.380035, 10.448058], [51.303593, 10.431531], [51.237949, 10.417338], [51.208789, 10.431055], [51.035938, 10.385156], [50.990399, 10.363815], [50.937946, 10.352475], [50.910045, 10.346442], [50.898646, 10.253669], [50.898438, 10.253125], [50.898214, 10.250154], [50.86747872225795, 10.0], [28.0, 10.0], [28.0, 31.094629246154277], [28.180932, 31.0791]]], [[[40.023926, 15.655615], [40.063477, 15.665869], [40.070508, 15.676611], [40.016309, 15.733252], [39.964094, 15.740964], [39.989383, 15.816857], [40.000488, 15.828271], [39.995506, 15.835233], [40.009166, 15.876227], [40.108017, 15.82485], [40.132422, 15.795264], [40.141211, 15.696143], [40.18252, 15.64292], [40.211426, 15.648145], [40.234082, 15.665869], [40.250098, 15.703467], [40.386228, 15.639522], [40.405184, 15.612977], [40.404712, 15.610442], [40.367301, 15.579029], [40.304688, 15.577344], [40.195801, 15.598145], [40.095117, 15.590918], [39.975195, 15.612451], [39.948307, 15.693589], [39.948903, 15.695378], [40.023926, 15.655615]]]]}}, {"type": "Feature", "properties": {"NAME": "ASIA", "NAME_AR": "آسيا", "FEATURECLA": "Continent", "SCALERANK": 0}, "geometry": {"type": "MultiPolygon", "coordinates": [[[[55.941113, 27.037598], [55.650293, 26.977539], [55.591602, 26.932129], [55.518555, 26.829932], [55.424023, 26.770557], [55.294141, 26.785937], [55.15459, 26.725391], [54.895801, 26.556689], [54.759277, 26.505078], [54.644922, 26.508936], [54.52207, 26.58916], [54.24707, 26.696631], [54.069336, 26.732373], [53.822559, 26.707715], [53.705762, 26.725586], [53.507129, 26.851758], [53.45498, 26.943262], [53.341699, 27.004492], [52.98252, 27.141943], [52.691602, 27.323389], [52.638184, 27.391992], [52.602637, 27.493359], [52.475879, 27.616504], [52.191895, 27.717285], [52.030762, 27.824414], [51.841992, 27.848242], [51.666309, 27.844971], [51.589063, 27.864209], [51.518555, 27.91001], [51.278906, 28.131348], [51.276074, 28.218848], [51.128418, 28.435156], [51.093848, 28.512109], [51.062012, 28.726123], [51.021191, 28.78208], [50.866992, 28.870166], [50.842969, 28.927832], [50.875781, 29.004395], [50.875781, 29.062695], [50.795508, 29.117432], [50.675195, 29.146582], [50.646094, 29.212207], [50.667969, 29.339844], [50.649609, 29.420068], [50.543555, 29.547998], [50.386914, 29.679053], [50.230176, 29.8729], [50.168945, 29.92124], [50.128906, 30.048096], [50.071582, 30.198535], [49.983105, 30.209375], [49.554883, 30.028955], [49.42998, 30.130469], [49.054297, 30.306934], [49.028125, 30.333447], [49.001953, 30.373926], [49.049023, 30.397266], [49.096191, 30.406787], [49.190332, 30.375391], [49.247266, 30.4125], [49.224512, 30.472314], [49.130371, 30.509424], [49.001953, 30.506543], [49.037109, 30.450488], [48.916797, 30.397266], [48.891211, 30.327637], [48.908691, 30.241455], [48.919141, 30.120898], [48.870117, 30.062402], [48.832422, 30.035498], [48.670898, 30.02832], [48.595508, 29.975049], [48.546484, 29.962354], [48.454199, 29.938477], [48.35459, 29.956738], [48.141699, 30.040918], [48.072754, 30.043213], [47.98252, 30.011328], [47.978711, 29.982813], [47.973633, 29.945898], [48.005664, 29.835791], [48.077344, 29.715576], [48.136133, 29.618115], [48.143457, 29.572461], [48.089453, 29.579102], [48.04834, 29.59751], [47.969629, 29.616699], [47.81748, 29.487402], [47.725293, 29.416943], [47.722656, 29.393018], [47.845313, 29.365723], [47.935352, 29.366602], [47.998145, 29.385547], [48.051465, 29.355371], [48.086328, 29.275488], [48.100391, 29.210742], [48.183789, 28.979395], [48.25293, 28.90127], [48.339258, 28.763281], [48.371289, 28.691846], [48.389648, 28.631592], [48.44248, 28.54292], [48.498535, 28.448877], [48.523047, 28.355029], [48.626367, 28.132568], [48.77373, 27.959082], [48.808984, 27.895898], [48.832813, 27.800684], [48.807227, 27.765283], [48.797168, 27.724316], [48.906445, 27.629053], [49.086914, 27.548584], [49.15752, 27.528223], [49.2375, 27.492725], [49.175098, 27.437646], [49.281543, 27.310498], [49.405273, 27.180957], [49.537695, 27.151758], [49.716504, 26.955859], [49.986133, 26.828906], [50.149805, 26.662646], [50.134668, 26.659521], [50.086621, 26.676416], [50.026367, 26.699219], [50.008105, 26.678516], [50.011328, 26.608789], [50.027344, 26.526855], [50.110742, 26.455957], [50.184961, 26.404932], [50.213867, 26.308496], [50.155469, 26.100537], [50.135254, 26.100684], [50.095996, 26.118701], [50.053906, 26.122852], [50.031641, 26.110986], [50.081055, 25.961377], [50.130273, 25.846631], [50.189648, 25.755811], [50.238965, 25.622852], [50.28125, 25.566113], [50.455176, 25.424805], [50.508496, 25.306689], [50.55791, 25.08667], [50.666895, 24.963818], [50.725586, 24.869385], [50.804395, 24.789258], [50.835938, 24.850391], [50.846777, 24.888574], [50.777344, 25.177441], [50.75459, 25.399268], [50.762891, 25.444727], [50.802637, 25.49707], [50.868652, 25.612695], [50.903809, 25.724072], [51.003125, 25.981445], [51.108105, 26.080566], [51.262305, 26.153271], [51.389063, 26.011133], [51.543066, 25.902393], [51.572266, 25.781006], [51.526953, 25.682129], [51.485352, 25.524707], [51.510254, 25.452344], [51.519531, 25.389746], [51.561426, 25.284473], [51.601953, 25.147949], [51.608887, 25.052881], [51.586914, 24.964844], [51.533398, 24.890869], [51.42793, 24.668262], [51.396484, 24.645117], [51.267969, 24.607227], [51.338477, 24.564355], [51.41123, 24.570801], [51.418359, 24.530957], [51.369922, 24.476904], [51.309863, 24.340381], [51.395215, 24.318848], [51.476758, 24.308203], [51.534766, 24.286328], [51.568359, 24.286182], [51.605469, 24.338428], [51.623145, 24.301074], [51.664551, 24.250439], [51.734766, 24.262793], [51.767578, 24.254395], [51.791699, 24.074756], [51.843164, 24.010889], [51.906055, 23.985352], [52.118555, 23.971094], [52.250879, 23.995215], [52.511426, 24.1125], [52.648242, 24.154639], [53.026367, 24.147314], [53.32959, 24.098438], [53.801758, 24.069482], [53.893359, 24.077051], [54.147949, 24.171191], [54.304297, 24.254297], [54.39707, 24.278174], [54.458398, 24.358252], [54.498828, 24.462695], [54.534668, 24.530957], [54.580469, 24.563525], [54.624121, 24.621289], [54.658984, 24.715527], [54.746777, 24.810449], [55.098145, 25.041602], [55.303516, 25.236816], [55.32168, 25.299805], [55.433398, 25.394482], [55.522852, 25.498145], [55.941211, 25.793994], [56.0, 25.879409690583923], [56.0, 17.935338905030864], [55.997656, 17.935205], [55.613867, 17.886084], [55.479102, 17.843262], [55.255371, 17.585645], [55.238184, 17.504736], [55.281445, 17.44624], [55.295605, 17.381592], [55.275195, 17.320898], [55.17373, 17.157617], [55.06416, 17.038916], [54.771875, 16.964648], [54.664648, 17.008887], [54.566504, 17.03125], [54.376953, 17.033643], [54.068164, 17.005518], [53.954395, 16.917822], [53.775391, 16.855713], [53.609863, 16.759961], [53.297754, 16.72334], [53.085645, 16.648389], [52.581445, 16.470361], [52.448438, 16.39126], [52.327734, 16.293555], [52.237305, 16.171387], [52.174023, 15.956836], [52.22207, 15.760596], [52.21748, 15.655518], [52.087305, 15.585937], [51.96582, 15.535693], [51.830762, 15.459277], [51.748633, 15.440137], [51.681543, 15.379102], [51.603711, 15.336816], [51.322461, 15.22627], [51.015137, 15.140771], [50.527051, 15.038184], [50.338574, 14.927197], [50.166895, 14.851025], [49.906348, 14.828125], [49.548633, 14.722412], [49.349902, 14.637793], [49.10293, 14.500049], [49.048047, 14.456445], [49.004687, 14.355029], [48.928711, 14.26748], [48.77998, 14.123877], [48.668359, 14.050146], [48.59375, 14.04624], [48.449023, 14.005908], [48.277832, 13.997656], [47.989941, 14.048096], [47.916016, 14.012842], [47.855078, 13.956934], [47.633398, 13.858447], [47.407715, 13.661621], [47.242578, 13.609375], [46.975684, 13.547461], [46.788867, 13.465576], [46.663477, 13.432715], [46.501953, 13.415576], [46.203125, 13.423828], [45.919727, 13.394287], [45.657324, 13.338721], [45.533984, 13.233496], [45.393555, 13.067041], [45.163867, 12.998291], [45.109766, 12.938574], [45.038672, 12.815869], [44.889844, 12.78418], [44.755273, 12.76377], [44.617773, 12.817236], [44.358496, 12.669141], [44.260352, 12.644629], [44.111523, 12.638672], [44.005859, 12.607666], [43.929785, 12.616504], [43.835352, 12.674414], [43.634375, 12.744482], [43.487598, 12.698828], [43.475293, 12.839014], [43.231934, 13.26709], [43.282617, 13.639844], [43.282422, 13.692529], [43.234082, 13.858936], [43.089063, 14.010986], [43.093359, 14.203662], [43.044824, 14.341553], [43.00625, 14.483105], [43.01875, 14.520801], [43.021094, 14.554883], [42.946973, 14.773145], [42.922168, 14.817383], [42.912988, 14.863086], [42.937305, 14.898047], [42.936426, 14.938574], [42.89707, 15.005566], [42.855664, 15.132959], [42.657812, 15.232813], [42.697852, 15.326318], [42.736426, 15.293555], [42.788477, 15.265723], [42.799023, 15.32627], [42.799902, 15.371631], [42.717188, 15.654639], [42.839648, 16.032031], [42.799316, 16.371777], [42.789844, 16.451563], [42.730664, 16.569824], [42.726367, 16.65332], [42.698828, 16.736963], [42.647461, 16.801367], [42.55293, 16.868457], [42.544141, 16.959668], [42.475, 17.049854], [42.383301, 17.122461], [42.332422, 17.256641], [42.293945, 17.434961], [42.052246, 17.669336], [41.75, 17.885742], [41.658008, 18.007666], [41.507617, 18.256104], [41.431738, 18.452441], [41.229492, 18.678418], [41.220801, 18.765234], [41.19082, 18.871191], [41.144141, 18.989062], [41.116016, 19.082178], [40.913281, 19.490137], [40.847852, 19.555273], [40.791602, 19.646387], [40.777051, 19.716895], [40.75918, 19.755469], [40.615918, 19.822363], [40.482227, 19.993457], [40.080664, 20.265918], [39.884082, 20.292969], [39.72832, 20.390332], [39.613672, 20.517676], [39.491211, 20.737012], [39.276074, 20.973975], [39.093555, 21.310352], [39.150684, 21.432764], [39.14707, 21.518994], [39.091016, 21.663965], [39.029785, 21.775977], [38.987891, 21.881738], [39.021191, 22.033447], [39.033984, 22.203369], [39.069922, 22.293652], [39.095898, 22.392773], [39.062012, 22.592188], [39.001367, 22.698975], [39.007422, 22.770068], [38.93877, 22.804785], [38.88291, 22.882031], [38.941113, 22.881836], [38.835547, 22.989063], [38.796875, 23.048584], [38.757031, 23.194287], [38.706055, 23.305518], [38.542285, 23.55791], [38.46416, 23.711865], [38.288867, 23.910986], [38.098633, 24.058008], [37.977832, 24.124561], [37.919727, 24.1854], [37.820996, 24.1875], [37.713379, 24.274414], [37.638184, 24.277734], [37.543066, 24.29165], [37.430957, 24.459033], [37.338477, 24.61582], [37.180859, 24.82002], [37.22041, 24.87334], [37.266309, 24.960059], [37.243457, 25.073437], [37.218359, 25.150684], [37.148828, 25.291113], [36.920703, 25.641162], [36.860156, 25.69248], [36.762695, 25.751318], [36.702539, 25.902881], [36.675195, 26.038867], [36.51875, 26.104883], [36.249609, 26.594775], [36.09375, 26.76582], [36.032031, 26.881006], [35.85166, 27.070459], [35.762988, 27.258789], [35.581348, 27.432471], [35.423828, 27.733789], [35.180469, 28.034863], [35.07832, 28.087012], [34.827539, 28.108594], [34.72207, 28.130664], [34.625, 28.064502], [34.616211, 28.14834], [34.683301, 28.264111], [34.779883, 28.507324], [34.799121, 28.720508], [34.950781, 29.353516], [34.982227, 29.484473], [34.973438, 29.555029], [34.907369, 29.480796], [34.898322, 29.578444], [34.868419, 29.90119], [34.718394, 30.250739], [34.484141, 30.982856], [34.348834, 31.317194], [34.337047, 31.34632], [34.269515, 31.361797], [34.266599, 31.362466], [34.262211, 31.377198], [34.387305, 31.483789], [34.477344, 31.584863], [34.483984, 31.592285], [34.678418, 31.895703], [34.803809, 32.196338], [34.921875, 32.614062], [35.005859, 32.826611], [35.077051, 32.967188], [35.108594, 33.083691], [35.155078, 33.16001], [35.203516, 33.258984], [35.251367, 33.392627], [35.335742, 33.503467], [35.51084, 33.879736], [35.611816, 34.032178], [35.647852, 34.248242], [35.804297, 34.437402], [35.921387, 34.493311], [35.97793, 34.547412], [35.97627, 34.629199], [35.899316, 34.8521], [35.887891, 34.948633], [35.889941, 35.060303], [35.943066, 35.223828], [35.918066, 35.299512], [35.916016, 35.350537], [35.902441, 35.420703], [35.764453, 35.571582], [35.839648, 35.849219], [35.892676, 35.916553], [35.956934, 35.998145], [35.887109, 36.159082], [35.810938, 36.309863], [35.882812, 36.406348], [36.031738, 36.522705], [36.188477, 36.658984], [36.188184, 36.743066], [36.180078, 36.807227], [36.135156, 36.851611], [36.048926, 36.910596], [35.90459, 36.847607], [35.801563, 36.778076], [35.734277, 36.763965], [35.661133, 36.724316], [35.625586, 36.652783], [35.537402, 36.597021], [35.393164, 36.575195], [35.176172, 36.634863], [34.943164, 36.725684], [34.81123, 36.799268], [34.703613, 36.816797], [34.601367, 36.784473], [34.299609, 36.604199], [34.023438, 36.340771], [33.954883, 36.295215], [33.694727, 36.181982], [33.522754, 36.143994], [33.441797, 36.152832], [33.099512, 36.102979], [32.929492, 36.095703], [32.794824, 36.035889], [32.533789, 36.100732], [32.377734, 36.183643], [32.283789, 36.267871], [32.130566, 36.449121], [32.021973, 36.535303], [31.77793, 36.612793], [31.352539, 36.801074], [31.240625, 36.821729], [30.950293, 36.848682], [30.644043, 36.865674], [30.582031, 36.797168], [30.558496, 36.52583], [30.506055, 36.451123], [30.483594, 36.3104], [30.446094, 36.269873], [30.387305, 36.243262], [30.29541, 36.287695], [30.231641, 36.307324], [30.083203, 36.249365], [29.789258, 36.168066], [29.689063, 36.156689], [29.34834, 36.258838], [29.223633, 36.324463], [29.143262, 36.397217], [29.116113, 36.520117], [29.065527, 36.590088], [29.058105, 36.638135], [29.038281, 36.693457], [28.969629, 36.715332], [28.895898, 36.673584], [28.816895, 36.675293], [28.717676, 36.700879], [28.483594, 36.803809], [28.303711, 36.811963], [28.195605, 36.686328], [28.111523, 36.646387], [28.019434, 36.634473], [28.01416, 36.670215], [28.083984, 36.751465], [28.0, 36.746971664905864], [28.0, 36.83026194365144], [28.005371, 36.831982], [28.083008, 36.920264], [28.224414, 36.996387], [28.242383, 37.029053], [28.133691, 37.029492], [28.0, 37.023151236050815], [28.0, 40.0], [49.455405153088776, 40.0], [49.415137, 39.839844], [49.324414, 39.60835], [49.327539, 39.501221], [49.367383, 39.398389], [49.362793, 39.349561], [49.321191, 39.328906], [49.269336, 39.285156], [49.199805, 39.072656], [49.165332, 39.030273], [49.120996, 39.003906], [49.108691, 39.029053], [49.111328, 39.084717], [49.013477, 39.133984], [48.961719, 39.07876], [48.926172, 38.961768], [48.854492, 38.838818], [48.850879, 38.815332], [48.86875, 38.435498], [48.870703, 38.392529], [48.901367, 38.143652], [48.925098, 38.015137], [48.959961, 37.890137], [49.015332, 37.776074], [49.080957, 37.667578], [49.171191, 37.600586], [49.372461, 37.519971], [49.470117, 37.49668], [49.726953, 37.480518], [49.980664, 37.444873], [50.130469, 37.407129], [50.17627, 37.380518], [50.214063, 37.3396], [50.337891, 37.14917], [50.533203, 37.013672], [50.927441, 36.810205], [51.118555, 36.742578], [51.762012, 36.614502], [52.190137, 36.621729], [53.374121, 36.86875], [53.767676, 36.930322], [53.91543, 36.930322], [53.827441, 36.881201], [53.679492, 36.853125], [53.76875, 36.818457], [53.90625, 36.812695], [53.970117, 36.818311], [54.016211, 36.849658], [54.023828, 36.901318], [54.017187, 36.95249], [53.951953, 37.181738], [53.91416, 37.343555], [53.897852, 37.413574], [53.847852, 37.66958], [53.823535, 37.92793], [53.825195, 38.046924], [53.854102, 38.285645], [53.851855, 38.405908], [53.840039, 38.514941], [53.851562, 38.621777], [53.87373, 38.741943], [53.885352, 38.864062], [53.868652, 38.949268], [53.814941, 39.018018], [53.724121, 39.103076], [53.709766, 39.153418], [53.70459, 39.20957], [53.617578, 39.215967], [53.539453, 39.274072], [53.475, 39.305713], [53.336328, 39.34082], [53.266797, 39.342627], [53.20332, 39.316797], [53.156641, 39.26499], [53.124023, 39.34668], [53.124805, 39.43208], [53.235645, 39.608545], [53.30498, 39.55708], [53.389648, 39.536426], [53.497363, 39.533301], [53.603125, 39.546973], [53.582422, 39.607422], [53.533301, 39.641748], [53.472266, 39.668799], [53.450488, 39.748535], [53.458301, 39.831201], [53.487305, 39.909375], [53.454297, 39.940869], [53.404199, 39.960352], [53.288574, 39.958008], [53.138574, 39.978662], [52.9875, 39.987598], [52.952148, 39.895459], [53.035547, 39.774414], [52.964844, 39.833887], [52.898242, 39.9125], [52.84039222190186, 40.0], [56.0, 40.0], [56.0, 27.072712293507315], [55.941113, 27.037598]]], [[[55.674609, 26.68584], [55.543164, 26.617529], [55.42373, 26.583105], [55.34043, 26.585742], [55.311523, 26.592627], [55.29502, 26.639209], [55.296484, 26.657568], [55.346973, 26.647949], [55.531738, 26.71001], [55.762598, 26.811963], [55.78457, 26.857178], [55.747461, 26.930957], [55.757617, 26.947656], [55.907129, 26.909814], [56.0, 26.95071034147744], [56.0, 26.73363883606756], [55.954297, 26.701123], [55.894141, 26.732275], [55.847656, 26.730811], [55.747266, 26.69248], [55.674609, 26.68584]]], [[[48.348242, 29.782666], [48.347363, 29.719971], [48.340234, 29.694727], [48.275391, 29.624316], [48.218262, 29.601953], [48.179688, 29.611426], [48.142578, 29.665283], [48.081445, 29.798926], [48.114746, 29.848779], [48.113477, 29.870215], [48.120117, 29.886328], [48.138867, 29.896582], [48.158594, 29.95957], [48.184766, 29.978857], [48.227734, 29.936328], [48.348242, 29.782666]]], [[[50.469922, 26.228955], [50.564063, 26.246436], [50.585938, 26.240723], [50.557813, 26.198291], [50.609766, 26.124463], [50.61748, 26.002344], [50.607227, 25.883105], [50.574902, 25.806787], [50.544043, 25.833496], [50.465918, 25.965527], [50.489453, 26.058447], [50.452441, 26.19082], [50.469922, 26.228955]]], [[[54.357715, 24.442773], [54.334766, 24.471045], [54.378906, 24.50459], [54.39834, 24.506348], [54.426563, 24.471045], [54.46543, 24.442773], [54.456641, 24.42334], [54.428418, 24.425098], [54.357715, 24.442773]]], [[[53.445312, 24.371191], [53.408984, 24.30791], [53.382617, 24.280859], [53.332227, 24.258594], [53.258301, 24.25293], [53.190918, 24.290918], [53.33252, 24.341602], [53.370898, 24.364453], [53.412402, 24.411035], [53.445312, 24.371191]]], [[[53.89375, 24.215137], [53.927832, 24.177197], [53.928125, 24.143359], [53.826367, 24.153125], [53.799121, 24.135547], [53.71582, 24.145313], [53.634473, 24.169775], [53.689648, 24.210791], [53.833789, 24.258936], [53.89375, 24.215137]]], [[[52.616895, 24.288574], [52.6, 24.281299], [52.582227, 24.335254], [52.583594, 24.352344], [52.629395, 24.376758], [52.657617, 24.332617], [52.616895, 24.288574]]], [[[42.755859, 13.704297], [42.689746, 13.673633], [42.734961, 13.752979], [42.78125, 13.769287], [42.794141, 13.766113], [42.755859, 13.704297]]], [[[42.787402, 13.971484], [42.774219, 13.950244], [42.756055, 13.954883], [42.694043, 14.00791], [42.762109, 14.06748], [42.79834, 14.012256], [42.787402, 13.971484]]], [[[42.558691, 15.281201], [42.549023, 15.320068], [42.569727, 15.407324], [42.602344, 15.43252], [42.624512, 15.367969], [42.610449, 15.332275], [42.590234, 15.303418], [42.558691, 15.281201]]], [[[42.167188, 16.596387], [42.157813, 16.570703], [42.127734, 16.594824], [42.108398, 16.618457], [42.102344, 16.643945], [42.071777, 16.671484], [41.96416, 16.653467], [41.897266, 16.684277], [41.801563, 16.77876], [41.776074, 16.846875], [41.816113, 16.860156], [41.858203, 16.89292], [41.884961, 16.946826], [41.860449, 17.002539], [41.917285, 16.993652], [41.947949, 16.936426], [41.953906, 16.80625], [41.9625, 16.778662], [41.94668, 16.748926], [41.987695, 16.715625], [42.065039, 16.710059], [42.033203, 16.741943], [42.026367, 16.757666], [42.059961, 16.803516], [42.17041, 16.708643], [42.167188, 16.596387]]], [[[36.58877, 25.619824], [36.747559, 25.55874], [36.924414, 25.425537], [36.954785, 25.414648], [36.90166, 25.383057], [36.875195, 25.383057], [36.805078, 25.450732], [36.763867, 25.500586], [36.72207, 25.534033], [36.530273, 25.601563], [36.504297, 25.645117], [36.533594, 25.688721], [36.554102, 25.645361], [36.58877, 25.619824]]], [[[36.595605, 25.734863], [36.595508, 25.712793], [36.586133, 25.699219], [36.543945, 25.734277], [36.546484, 25.811621], [36.582715, 25.855518], [36.579883, 25.79541], [36.595605, 25.734863]]], [[[34.19248, 35.545703], [34.272363, 35.569971], [34.411133, 35.629297], [34.556055, 35.662061], [34.463184, 35.593506], [33.941992, 35.292041], [33.90791, 35.202393], [33.93125, 35.140381], [34.004492, 35.065234], [34.023633, 35.045557], [34.050195, 34.988379], [33.936523, 34.971484], [33.822461, 34.965918], [33.758984, 34.973242], [33.699414, 34.969873], [33.514453, 34.806445], [33.414941, 34.750879], [33.296582, 34.717725], [33.176074, 34.698047], [33.115527, 34.695557], [33.062305, 34.674805], [33.024902, 34.636914], [33.023926, 34.6], [33.00791, 34.56958], [32.941797, 34.575879], [32.914258, 34.635498], [32.867188, 34.661133], [32.750098, 34.647803], [32.692969, 34.649365], [32.505566, 34.70625], [32.449023, 34.729443], [32.41377, 34.778027], [32.317188, 34.95332], [32.300977, 35.082959], [32.390918, 35.049805], [32.475, 35.08999], [32.555957, 35.155762], [32.652344, 35.182666], [32.712695, 35.171045], [32.772363, 35.15957], [32.879883, 35.180566], [32.926367, 35.278076], [32.941602, 35.39043], [33.123438, 35.358203], [33.307813, 35.341504], [33.458789, 35.335889], [33.607617, 35.35415], [34.063477, 35.473975], [34.19248, 35.545703]]], [[[53.05332, 39.096582], [53.092187, 39.094092], [53.055176, 39.037939], [53.10957, 38.803076], [53.100195, 38.756152], [53.045898, 38.897217], [53.018555, 39.052734], [53.05332, 39.096582]]]]}}, {"type": "Feature", "properties": {"NAME": "EUROPE", "NAME_AR": "أوروبا", "FEATURECLA": "Continent", "SCALERANK": 0}, "geometry": {"type": "Polygon", "coordinates": [[[28.171484, 36.426221], [28.231836, 36.433643], [28.230078, 36.370264], [28.144043, 36.209863], [28.067676, 36.129687], [28.087793, 36.065332], [28.0, 36.05253492766591], [28.0, 36.37224141204368], [28.171484, 36.426221]]]}}, {"type": "Feature", "properties": {"NAME": "Dahlak Arch.", "NAME_AR": "أرخبيل دهلك", "FEATURECLA": "Island group", "SCALERANK": 7}, "geometry": {"type": "Polygon", "coordinates": [[[40.630992, 15.205939], [40.162214, 15.406824], [40.01356, 15.470526], [39.904747, 15.562863], [39.722545, 15.717475], [39.528575, 16.03498], [39.82838, 16.528876], [40.551646, 16.22016], [41.063121, 15.373481], [40.630992, 15.205939]]]}}]}