{"type": "FeatureCollection", "features": [{"type": "Feature", "properties": {"featurecla": "Coastline", "scalerank": 0, "min_zoom": 0}, "geometry": {"type": "LineString", "coordinates": [[50.899312425216145, 10.0], [50.89975, 10.000718], [50.901703, 10.011664], [50.900401, 10.024075], [50.888682, 10.05565], [50.8838, 10.101264], [50.912814, 10.176853], [50.901703, 10.234442], [50.90988, 10.295635], [50.927389, 10.327844], [51.017125, 10.381916], [51.090099, 10.407313], [51.240977, 10.425605], [51.256602, 10.420315], [51.26295, 10.408596], [51.265391, 10.396877], [51.272873, 10.377905], [51.300831, 10.372566], [51.320079, 10.378485], [51.336131, 10.374395], [51.349458, 10.375002], [51.367419, 10.367726], [51.37608, 10.367693], [51.372569, 10.381415], [51.380154, 10.387339], [51.38502, 10.391506], [51.397509, 10.395793], [51.410965, 10.429814], [51.417038, 10.447485], [51.403077, 10.456707], [51.395173, 10.479023], [51.377856, 10.48169], [51.35721, 10.48374], [51.345875, 10.480494], [51.335871, 10.474614], [51.325879, 10.47268], [51.3112, 10.476055], [51.292532, 10.480075], [51.280556, 10.48733], [51.257942, 10.503801], [51.24662, 10.50909], [51.237966, 10.515024], [51.220647, 10.524928], [51.20734, 10.538096], [51.191742, 10.548977], [51.176117, 10.562812], [51.186778, 10.541571], [51.193044, 10.521186], [51.195811, 10.500312], [51.196544, 10.477444], [51.200857, 10.471503], [51.210216, 10.467108], [51.219574, 10.461005], [51.223888, 10.449856], [51.220388, 10.442043], [51.211925, 10.44184], [51.200938, 10.44477], [51.19044, 10.446112], [51.038097, 10.416083], [51.018403, 10.41942], [51.010102, 10.434027], [51.018321, 10.452094], [51.035818, 10.467515], [51.055675, 10.474066], [51.076915, 10.475816], [51.092296, 10.482164], [51.102224, 10.494696], [51.107188, 10.515041], [51.101899, 10.55858], [51.107432, 10.576565], [51.131358, 10.58393], [51.154307, 10.587714], [51.160655, 10.598456], [51.138194, 10.676744], [51.124522, 10.85456], [51.115082, 10.993354], [51.118337, 11.016913], [51.12379, 11.038764], [51.131358, 11.052883], [51.142263, 11.068427], [51.164399, 11.116767], [51.189504, 11.138306], [51.17444, 11.158764], [51.130945, 11.160752], [51.085948, 11.187974], [51.07252, 11.233791], [51.079356, 11.275946], [51.081309, 11.341498], [51.086192, 11.357164], [51.118419, 11.426256], [51.125011, 11.447984], [51.127696, 11.470893], [51.126638, 11.478827], [51.121918, 11.494127], [51.12086, 11.505316], [51.124766, 11.511786], [51.148123, 11.536038], [51.181245, 11.578829], [51.212529, 11.607947], [51.22954, 11.635897], [51.247801, 11.652391], [51.255708, 11.681655], [51.249359, 11.728775], [51.266381, 11.759286], [51.277354, 11.800605], [51.292698, 11.833108], [51.267345, 11.839423], [51.247081, 11.847561], [51.222911, 11.850775], [51.199718, 11.851304], [51.181163, 11.855373], [51.147227, 11.873603], [51.127696, 11.878648], [51.048839, 11.878648], [51.029307, 11.885077], [50.970083, 11.932323], [50.867055, 11.942891], [50.797864, 11.989119], [50.771983, 11.985785], [50.761567, 11.978746], [50.724864, 11.971137], [50.682953, 11.953355], [50.661469, 11.947577], [50.655935, 11.948432], [50.647146, 11.954047], [50.641124, 11.954413], [50.636485, 11.951606], [50.632091, 11.946763], [50.627452, 11.940131], [50.602061, 11.927965], [50.589854, 11.926459], [50.575938, 11.920966], [50.561209, 11.907904], [50.538585, 11.878648], [50.52947, 11.859524], [50.52296, 11.837958], [50.518891, 11.815253], [50.517589, 11.79267], [50.512706, 11.771226], [50.500824, 11.754828], [50.470388, 11.727851], [50.437022, 11.690619], [50.418142, 11.678046], [50.372325, 11.668931], [50.28891, 11.602444], [50.268321, 11.589301], [50.225434, 11.578111], [50.214366, 11.572659], [50.206554, 11.566799], [50.197602, 11.562649], [50.161876, 11.563381], [50.151134, 11.557929], [50.131521, 11.539944], [50.07252, 11.508734], [50.053884, 11.511379], [49.962657, 11.508734], [49.961111, 11.509955], [49.956309, 11.512519], [49.949474, 11.51496], [49.942149, 11.51557], [49.934418, 11.512885], [49.921886, 11.503852], [49.917979, 11.501899], [49.906423, 11.498725], [49.88852, 11.487291], [49.880707, 11.488227], [49.851248, 11.464911], [49.804861, 11.458401], [49.716319, 11.46776], [49.686778, 11.474351], [49.675304, 11.473944], [49.666026, 11.471137], [49.650076, 11.462144], [49.644542, 11.460354], [49.59962, 11.461737], [49.576834, 11.460028], [49.558604, 11.453518], [49.544444, 11.436713], [49.521739, 11.393785], [49.507335, 11.385199], [49.488617, 11.381741], [49.435069, 11.35106], [49.4192, 11.344794], [49.400076, 11.340522], [49.335704, 11.334621], [49.32545, 11.33511], [49.315929, 11.340522], [49.303477, 11.345445], [49.293305, 11.337958], [49.278087, 11.316962], [49.239594, 11.300279], [49.108409, 11.276597], [48.976817, 11.25141], [48.939138, 11.249132], [48.921153, 11.248033], [48.904063, 11.247748], [48.888845, 11.250556], [48.800629, 11.279039], [48.762462, 11.301011], [48.723888, 11.315253], [48.654796, 11.330634], [48.636892, 11.329413], [48.585948, 11.316962], [48.521983, 11.319281], [48.506847, 11.313544], [48.478526, 11.296332], [48.444347, 11.289252], [48.373057, 11.282172], [48.342784, 11.275458], [48.331309, 11.268704], [48.31837, 11.25552], [48.314952, 11.24901], [48.313324, 11.242011], [48.310557, 11.234768], [48.30421, 11.227525], [48.2942, 11.222602], [48.273611, 11.220404], [48.255138, 11.215074], [48.246593, 11.21426], [48.22934, 11.214504], [48.2199, 11.211127], [48.217296, 11.203681], [48.215587, 11.196234], [48.195811, 11.186835], [48.173513, 11.157131], [48.160818, 11.145657], [48.130382, 11.136664], [47.948253, 11.125149], [47.892833, 11.132554], [47.767345, 11.130194], [47.71046, 11.101264], [47.677745, 11.107978], [47.522716, 11.186957], [47.489513, 11.192816], [47.437022, 11.179836], [47.405935, 11.184638], [47.386241, 11.180121], [47.366873, 11.172797], [47.263357, 11.120795], [47.23878, 11.101264], [47.226736, 11.093817], [47.180675, 11.080471], [47.167654, 11.072089], [47.132335, 11.035793], [47.082774, 10.995266], [47.008067, 10.938951], [46.913829, 10.905463], [46.9074, 10.903144], [46.893565, 10.901557], [46.886485, 10.898586], [46.881358, 10.893134], [46.871837, 10.878079], [46.865977, 10.871894], [46.821951, 10.852607], [46.782237, 10.821723], [46.694102, 10.781928], [46.659679, 10.75434], [46.646251, 10.747748], [46.629161, 10.745063], [46.588715, 10.743313], [46.56072, 10.731676], [46.52768, 10.726223], [46.499848, 10.708482], [46.482432, 10.701361], [46.447765, 10.693101], [46.408702, 10.691596], [46.370128, 10.696845], [46.335134, 10.709703], [46.30714, 10.731024], [46.263194, 10.776842], [46.237559, 10.792426], [46.207367, 10.79621], [46.137218, 10.776313], [46.102224, 10.770657], [46.063731, 10.778795], [46.047618, 10.785305], [46.012543, 10.794745], [45.97755, 10.79914], [45.884451, 10.841213], [45.868175, 10.841376], [45.872325, 10.823472], [45.855642, 10.823961], [45.84669, 10.832261], [45.84018, 10.844672], [45.831309, 10.857611], [45.816905, 10.869208], [45.802745, 10.875312], [45.787364, 10.877753], [45.769298, 10.878119], [45.753591, 10.871731], [45.737966, 10.843573], [45.72462, 10.837144], [45.706391, 10.832831], [45.694591, 10.822252], [45.684906, 10.808905], [45.673106, 10.79621], [45.662283, 10.790595], [45.586111, 10.765855], [45.573009, 10.758124], [45.542979, 10.721666], [45.516612, 10.701972], [45.487071, 10.684719], [45.445323, 10.667792], [45.40919, 10.659491], [45.392426, 10.658393], [45.37322, 10.662421], [45.354747, 10.66885], [45.33725, 10.670844], [45.320567, 10.662095], [45.252289, 10.600531], [45.157237, 10.541083], [45.12672, 10.531968], [45.111339, 10.52558], [45.001475, 10.460395], [44.987966, 10.460395], [44.994151, 10.442694], [44.962009, 10.415799], [44.899366, 10.411814], [44.854784, 10.414529], [44.790324, 10.423484], [44.750662, 10.427865], [44.721063, 10.419384], [44.661857, 10.402411], [44.627329, 10.390613], [44.586149, 10.383585], [44.541423, 10.392743], [44.465258, 10.401481], [44.3892, 10.397207], [44.347554, 10.414511], [44.303722, 10.439846], [44.274262, 10.456732], [44.149587, 10.559149], [44.097504, 10.58926], [44.028168, 10.652167], [43.92213, 10.724189], [43.8296, 10.802965], [43.755626, 10.894232], [43.658946, 10.987982], [43.617442, 11.070787], [43.591645, 11.107489], [43.583181, 11.135159], [43.568207, 11.155422], [43.562999, 11.170315], [43.559093, 11.176011], [43.551931, 11.179836], [43.535655, 11.183743], [43.529307, 11.186591], [43.506358, 11.20897], [43.488129, 11.238918], [43.479015, 11.271796], [43.494395, 11.364732], [43.489431, 11.380927], [43.478201, 11.37995], [43.466319, 11.367906], [43.459727, 11.35106], [43.44337, 11.359565], [43.413829, 11.380927], [43.394216, 11.385199], [43.375987, 11.391588], [43.352387, 11.419745], [43.33961, 11.426174], [43.320079, 11.446112], [43.29713, 11.482245], [43.282725, 11.498928], [43.288341, 11.460354], [43.266938, 11.462348], [43.252696, 11.47309], [43.240733, 11.48786], [43.226329, 11.501899], [43.19516, 11.518297], [43.183849, 11.526557], [43.173106, 11.541653], [43.172211, 11.542873], [43.157888, 11.601304], [43.151866, 11.611762], [43.141124, 11.608588], [43.133556, 11.595282], [43.123057, 11.581488], [43.103363, 11.576972], [43.081798, 11.589545], [43.06186, 11.590155], [43.040538, 11.585924], [42.900727, 11.584052], [42.875173, 11.583686], [42.866954, 11.587592], [42.855805, 11.595771], [42.847504, 11.592719], [42.839529, 11.584459], [42.829112, 11.576972], [42.807465, 11.571275], [42.739757, 11.563381], [42.694102, 11.545966], [42.674083, 11.532131], [42.665294, 11.51557], [42.670421, 11.509955], [42.680675, 11.504788], [42.687511, 11.497219], [42.681651, 11.484524], [42.672537, 11.479722], [42.662852, 11.481635], [42.653494, 11.485907], [42.644786, 11.488227], [42.633556, 11.484809], [42.617686, 11.470282], [42.60377, 11.46776], [42.591563, 11.47248], [42.571625, 11.490465], [42.538748, 11.502997], [42.533051, 11.523505], [42.532481, 11.547471], [42.532481, 11.548489], [42.528087, 11.570217], [42.514985, 11.567206], [42.515147, 11.574123], [42.526866, 11.582465], [42.548595, 11.583808], [42.554047, 11.580268], [42.563487, 11.567206], [42.569021, 11.563381], [42.577403, 11.562405], [42.60377, 11.563381], [42.627696, 11.559068], [42.636974, 11.559556], [42.667979, 11.568549], [42.677419, 11.573676], [42.684093, 11.582261], [42.75408, 11.707953], [42.777192, 11.732245], [42.803396, 11.747992], [42.896495, 11.780585], [42.915538, 11.783596], [42.942638, 11.77383], [42.95753, 11.780463], [42.972504, 11.790839], [42.986827, 11.796088], [43.041515, 11.798529], [43.055512, 11.803616], [43.060883, 11.809556], [43.064708, 11.823432], [43.069184, 11.830268], [43.076182, 11.834703], [43.086029, 11.838853], [43.09197, 11.841295], [43.097179, 11.84455], [43.174001, 11.935004], [43.206554, 11.957831], [43.225434, 11.962877], [43.268403, 11.963813], [43.288341, 11.967434], [43.315684, 11.981106], [43.34254, 11.985663], [43.350434, 11.987942], [43.377126, 12.004828], [43.398774, 12.029527], [43.413341, 12.059272], [43.418712, 12.091254], [43.411388, 12.166653], [43.414317, 12.224921], [43.411388, 12.241767], [43.374034, 12.292955], [43.367849, 12.306871], [43.364757, 12.327135], [43.363536, 12.365302], [43.360525, 12.383002], [43.353201, 12.395209], [43.344086, 12.406155], [43.336192, 12.419908], [43.331228, 12.436713], [43.329356, 12.453559], [43.329356, 12.488756], [43.312999, 12.477688], [43.297374, 12.482001], [43.283214, 12.496527], [43.259613, 12.533352], [43.161794, 12.642727], [43.151134, 12.659735], [43.143321, 12.679511], [43.133962, 12.697211], [43.117686, 12.707913], [43.123871, 12.715318], [43.097179, 12.762519], [43.094574, 12.777533], [43.093272, 12.807766], [43.086436, 12.820868], [43.076182, 12.828762], [43.06365, 12.836371], [43.053233, 12.844875], [43.048839, 12.855292], [43.043142, 12.865627], [43.02947, 12.878852], [43.000987, 12.900295], [42.99586, 12.893297], [42.9935, 12.884589], [42.994884, 12.874905], [43.000987, 12.864936], [42.991466, 12.859605], [42.989513, 12.854071], [42.989919, 12.847357], [42.987315, 12.838202], [42.978038, 12.823961], [42.966319, 12.81094], [42.963227, 12.810452], [42.944591, 12.798489], [42.945649, 12.797309], [42.93572, 12.791938], [42.927989, 12.78974], [42.918468, 12.790473], [42.927419, 12.805854], [42.93214, 12.81094], [42.896251, 12.813178], [42.868907, 12.821357], [42.849294, 12.837836], [42.835785, 12.864936], [42.821544, 12.85932], [42.808442, 12.852281], [42.795421, 12.848375], [42.781261, 12.851874], [42.773936, 12.862128], [42.770193, 12.87816], [42.767589, 12.90648], [42.763682, 12.925238], [42.747244, 12.961737], [42.737641, 13.017727], [42.729747, 13.033149], [42.718272, 13.044013], [42.7046, 13.054023], [42.688243, 13.061347], [42.668305, 13.064154], [42.655447, 13.072333], [42.620453, 13.12934], [42.570079, 13.170966], [42.562185, 13.183987], [42.559906, 13.194322], [42.554454, 13.199652], [42.547699, 13.203274], [42.541759, 13.208197], [42.538097, 13.217719], [42.537771, 13.226264], [42.533946, 13.232571], [42.520681, 13.2355], [42.514415, 13.220038], [42.507498, 13.206977], [42.495942, 13.197903], [42.476817, 13.194525], [42.431326, 13.198391], [42.410167, 13.204576], [42.379405, 13.222642], [42.376801, 13.225491], [42.377696, 13.230048], [42.372325, 13.278632], [42.358084, 13.302476], [42.34254, 13.418118], [42.335216, 13.443508], [42.32545, 13.454576], [42.314789, 13.461005], [42.305919, 13.476142], [42.294688, 13.509223], [42.29477, 13.549954], [42.288422, 13.574612], [42.270356, 13.585598], [42.25587, 13.591986], [42.219005, 13.640204], [42.184825, 13.667467], [42.171641, 13.667182], [42.162364, 13.662299], [42.159923, 13.656562], [42.167735, 13.653795], [42.18922, 13.652737], [42.206309, 13.643866], [42.219737, 13.632554], [42.219005, 13.606024], [42.215587, 13.605658], [42.201671, 13.606391], [42.198497, 13.606024], [42.198741, 13.5987], [42.201427, 13.59516], [42.2046, 13.593492], [42.206554, 13.591742], [42.209972, 13.585761], [42.224294, 13.567613], [42.229503, 13.56387], [42.230235, 13.560004], [42.223888, 13.553941], [42.215994, 13.55386], [42.212169, 13.567572], [42.208018, 13.568549], [42.184825, 13.585598], [42.180837, 13.594143], [42.175141, 13.617255], [42.171153, 13.626532], [42.164561, 13.632392], [42.147309, 13.64411], [42.143809, 13.650377], [42.139496, 13.65119], [42.129242, 13.645575], [42.116954, 13.640774], [42.106619, 13.643541], [42.09962, 13.654364], [42.093598, 13.676459], [42.089203, 13.687974], [42.086762, 13.689521], [42.07781, 13.693427], [42.075531, 13.69477], [42.068696, 13.708441], [42.045746, 13.739], [42.041352, 13.739163], [42.034923, 13.752265], [41.993663, 13.783596], [41.988943, 13.798774], [41.986013, 13.819485], [41.980968, 13.837795], [41.969737, 13.845649], [41.956798, 13.850531], [41.92156, 13.873114], [41.904307, 13.879788], [41.896495, 13.878811], [41.874278, 13.873196], [41.863292, 13.872952], [41.848969, 13.876166], [41.841563, 13.880316], [41.82545, 13.896796], [41.806, 13.929674], [41.798106, 13.934394], [41.785655, 13.932807], [41.753429, 13.920722], [41.740082, 13.921536], [41.676524, 13.940253], [41.667817, 13.955146], [41.657237, 13.996487], [41.620942, 14.063625], [41.605968, 14.081773], [41.588634, 14.096177], [41.555431, 14.115912], [41.541759, 14.126166], [41.533458, 14.136949], [41.528982, 14.14883], [41.521332, 14.181383], [41.514496, 14.199205], [41.50587, 14.213446], [41.479666, 14.242865], [41.433604, 14.282131], [41.412771, 14.306545], [41.399669, 14.346666], [41.381033, 14.368801], [41.376638, 14.376288], [41.368988, 14.384752], [41.352387, 14.392157], [41.335948, 14.402004], [41.328298, 14.417629], [41.32252, 14.454535], [41.306814, 14.488918], [41.28297, 14.517564], [41.253184, 14.537665], [41.208751, 14.568101], [41.195649, 14.58511], [41.179535, 14.621772], [41.167491, 14.636949], [41.156098, 14.641588], [41.040212, 14.667426], [40.972667, 14.669623], [40.944672, 14.677314], [40.91391, 14.699123], [40.884451, 14.714545], [40.831065, 14.712226], [40.808116, 14.722073], [40.808116, 14.702826], [40.796886, 14.706773], [40.786632, 14.706041], [40.777029, 14.701809], [40.766449, 14.695299], [40.766368, 14.714586], [40.757986, 14.72602], [40.732432, 14.74372], [40.723888, 14.757066], [40.724132, 14.768256], [40.732432, 14.790961], [40.733735, 14.818183], [40.732432, 14.82567], [40.727387, 14.834133], [40.722667, 14.835924], [40.719249, 14.834174], [40.718761, 14.831855], [40.670909, 14.880316], [40.677094, 14.887152], [40.692719, 14.881903], [40.697439, 14.887397], [40.694509, 14.896226], [40.687673, 14.900824], [40.660411, 14.902574], [40.652029, 14.897121], [40.656586, 14.880316], [40.627696, 14.891995], [40.624278, 14.900092], [40.620616, 14.939276], [40.616384, 14.948676], [40.6067, 14.952948], [40.58839, 14.95539], [40.579356, 14.954413], [40.573741, 14.951483], [40.568696, 14.950507], [40.561046, 14.95539], [40.555919, 14.964097], [40.555837, 14.972968], [40.556651, 14.981676], [40.55421, 14.99018], [40.527029, 14.997016], [40.523123, 15.001695], [40.518321, 15.012519], [40.512706, 15.017483], [40.51295, 14.998765], [40.515147, 14.99079], [40.520193, 14.982733], [40.516368, 14.97663], [40.511485, 14.970526], [40.505626, 14.965277], [40.499034, 14.962226], [40.489513, 14.962551], [40.485606, 14.967678], [40.482595, 14.973578], [40.475352, 14.976508], [40.463145, 14.979682], [40.461111, 14.986558], [40.463227, 14.993598], [40.464854, 14.997016], [40.454438, 15.004462], [40.451427, 15.003852], [40.440684, 15.003241], [40.422699, 14.99901], [40.420746, 14.989244], [40.423025, 14.977851], [40.417735, 14.969062], [40.401378, 14.966132], [40.3921, 14.973578], [40.38852, 14.987372], [40.389822, 15.003241], [40.375743, 14.986721], [40.362966, 14.964097], [40.347179, 14.944078], [40.324555, 14.935533], [40.301768, 14.916897], [40.286794, 14.913479], [40.279959, 14.93183], [40.272634, 14.937567], [40.256602, 14.945258], [40.182628, 14.970852], [40.159434, 14.982245], [40.149587, 15.000067], [40.15089, 15.007066], [40.156505, 15.02204], [40.157074, 15.031155], [40.154307, 15.037299], [40.149669, 15.038316], [40.145274, 15.040188], [40.143321, 15.048529], [40.138927, 15.058661], [40.12794, 15.06623], [40.114268, 15.069037], [40.101817, 15.064643], [40.097504, 15.075832], [40.098481, 15.088813], [40.101248, 15.101874], [40.101817, 15.113023], [40.097179, 15.125881], [40.084158, 15.151801], [40.081309, 15.164537], [40.075938, 15.173163], [40.052501, 15.190131], [40.047211, 15.198432], [40.046235, 15.200995], [40.041515, 15.204983], [40.039724, 15.209296], [40.04127, 15.21247], [40.051524, 15.216254], [40.053966, 15.219224], [40.052013, 15.22956], [40.046235, 15.235785], [40.037771, 15.238186], [40.026622, 15.237209], [40.041759, 15.274848], [40.047211, 15.284369], [40.056163, 15.293402], [40.074067, 15.307278], [40.081309, 15.319159], [40.083181, 15.330227], [40.079926, 15.340725], [40.072439, 15.350735], [40.060802, 15.360093], [40.050792, 15.366116], [40.042817, 15.368883], [40.019786, 15.373765], [40.005138, 15.381008], [39.910004, 15.457424], [39.889985, 15.478217], [39.875255, 15.504096], [39.865977, 15.492987], [39.852712, 15.471584], [39.841645, 15.463121], [39.842052, 15.472968], [39.841645, 15.476142], [39.835623, 15.476142], [39.829112, 15.456855], [39.828136, 15.448879], [39.8213, 15.448879], [39.80714, 15.458889], [39.800466, 15.44892], [39.793793, 15.41474], [39.787934, 15.408677], [39.781261, 15.406724], [39.775727, 15.402737], [39.773448, 15.39053], [39.774587, 15.379381], [39.779633, 15.360419], [39.780935, 15.34927], [39.778494, 15.297593], [39.780935, 15.278144], [39.789724, 15.257473], [39.796397, 15.266018], [39.804454, 15.28144], [39.817719, 15.281236], [39.825938, 15.266913], [39.836762, 15.226793], [39.856781, 15.192939], [39.854666, 15.173489], [39.835623, 15.140367], [39.823497, 15.13227], [39.819672, 15.1258], [39.824718, 15.116523], [39.826182, 15.108222], [39.823741, 15.095649], [39.818207, 15.08397], [39.81129, 15.078925], [39.789399, 15.075588], [39.773692, 15.071031], [39.762218, 15.07392], [39.752289, 15.092597], [39.738129, 15.085639], [39.725108, 15.086168], [39.715587, 15.094062], [39.712087, 15.10932], [39.709809, 15.113023], [39.70045, 15.119534], [39.698253, 15.123603], [39.70338, 15.209377], [39.718272, 15.263902], [39.707693, 15.273871], [39.698985, 15.288031], [39.693044, 15.304674], [39.690766, 15.322211], [39.686534, 15.325629], [39.667735, 15.332506], [39.663585, 15.336168], [39.611339, 15.499986], [39.587169, 15.531399], [39.572032, 15.538398], [39.551768, 15.542304], [39.533946, 15.539781], [39.526378, 15.528022], [39.516856, 15.520087], [39.494884, 15.517524], [39.47169, 15.519436], [39.45753, 15.524604], [39.455251, 15.531887], [39.450694, 15.565579], [39.432465, 15.593655], [39.430186, 15.603095], [39.440929, 15.603176], [39.46339, 15.605902], [39.482758, 15.614936], [39.484874, 15.633857], [39.474946, 15.642646], [39.464041, 15.638332], [39.454926, 15.628119], [39.450694, 15.619574], [39.444591, 15.63524], [39.448741, 15.649807], [39.460623, 15.659613], [39.477875, 15.661119], [39.450857, 15.690497], [39.445323, 15.706529], [39.443858, 15.73314], [39.440684, 15.740912], [39.426524, 15.755805], [39.42335, 15.767564], [39.426443, 15.778144], [39.432628, 15.788153], [39.437511, 15.799018], [39.437022, 15.811957], [39.427013, 15.82038], [39.390391, 15.83633], [39.382498, 15.842963], [39.37322, 15.858466], [39.313487, 15.893948], [39.294119, 15.928778], [39.258962, 16.058987], [39.235606, 16.10871], [39.232188, 16.123847], [39.228038, 16.168036], [39.197439, 16.29857], [39.197276, 16.312812], [39.20338, 16.337551], [39.204845, 16.349799], [39.203136, 16.362209], [39.194102, 16.378119], [39.190603, 16.387356], [39.18922, 16.399888], [39.190603, 16.439439], [39.188975, 16.451809], [39.185069, 16.460517], [39.180675, 16.468207], [39.177013, 16.477362], [39.175548, 16.48664], [39.177013, 16.52143], [39.171641, 16.524848], [39.160655, 16.525133], [39.15089, 16.529446], [39.149669, 16.544989], [39.156505, 16.538153], [39.160981, 16.563788], [39.144867, 16.609361], [39.163341, 16.62816], [39.161388, 16.657172], [39.155935, 16.679145], [39.135997, 16.723782], [39.149669, 16.716946], [39.12794, 16.794867], [39.094981, 16.867743], [39.090017, 16.884223], [39.084483, 16.924872], [39.068858, 16.953925], [39.06365, 16.97427], [39.060313, 17.014838], [39.055919, 17.034125], [39.026134, 17.093085], [39.017589, 17.126695], [39.012462, 17.165351], [38.998546, 17.19595], [38.971202, 17.223334], [38.952647, 17.253485], [38.964692, 17.292304], [38.953298, 17.312242], [38.929047, 17.397121], [38.85963, 17.513251], [38.789724, 17.668891], [38.695811, 17.806627], [38.690929, 17.823635], [38.687836, 17.829413], [38.66977, 17.85399], [38.667491, 17.864447], [38.66627, 17.884955], [38.662934, 17.894965], [38.620372, 17.952582], [38.613048, 17.983466], [38.603689, 17.994371], [38.601573, 18.004828], [38.603852, 18.013861], [38.593435, 18.0362], [38.590994, 18.045966], [38.591075, 18.061754], [38.584483, 18.077135], [38.542817, 18.118394], [38.52589, 18.128363], [38.54005, 18.10871], [38.541677, 18.085883], [38.531993, 18.070705], [38.512218, 18.073717], [38.505707, 18.086371], [38.502289, 18.126044], [38.49171, 18.141425], [38.475597, 18.130561], [38.45045, 18.132392], [38.433849, 18.142279], [38.443207, 18.155707], [38.411143, 18.204901], [38.391449, 18.224189], [38.375662, 18.210354], [38.388031, 18.203192], [38.386567, 18.195258], [38.376231, 18.190619], [38.361095, 18.193183], [38.347504, 18.197577], [38.319347, 18.200873], [38.306163, 18.204088], [38.295665, 18.209784], [38.287364, 18.216295], [38.278331, 18.221666], [38.265147, 18.223944], [38.230317, 18.217841], [38.217296, 18.217719], [38.224864, 18.226549], [38.236013, 18.227444], [38.24936, 18.22663], [38.264496, 18.23078], [38.276215, 18.242011], [38.278819, 18.253974], [38.278005, 18.26496], [38.27947, 18.273017], [38.289806, 18.280219], [38.303884, 18.287543], [38.312348, 18.295966], [38.306163, 18.306545], [38.271251, 18.286607], [38.251161, 18.280825], [38.245434, 18.243906], [38.205417, 18.237394], [38.151674, 18.249331], [38.103624, 18.291663], [38.076119, 18.348119], [38.082957, 18.382879], [38.109275, 18.395924], [38.121858, 18.413301], [38.109251, 18.427425], [38.065716, 18.44371], [38.038198, 18.461086], [37.994884, 18.502021], [37.966936, 18.546964], [37.925505, 18.585044], [37.812755, 18.615627], [37.796397, 18.631741], [37.785159, 18.64016], [37.773611, 18.636664], [37.758067, 18.628648], [37.765573, 18.667295], [37.749469, 18.681389], [37.747125, 18.69768], [37.740733, 18.709174], [37.720225, 18.707831], [37.701671, 18.711168], [37.679371, 18.722502], [37.674725, 18.740953], [37.641512, 18.726744], [37.581798, 18.718166], [37.574392, 18.719916], [37.563162, 18.71369], [37.551036, 18.709947], [37.539806, 18.715888], [37.530772, 18.726874], [37.525238, 18.738511], [37.492286, 18.76751], [37.469177, 18.805424], [37.447602, 18.843573], [37.434337, 18.861721], [37.425955, 18.913479], [37.412364, 18.955268], [37.391576, 19.019453], [37.379562, 19.069301], [37.355235, 19.10163], [37.355642, 19.108547], [37.36085, 19.121649], [37.36085, 19.128323], [37.354747, 19.135484], [37.345551, 19.140815], [37.337169, 19.147691], [37.333507, 19.159654], [37.32545, 19.262844], [37.285818, 19.475287], [37.26531, 19.532375], [37.249278, 19.558295], [37.245372, 19.567776], [37.243826, 19.576158], [37.245372, 19.595038], [37.238292, 19.65526], [37.241384, 19.670478], [37.258067, 19.692857], [37.263357, 19.703762], [37.26531, 19.721666], [37.26531, 19.786851], [37.259451, 19.820705], [37.196137, 19.979153], [37.188813, 20.01317], [37.189464, 20.040107], [37.194102, 20.049506], [37.206309, 20.06387], [37.209972, 20.074856], [37.209646, 20.08161], [37.224892, 20.119532], [37.21958, 20.167429], [37.214248, 20.200116], [37.206234, 20.235371], [37.182628, 20.293931], [37.182302, 20.308743], [37.175141, 20.349189], [37.182628, 20.420233], [37.178884, 20.449937], [37.182302, 20.462836], [37.212738, 20.458686], [37.222423, 20.468248], [37.227712, 20.484076], [37.230479, 20.499986], [37.228038, 20.565009], [37.183604, 20.684394], [37.169119, 20.746405], [37.160004, 20.878241], [37.147309, 20.940863], [37.120616, 20.999701], [37.091563, 21.031643], [37.086436, 21.040595], [37.086681, 21.057115], [37.093598, 21.062405], [37.10377, 21.065334], [37.11378, 21.074774], [37.117849, 21.086127], [37.118175, 21.097846], [37.11378, 21.123236], [37.117198, 21.131781], [37.120616, 21.143704], [37.118175, 21.150336], [37.105805, 21.151109], [37.100759, 21.156724], [37.098399, 21.180894], [37.104991, 21.207506], [37.12143, 21.22427], [37.148611, 21.218736], [37.159516, 21.206448], [37.157563, 21.194648], [37.151052, 21.183051], [37.148611, 21.170966], [37.15268, 21.157782], [37.15919, 21.148017], [37.167003, 21.146186], [37.175141, 21.156724], [37.203136, 21.136868], [37.218923, 21.14175], [37.229747, 21.127834], [37.245372, 21.089057], [37.27003, 21.062567], [37.272146, 21.054267], [37.26352, 21.04975], [37.250011, 21.054999], [37.227061, 21.071682], [37.221039, 21.08039], [37.216482, 21.090399], [37.209321, 21.098619], [37.1963, 21.102118], [37.189301, 21.097235], [37.192231, 21.086086], [37.199718, 21.073554], [37.206554, 21.064887], [37.233897, 21.02025], [37.251964, 21.006049], [37.272146, 21.020168], [37.291352, 21.012641], [37.303966, 21.020901], [37.310883, 21.038153], [37.312999, 21.057685], [37.305431, 21.074449], [37.198985, 21.202135], [37.113617, 21.278062], [36.98406, 21.465806], [36.930431, 21.585924], [36.923188, 21.595526], [36.91212, 21.606106], [36.905935, 21.617092], [36.905284, 21.629381], [36.902029, 21.641059], [36.887869, 21.650133], [36.896821, 21.677883], [36.874197, 21.815253], [36.873546, 21.936103], [36.863943, 21.949368], [36.840099, 21.966132], [36.857758, 21.971991], [36.873709, 21.974066], [36.87794, 21.97602], [36.880626, 21.980699], [36.883637, 21.995714], [36.8838, 21.996649], [36.891856, 22.006741], [36.898448, 22.017483], [36.899181, 22.029853], [36.895383, 22.066133], [36.87194, 22.074112], [36.833263, 22.095852], [36.818207, 22.108832], [36.809418, 22.120754], [36.795665, 22.150784], [36.790375, 22.15762], [36.782237, 22.164455], [36.764903, 22.174954], [36.756847, 22.176907], [36.753266, 22.173163], [36.751313, 22.166938], [36.747569, 22.160956], [36.732758, 22.159613], [36.713715, 22.169135], [36.623303, 22.249568], [36.562839, 22.296677], [36.540572, 22.310405], [36.507698, 22.328048], [36.439823, 22.356443], [36.422823, 22.397605], [36.4281, 22.426045], [36.406859, 22.448577], [36.401556, 22.448571], [36.404755, 22.432884], [36.389898, 22.438752], [36.374522, 22.445258], [36.343177, 22.467129], [36.313416, 22.491613], [36.296368, 22.521999], [36.290538, 22.568183], [36.274669, 22.592353], [36.226085, 22.635443], [36.197765, 22.651679], [36.120616, 22.675686], [36.04005, 22.690172], [35.984386, 22.693793], [35.969493, 22.697984], [35.955821, 22.704495], [35.943126, 22.712795], [35.940196, 22.71662], [35.922172, 22.722116], [35.885964, 22.735695], [35.847547, 22.762989], [35.8296, 22.784817], [35.816661, 22.798896], [35.809581, 22.811347], [35.80128, 22.822577], [35.784923, 22.833197], [35.781912, 22.841132], [35.771169, 22.890286], [35.764415, 22.90766], [35.755707, 22.922309], [35.742931, 22.931301], [35.723399, 22.931871], [35.751638, 22.885972], [35.763682, 22.870429], [35.737071, 22.883979], [35.695305, 22.932126], [35.675059, 22.96662], [35.667817, 22.982611], [35.654642, 23.07375], [35.635171, 23.110925], [35.621087, 23.139293], [35.57468, 23.212565], [35.567393, 23.245429], [35.55817, 23.282089], [35.550304, 23.330227], [35.551443, 23.377509], [35.547537, 23.393988], [35.541352, 23.409573], [35.524181, 23.438951], [35.502615, 23.467231], [35.493337, 23.482367], [35.489431, 23.497016], [35.49171, 23.512152], [35.501475, 23.539944], [35.503673, 23.55565], [35.505544, 23.642483], [35.510221, 23.683922], [35.508516, 23.706272], [35.507663, 23.717832], [35.506114, 23.734565], [35.509322, 23.741729], [35.510148, 23.756379], [35.501721, 23.768695], [35.483224, 23.772487], [35.474768, 23.797915], [35.481425, 23.828348], [35.490658, 23.869996], [35.483871, 23.917787], [35.491222, 23.947577], [35.504921, 23.971001], [35.513927, 23.977118], [35.535275, 23.97179], [35.550548, 23.965481], [35.551443, 23.960395], [35.561778, 23.95718], [35.573232, 23.944825], [35.579981, 23.936349], [35.598533, 23.929413], [35.613711, 23.927102], [35.627202, 23.928644], [35.64575, 23.925562], [35.664274, 23.918649], [35.68452, 23.910916], [35.699718, 23.917828], [35.736012, 23.933209], [35.750356, 23.932423], [35.770597, 23.91235], [35.785779, 23.893046], [35.792535, 23.902291], [35.774825, 23.923912], [35.753747, 23.968659], [35.738571, 23.983317], [35.717479, 23.993355], [35.691315, 24.001078], [35.66685, 24.007253], [35.635631, 24.001865], [35.605261, 24.018817], [35.602725, 24.048101], [35.588372, 24.075837], [35.552059, 24.1105], [35.524189, 24.121275], [35.5039, 24.140538], [35.493767, 24.138989], [35.503082, 24.125107], [35.510509, 24.111233], [35.493828, 24.1089], [35.455737, 24.158988], [35.428645, 24.185953], [35.391856, 24.282782], [35.370616, 24.306098], [35.235455, 24.400126], [35.18572, 24.485663], [35.144556, 24.500206], [35.144445, 24.527675], [35.160655, 24.558498], [35.16027, 24.574618], [35.146014, 24.585898], [35.126964, 24.617662], [35.109548, 24.643785], [35.104015, 24.656887], [35.08074, 24.735419], [35.063487, 24.764106], [35.037608, 24.785875], [35.021821, 24.795152], [35.010265, 24.804429], [35.002208, 24.815619], [34.996593, 24.830552], [34.993907, 24.849311], [34.993012, 24.886705], [34.989757, 24.905015], [34.969898, 24.926411], [34.953725, 24.944142], [34.943044, 24.971259], [34.939138, 25.003363], [34.853201, 25.138821]]}}, {"type": "Feature", "properties": {"featurecla": "Coastline", "scalerank": 0, "min_zoom": 0}, "geometry": {"type": "MultiLineString", "coordinates": [[[34.853201, 25.138821], [34.806895, 25.211615], [34.794932, 25.254381], [34.764985, 25.296088], [34.7588, 25.309638], [34.74936, 25.338813], [34.743337, 25.351304], [34.699962, 25.401028], [34.681895, 25.428697], [34.671397, 25.479722], [34.647146, 25.52204], [34.633474, 25.569403], [34.54656, 25.725043], [34.538259, 25.735663], [34.501801, 25.771633], [34.434744, 25.861884], [34.424978, 25.890204], [34.417491, 25.903144], [34.338715, 26.001776], [34.301036, 26.087795], [34.261974, 26.139472], [34.177501, 26.314846], [34.153331, 26.347113], [34.139985, 26.372301], [34.11964, 26.400295], [34.104828, 26.426663], [34.070649, 26.514879], [34.056407, 26.542304], [34.023936, 26.580715], [34.014008, 26.61164], [34.003591, 26.625637], [33.987804, 26.634101], [33.955414, 26.643012], [33.941417, 26.65351], [33.93214, 26.682603], [33.951915, 26.743354], [33.951671, 26.769273], [33.947765, 26.782416], [33.945811, 26.799994], [33.945811, 26.817776], [33.948253, 26.831], [33.959646, 26.849799], [33.968761, 26.846381], [33.979666, 26.837104], [33.996104, 26.837877], [34.003591, 26.848944], [34.002696, 26.864895], [33.996104, 26.896552], [33.990977, 26.907416], [33.978852, 26.914944], [33.964366, 26.921861], [33.951671, 26.930976], [33.942068, 26.944566], [33.929454, 26.974189], [33.920909, 26.989325], [33.90089, 27.014228], [33.893891, 27.027899], [33.893728, 27.043931], [33.908702, 27.042141], [33.901378, 27.058743], [33.883149, 27.080797], [33.865977, 27.09516], [33.847179, 27.107001], [33.836762, 27.120754], [33.83253, 27.137885], [33.831554, 27.15998], [33.830333, 27.16592], [33.825369, 27.174628], [33.824718, 27.180487], [33.826996, 27.184149], [33.836111, 27.190823], [33.83839, 27.194159], [33.840505, 27.232082], [33.83839, 27.24258], [33.825369, 27.259711], [33.805675, 27.272121], [33.763357, 27.290351], [33.724783, 27.313707], [33.691661, 27.341864], [33.684825, 27.355699], [33.677501, 27.400133], [33.671153, 27.420396], [33.664073, 27.430325], [33.647146, 27.446479], [33.640391, 27.45482], [33.637218, 27.464789], [33.635916, 27.486721], [33.632986, 27.495836], [33.618175, 27.508124], [33.574474, 27.525865], [33.557872, 27.53677], [33.556977, 27.547593], [33.558279, 27.557115], [33.560802, 27.565172], [33.564708, 27.571519], [33.536306, 27.616197], [33.519705, 27.63581], [33.496349, 27.646633], [33.507172, 27.663723], [33.526541, 27.677558], [33.5442, 27.679185], [33.550466, 27.659654], [33.557872, 27.659654], [33.553966, 27.668647], [33.550466, 27.673977], [33.550466, 27.681383], [33.557872, 27.681383], [33.581554, 27.654486], [33.592052, 27.646633], [33.592052, 27.653469], [33.587576, 27.659003], [33.577891, 27.677436], [33.574962, 27.681383], [33.568533, 27.683254], [33.550466, 27.695054], [33.546153, 27.698188], [33.540782, 27.704535], [33.536794, 27.708075], [33.545909, 27.718492], [33.552501, 27.731879], [33.556407, 27.746283], [33.557872, 27.759914], [33.551443, 27.761623], [33.53712, 27.755764], [33.522716, 27.751899], [33.516287, 27.759914], [33.511729, 27.775092], [33.501231, 27.787502], [33.482188, 27.804918], [33.475434, 27.815863], [33.473481, 27.823188], [33.476085, 27.83161], [33.482188, 27.845893], [33.488943, 27.845893], [33.509776, 27.834947], [33.536469, 27.826077], [33.560069, 27.813422], [33.571544, 27.791246], [33.585216, 27.791246], [33.592052, 27.791246], [33.592052, 27.797431], [33.587087, 27.805121], [33.583263, 27.82453], [33.57838, 27.832221], [33.57838, 27.838446], [33.576182, 27.850491], [33.554373, 27.89647], [33.547374, 27.906684], [33.535411, 27.916409], [33.512543, 27.959052], [33.441742, 28.016547], [33.396658, 28.027248], [33.374685, 28.035875], [33.366059, 28.050686], [33.355479, 28.048082], [33.343598, 28.050605], [33.336111, 28.056789], [33.338145, 28.065009], [33.338145, 28.071031], [33.336762, 28.079169], [33.338145, 28.085435], [33.316417, 28.096381], [33.283214, 28.132392], [33.266124, 28.140082], [33.24936, 28.14289], [33.246104, 28.150458], [33.246755, 28.161526], [33.241954, 28.174872], [33.233653, 28.180325], [33.222179, 28.184638], [33.212169, 28.189927], [33.200531, 28.211371], [33.153087, 28.256171], [33.130544, 28.284166], [33.126475, 28.287502], [33.124685, 28.296332], [33.119802, 28.308783], [33.112966, 28.320014], [33.105317, 28.325629], [33.1067, 28.347113], [33.087576, 28.368598], [33.043224, 28.400784], [33.046723, 28.401435], [33.049571, 28.401353], [33.051036, 28.402574], [33.050792, 28.406928], [33.041759, 28.41413], [33.013031, 28.463039], [33.006196, 28.483344], [33.00294, 28.489488], [32.993826, 28.494208], [32.982595, 28.496568], [32.972911, 28.499823], [32.963552, 28.517727], [32.951427, 28.530992], [32.927257, 28.551581], [32.879568, 28.575426], [32.868907, 28.578925], [32.865245, 28.599555], [32.820649, 28.74787], [32.806895, 28.778144], [32.784516, 28.799384], [32.749197, 28.804836], [32.70753, 28.85635], [32.703461, 28.85871], [32.680837, 28.880561], [32.677257, 28.890774], [32.676524, 28.910956], [32.67335, 28.921536], [32.662771, 28.934068], [32.632091, 28.9619], [32.625499, 28.972724], [32.627208, 29.00788], [32.632335, 29.037584], [32.624685, 29.048163], [32.628184, 29.057034], [32.638927, 29.061347], [32.644216, 29.072903], [32.654145, 29.080878], [32.659679, 29.089097], [32.658946, 29.110785], [32.656179, 29.120632], [32.628673, 29.21894], [32.632335, 29.236802], [32.632335, 29.243069], [32.618663, 29.261176], [32.605479, 29.291938], [32.595388, 29.324897], [32.591482, 29.349514], [32.581228, 29.369127], [32.556977, 29.397854], [32.528575, 29.423651], [32.497325, 29.44009], [32.451345, 29.487291], [32.43865, 29.496772], [32.387706, 29.525621], [32.376801, 29.536078], [32.368663, 29.557196], [32.35963, 29.571275], [32.348318, 29.585028], [32.337657, 29.592475], [32.337657, 29.599921], [32.351573, 29.613674], [32.357432, 29.630561], [32.358084, 29.671942], [32.363943, 29.688218], [32.392833, 29.734361], [32.403005, 29.743964], [32.40797, 29.751899], [32.491547, 29.854071], [32.509532, 29.866848], [32.48699, 29.871568], [32.472911, 29.881985], [32.466807, 29.896877], [32.467947, 29.915229], [32.476899, 29.932196], [32.493907, 29.950629], [32.513438, 29.961575], [32.53004, 29.956204], [32.542735, 29.962551], [32.553966, 29.962104], [32.561778, 29.955227], [32.564138, 29.942572], [32.571544, 29.942572], [32.570486, 29.955756], [32.565603, 29.963039], [32.560069, 29.968573], [32.557465, 29.976467], [32.558604, 29.987128], [32.571544, 30.01142], [32.57781, 30.01142], [32.57545, 30.002875], [32.57545, 29.997016], [32.57781, 29.989691], [32.57781, 29.983547], [32.570079, 29.982652], [32.566091, 29.981024], [32.562755, 29.978949], [32.561615, 29.976386], [32.563487, 29.972398], [32.569021, 29.967597], [32.573741, 29.962144], [32.57781, 29.956204], [32.583507, 29.954332], [32.58546, 29.95246], [32.583507, 29.950629], [32.57781, 29.948798], [32.583507, 29.943427], [32.584321, 29.938707], [32.580414, 29.934027], [32.571544, 29.9289], [32.612478, 29.893744], [32.625336, 29.874254], [32.625499, 29.84634], [32.619965, 29.843166], [32.609548, 29.833889], [32.604503, 29.824164], [32.625499, 29.815253], [32.648448, 29.794623], [32.653005, 29.788316], [32.656423, 29.777086], [32.680837, 29.7508], [32.686778, 29.741848], [32.690684, 29.733629], [32.693126, 29.722846], [32.693858, 29.706041], [32.691905, 29.696519], [32.683279, 29.676093], [32.680837, 29.661363], [32.682465, 29.64704], [32.686046, 29.63227], [32.68686, 29.61815], [32.680837, 29.606147], [32.680837, 29.599921], [32.712413, 29.580471], [32.724132, 29.539537], [32.722504, 29.492743], [32.715017, 29.455959], [32.728526, 29.455959], [32.722911, 29.460883], [32.721446, 29.467475], [32.723806, 29.475287], [32.728526, 29.483832], [32.734711, 29.483832], [32.735362, 29.477281], [32.733653, 29.473863], [32.730968, 29.471869], [32.728526, 29.469631], [32.735688, 29.468329], [32.741059, 29.466742], [32.745372, 29.463121], [32.749197, 29.455959], [32.741547, 29.455959], [32.790294, 29.425442], [32.817231, 29.414049], [32.821056, 29.39704], [32.817393, 29.359768], [32.819102, 29.359076], [32.839366, 29.31623], [32.845958, 29.308336], [32.855235, 29.305121], [32.868337, 29.297431], [32.875499, 29.279486], [32.880138, 29.258857], [32.88559, 29.243069], [32.898611, 29.231024], [32.91977, 29.217515], [32.942068, 29.20661], [32.957856, 29.202094], [33.00294, 29.161119], [33.004893, 29.158433], [33.007498, 29.150336], [33.009125, 29.147406], [33.012055, 29.145819], [33.020356, 29.142483], [33.023448, 29.140611], [33.040212, 29.118109], [33.043224, 29.1164], [33.046641, 29.111558], [33.061209, 29.101386], [33.064301, 29.095933], [33.066173, 29.090033], [33.078624, 29.064887], [33.089041, 29.055976], [33.116059, 29.043118], [33.126475, 29.031399], [33.136485, 29.034613], [33.14503, 29.031724], [33.151052, 29.024156], [33.153087, 29.013373], [33.15919, 29.014106], [33.170746, 29.003079], [33.177908, 28.989569], [33.170584, 28.982978], [33.165863, 28.97606], [33.167654, 28.961086], [33.17156, 28.946682], [33.173595, 28.941392], [33.177582, 28.918362], [33.176036, 28.909735], [33.167328, 28.900377], [33.167328, 28.894232], [33.171397, 28.881415], [33.174571, 28.836982], [33.181, 28.818508], [33.188731, 28.812934], [33.19752, 28.810004], [33.204763, 28.805162], [33.210134, 28.785061], [33.215831, 28.777167], [33.228282, 28.763861], [33.217784, 28.741034], [33.204763, 28.695014], [33.194835, 28.675116], [33.212576, 28.645006], [33.219005, 28.627997], [33.223155, 28.587836], [33.228689, 28.569403], [33.239431, 28.556586], [33.256196, 28.551581], [33.237641, 28.566107], [33.246104, 28.579495], [33.26295, 28.577053], [33.269786, 28.544135], [33.262462, 28.544135], [33.262462, 28.551581], [33.256196, 28.544135], [33.267833, 28.538886], [33.278819, 28.527533], [33.28712, 28.515082], [33.290294, 28.506903], [33.29477, 28.499416], [33.305186, 28.489732], [33.369151, 28.447943], [33.368988, 28.442328], [33.38087, 28.430243], [33.400157, 28.414455], [33.423188, 28.378241], [33.427501, 28.376899], [33.43393, 28.3664], [33.564708, 28.297105], [33.574392, 28.280748], [33.597911, 28.249742], [33.605642, 28.236274], [33.612804, 28.240627], [33.618175, 28.233303], [33.632986, 28.184475], [33.634776, 28.181301], [33.643565, 28.172309], [33.646658, 28.167385], [33.654063, 28.167385], [33.654063, 28.174872], [33.66033, 28.174872], [33.662446, 28.168769], [33.665701, 28.165717], [33.66977, 28.163723], [33.674571, 28.160549], [33.672537, 28.145982], [33.684337, 28.124335], [33.701427, 28.103827], [33.715505, 28.092922], [33.715994, 28.075263], [33.763927, 28.049018], [33.763357, 28.023993], [33.779145, 28.020819], [33.786794, 28.017971], [33.793712, 28.013129], [33.796886, 28.009019], [33.800466, 28.000474], [33.80421, 27.996039], [33.806895, 27.994574], [33.815115, 27.991034], [33.849864, 27.96483], [33.858897, 27.955146], [33.865571, 27.96133], [33.879405, 27.934638], [33.89088, 27.942532], [33.903982, 27.941799], [33.916759, 27.935736], [33.973806, 27.889228], [33.982432, 27.88996], [33.987559, 27.886664], [34.054454, 27.814521], [34.078461, 27.800686], [34.174815, 27.791246], [34.189789, 27.78677], [34.199962, 27.782172], [34.208507, 27.775946], [34.22755, 27.758205], [34.244965, 27.737372], [34.249848, 27.728583], [34.257335, 27.728583], [34.257335, 27.736029], [34.252452, 27.736477], [34.251231, 27.73725], [34.251231, 27.739081], [34.249848, 27.742825], [34.253754, 27.740424], [34.26352, 27.736029], [34.258474, 27.747789], [34.255056, 27.752387], [34.249848, 27.756496], [34.249848, 27.763332], [34.257335, 27.763332], [34.257335, 27.769517], [34.221202, 27.769843], [34.21811, 27.775784], [34.214122, 27.79149], [34.216807, 27.791938], [34.226085, 27.791246], [34.239513, 27.794135], [34.259125, 27.801703], [34.271739, 27.812445], [34.26352, 27.824774], [34.272716, 27.836168], [34.27947, 27.858344], [34.286388, 27.864407], [34.292979, 27.859849], [34.30128, 27.857327], [34.304454, 27.852037], [34.31129, 27.852037], [34.320974, 27.861274], [34.331228, 27.891547], [34.338715, 27.906684], [34.334483, 27.908759], [34.333507, 27.909125], [34.333344, 27.910102], [34.331309, 27.91413], [34.341156, 27.915473], [34.354991, 27.919501], [34.362559, 27.920356], [34.37086, 27.923651], [34.376964, 27.938178], [34.389985, 27.945258], [34.394379, 27.953803], [34.397472, 27.96308], [34.400727, 27.968736], [34.408865, 27.972113], [34.434906, 27.975572], [34.427419, 27.983059], [34.444027, 28.053541], [34.426753, 28.081544], [34.438639, 28.109557], [34.447765, 28.14468], [34.448578, 28.157172], [34.449962, 28.160346], [34.452647, 28.163235], [34.455251, 28.167467], [34.455333, 28.174872], [34.452485, 28.180365], [34.443126, 28.1883], [34.434337, 28.204413], [34.421153, 28.218166], [34.412934, 28.23314], [34.420584, 28.249945], [34.420584, 28.256171], [34.41505, 28.267076], [34.410655, 28.278144], [34.407888, 28.291164], [34.406912, 28.30801], [34.410167, 28.320014], [34.424327, 28.344713], [34.427419, 28.356106], [34.429373, 28.356757], [34.441173, 28.373481], [34.444835, 28.384467], [34.454275, 28.4289], [34.461681, 28.442043], [34.475271, 28.447943], [34.47283, 28.452826], [34.471934, 28.453274], [34.469005, 28.45539], [34.48878, 28.472724], [34.511567, 28.487779], [34.523611, 28.50731], [34.51059, 28.537991], [34.51531, 28.537421], [34.516449, 28.538967], [34.516368, 28.54149], [34.517345, 28.544135], [34.530121, 28.572699], [34.570323, 28.626166], [34.584239, 28.672349], [34.607677, 28.701483], [34.613048, 28.719184], [34.615245, 28.724189], [34.619884, 28.729193], [34.624522, 28.735989], [34.62672, 28.746487], [34.625011, 28.75373], [34.622813, 28.759833], [34.62436, 28.765326], [34.633474, 28.770697], [34.627289, 28.782538], [34.624034, 28.787055], [34.620453, 28.790595], [34.626313, 28.802395], [34.626313, 28.816962], [34.623383, 28.830552], [34.620453, 28.839586], [34.620453, 28.845852], [34.647146, 28.86286], [34.646007, 28.922349], [34.640961, 28.942694], [34.64031, 28.948798], [34.64324, 28.962063], [34.646739, 28.967434], [34.669119, 28.98017], [34.678233, 28.98314], [34.68572, 28.988674], [34.688731, 29.000393], [34.686534, 29.012437], [34.676606, 29.024807], [34.674571, 29.03441], [34.677013, 29.094916], [34.674571, 29.106513], [34.683849, 29.119045], [34.690115, 29.134467], [34.693858, 29.150458], [34.694998, 29.164496], [34.700369, 29.170356], [34.712087, 29.177436], [34.723643, 29.186672], [34.729015, 29.19892], [34.729015, 29.250474], [34.734141, 29.263129], [34.741954, 29.277004], [34.745291, 29.291327], [34.736583, 29.305121], [34.736583, 29.311265], [34.744965, 29.315823], [34.749766, 29.321194], [34.75294, 29.327094], [34.757009, 29.333075], [34.761974, 29.336859], [34.772716, 29.341864], [34.777599, 29.346096], [34.800629, 29.377875], [34.812266, 29.387641], [34.805919, 29.392564], [34.805186, 29.39643], [34.809581, 29.399115], [34.819102, 29.400702], [34.815196, 29.406399], [34.817638, 29.412177], [34.824229, 29.417385], [34.832774, 29.421129], [34.833263, 29.426174], [34.831716, 29.427639], [34.828868, 29.42772], [34.825369, 29.428616], [34.838145, 29.432929], [34.843761, 29.440823], [34.847016, 29.451117], [34.85255, 29.462795], [34.859711, 29.472154], [34.866873, 29.479193], [34.875336, 29.484809], [34.886729, 29.490058], [34.893728, 29.490546], [34.903005, 29.489691], [34.910818, 29.489936], [34.914073, 29.493801], [34.915782, 29.50023], [34.91977, 29.507392], [34.927745, 29.518012], [34.944998, 29.536851], [34.951345, 29.54564], [34.955577, 29.558987], [34.960216, 29.559516], [34.961599, 29.558092], [34.961599, 29.555406], [34.962413, 29.552151], [34.976085, 29.552151], [34.996837, 29.533881], [34.997813, 29.517971], [34.976085, 29.477037], [34.969005, 29.450832], [34.962413, 29.359768], [34.949392, 29.351711], [34.945323, 29.3369], [34.948009, 29.319973], [34.955577, 29.305121], [34.950694, 29.305732], [34.949392, 29.304267], [34.949229, 29.3015], [34.94809, 29.298285], [34.936371, 29.30386], [34.932628, 29.289252], [34.935232, 29.267279], [34.942068, 29.250474], [34.918956, 29.239081], [34.909353, 29.230658], [34.907888, 29.216376], [34.909353, 29.21015], [34.898204, 29.18773], [34.893565, 29.17475], [34.873546, 29.085273], [34.864024, 29.063666], [34.85255, 29.045071], [34.85255, 29.031399], [34.86378, 29.006252], [34.856293, 28.963813], [34.840099, 28.922431], [34.825369, 28.900377], [34.825369, 28.894232], [34.84197, 28.889635], [34.844086, 28.87641], [34.832774, 28.845852], [34.832774, 28.839586], [34.838552, 28.828559], [34.836111, 28.816474], [34.819102, 28.790595], [34.825369, 28.790595], [34.825369, 28.784369], [34.809825, 28.757961], [34.796886, 28.725816], [34.77847, 28.6645], [34.793432, 28.619434], [34.796173, 28.572185], [34.803775, 28.527133], [34.775076, 28.483344], [34.767914, 28.466457], [34.76059, 28.436591], [34.741059, 28.41059], [34.730479, 28.363593], [34.715017, 28.32746], [34.694672, 28.29442], [34.674571, 28.277248], [34.680431, 28.271674], [34.682953, 28.27383], [34.688731, 28.277289], [34.688243, 28.266791], [34.688731, 28.263617], [34.685313, 28.265937], [34.678396, 28.268459], [34.674571, 28.270453], [34.664887, 28.224514], [34.668305, 28.215766], [34.668305, 28.20897], [34.657237, 28.206285], [34.649587, 28.200873], [34.648123, 28.194241], [34.655284, 28.187893], [34.655284, 28.181057], [34.660899, 28.181057], [34.657725, 28.170559], [34.651703, 28.167792], [34.643403, 28.170233], [34.633474, 28.174872], [34.635265, 28.175727], [34.638031, 28.175442], [34.64031, 28.176418], [34.64031, 28.181057], [34.632498, 28.179389], [34.627126, 28.176663], [34.623383, 28.172675], [34.620453, 28.167385], [34.62672, 28.160549], [34.620942, 28.157375], [34.612478, 28.150336], [34.606212, 28.147528], [34.605642, 28.142564], [34.596934, 28.138902], [34.587413, 28.131822], [34.572765, 28.112779], [34.578868, 28.105902], [34.574392, 28.094062], [34.598888, 28.103258], [34.606212, 28.096015], [34.6067, 28.071845], [34.608653, 28.058824], [34.613048, 28.044501], [34.620453, 28.037665], [34.617361, 28.035468], [34.615733, 28.035712], [34.614757, 28.03498], [34.613048, 28.030219], [34.63502, 28.033271], [34.641449, 28.041693], [34.642345, 28.054592], [34.647146, 28.071194], [34.655284, 28.065009], [34.657481, 28.066962], [34.658946, 28.069159], [34.661794, 28.070787], [34.668305, 28.071194], [34.668305, 28.078599], [34.647146, 28.092922], [34.647146, 28.099107], [34.653575, 28.103583], [34.667003, 28.10871], [34.674571, 28.112779], [34.677745, 28.120795], [34.678396, 28.130764], [34.681977, 28.135159], [34.694998, 28.126451], [34.698497, 28.131537], [34.702485, 28.134996], [34.706309, 28.1376], [34.709239, 28.140082], [34.715343, 28.127631], [34.718923, 28.123033], [34.725108, 28.115058], [34.727387, 28.112128], [34.736583, 28.105902], [34.742442, 28.111558], [34.747325, 28.112006], [34.751964, 28.107611], [34.757009, 28.099107], [34.764985, 28.099107], [34.764985, 28.105902], [34.770763, 28.105902], [34.770844, 28.102729], [34.770356, 28.096137], [34.770763, 28.092922], [34.77589, 28.094957], [34.777354, 28.096177], [34.778982, 28.095771], [34.784434, 28.092922], [34.786469, 28.104722], [34.793712, 28.11107], [34.804942, 28.113349], [34.819102, 28.112779], [34.81837, 28.107123], [34.818533, 28.102932], [34.819102, 28.099107], [34.809418, 28.095404], [34.801606, 28.090399], [34.795746, 28.084621], [34.791759, 28.078599], [34.795258, 28.077297], [34.798676, 28.076809], [34.801768, 28.075385], [34.804861, 28.071194], [34.814301, 28.088935], [34.821625, 28.095771], [34.832774, 28.099107], [34.832774, 28.105902], [34.825369, 28.105902], [34.825369, 28.112779], [34.836762, 28.116278], [34.847016, 28.117621], [34.8567, 28.116441], [34.866222, 28.112779], [34.856944, 28.109849], [34.847667, 28.105536], [34.842621, 28.09984], [34.846446, 28.092922], [34.846446, 28.085435], [34.838878, 28.085435], [34.838878, 28.078599], [34.842947, 28.076402], [34.843761, 28.076321], [34.846446, 28.071194], [34.860199, 28.085395], [34.880626, 28.085639], [34.90089, 28.082261], [34.914073, 28.085435], [34.920909, 28.085435], [34.920909, 28.078599], [34.927745, 28.078599], [34.931326, 28.086005], [34.937266, 28.091254], [34.945486, 28.095364], [34.975841, 28.10342], [34.986013, 28.10932], [34.997895, 28.114203], [35.009532, 28.110541], [35.020681, 28.103746], [35.030772, 28.099107], [35.026215, 28.102973], [35.022472, 28.107856], [35.019705, 28.113471], [35.030284, 28.113471], [35.042003, 28.113023], [35.051931, 28.119574], [35.098643, 28.089748], [35.110362, 28.078925], [35.119395, 28.077948], [35.137218, 28.078599], [35.144786, 28.076402], [35.151866, 28.071031], [35.157725, 28.064358], [35.161794, 28.058173], [35.167817, 28.058173], [35.167817, 28.065009], [35.174653, 28.065009], [35.182628, 28.061916], [35.210297, 28.056586], [35.216319, 28.054389], [35.225841, 28.038764], [35.226899, 28.033149], [35.216319, 28.037665], [35.199067, 28.028225], [35.176524, 28.019477], [35.163585, 28.009345], [35.174653, 27.996039], [35.181488, 27.996039], [35.181488, 28.002916], [35.229991, 27.968736], [35.245616, 27.962348], [35.255219, 27.952786], [35.271007, 27.927802], [35.322765, 27.876288], [35.332367, 27.862209], [35.336762, 27.833686], [35.346853, 27.815009], [35.351329, 27.801418], [35.356944, 27.794379], [35.364757, 27.7897], [35.384939, 27.78262], [35.394379, 27.777004], [35.41505, 27.75137], [35.440766, 27.690253], [35.458995, 27.663398], [35.491954, 27.632392], [35.500255, 27.61933], [35.506196, 27.600531], [35.506847, 27.564439], [35.510509, 27.544176], [35.521495, 27.518459], [35.559581, 27.455634], [35.589854, 27.4289], [35.61671, 27.389635], [35.640391, 27.363471], [35.652599, 27.353827], [35.699962, 27.324774], [35.784028, 27.2355], [35.807953, 27.20307], [35.812836, 27.191067], [35.810557, 27.18244], [35.800792, 27.168158], [35.798595, 27.15998], [35.799815, 27.150092], [35.803071, 27.142076], [35.831716, 27.092719], [35.911876, 26.999579], [35.976736, 26.94774], [36.000255, 26.91352], [36.013927, 26.90233], [36.031993, 26.906806], [36.051768, 26.844672], [36.081879, 26.797268], [36.097667, 26.753974], [36.124197, 26.726752], [36.18214, 26.680243], [36.229828, 26.625556], [36.30893, 26.498236], [36.382823, 26.33454], [36.42628, 26.281806], [36.449229, 26.246894], [36.512706, 26.110989], [36.536632, 26.082424], [36.57252, 26.070705], [36.605642, 26.068264], [36.640636, 26.060207], [36.672374, 26.045233], [36.696056, 26.022284], [36.705577, 25.999335], [36.709483, 25.971137], [36.705821, 25.943752], [36.692638, 25.923285], [36.671641, 25.901435], [36.66212, 25.879096], [36.663422, 25.855658], [36.675629, 25.830512], [36.681814, 25.825588], [36.693858, 25.822903], [36.696056, 25.817125], [36.694835, 25.7956], [36.696056, 25.789537], [36.702322, 25.779975], [36.724946, 25.753892], [36.733897, 25.748521], [36.748871, 25.743883], [36.779552, 25.724066], [36.792247, 25.720608], [36.803966, 25.726793], [36.800466, 25.736721], [36.793712, 25.748277], [36.795665, 25.759467], [36.817393, 25.757961], [36.842296, 25.729804], [36.881602, 25.672838], [36.894298, 25.665595], [36.923513, 25.654771], [36.93629, 25.646145], [36.944102, 25.635199], [36.958263, 25.60635], [36.96697, 25.594306], [36.969981, 25.588568], [36.969005, 25.576158], [36.970388, 25.570461], [36.975597, 25.565131], [36.989268, 25.556952], [36.994477, 25.549954], [37.01059, 25.507392], [37.01824, 25.494696], [37.062673, 25.453681], [37.077403, 25.431057], [37.059825, 25.419623], [37.064626, 25.409735], [37.079845, 25.394599], [37.086436, 25.385443], [37.088878, 25.376776], [37.090994, 25.354397], [37.093272, 25.344468], [37.105317, 25.32217], [37.122569, 25.299547], [37.142345, 25.279771], [37.162283, 25.265692], [37.170665, 25.257799], [37.180024, 25.239081], [37.189464, 25.231187], [37.200206, 25.224189], [37.211681, 25.21426], [37.230479, 25.193671], [37.242198, 25.175279], [37.250743, 25.155463], [37.256033, 25.134101], [37.257823, 25.111477], [37.251475, 25.052558], [37.257823, 25.028551], [37.277029, 24.98664], [37.279959, 24.964097], [37.258067, 24.92178], [37.256602, 24.871243], [37.244151, 24.854438], [37.218923, 24.846625], [37.196544, 24.847235], [37.174083, 24.850572], [37.148611, 24.85102], [37.165782, 24.815497], [37.178722, 24.799384], [37.1963, 24.789618], [37.206798, 24.791002], [37.219737, 24.802802], [37.227061, 24.799547], [37.230317, 24.792548], [37.231293, 24.78262], [37.230479, 24.772691], [37.227061, 24.765367], [37.228526, 24.737698], [37.25766, 24.702338], [37.31923, 24.624239], [37.456669, 24.441249], [37.463208, 24.422546], [37.454954, 24.406871], [37.435246, 24.418874], [37.427854, 24.421132], [37.417958, 24.400966], [37.429403, 24.367307], [37.464661, 24.339588], [37.48675, 24.311147], [37.500636, 24.2887], [37.52272, 24.267732], [37.545706, 24.274411], [37.575174, 24.261637], [37.585775, 24.246662], [37.628394, 24.24804], [37.622735, 24.268237], [37.625987, 24.28144], [37.640961, 24.291693], [37.652322, 24.290566], [37.676091, 24.291236], [37.695712, 24.279213], [37.710413, 24.266457], [37.728407, 24.257422], [37.745585, 24.249884], [37.758661, 24.241612], [37.767589, 24.221393], [37.806407, 24.193264], [37.82016, 24.181708], [37.865634, 24.149888], [37.89601, 24.157208], [37.918133, 24.149593], [37.923905, 24.155547], [37.923126, 24.164534], [37.921542, 24.177268], [37.918299, 24.186267], [37.912577, 24.191538], [37.918366, 24.201232], [37.93069, 24.203406], [37.937292, 24.21085], [37.94795, 24.207047], [37.943772, 24.191356], [37.9322, 24.174211], [37.93953, 24.161441], [37.958457, 24.170309], [37.97326, 24.174709], [37.983072, 24.165664], [37.958421, 24.162076], [37.941124, 24.150951], [37.935321, 24.139007], [37.966416, 24.117094], [38.007579, 24.093085], [38.023204, 24.08161], [38.045729, 24.06739], [38.053968, 24.072323], [38.062881, 24.076006], [38.071069, 24.07408], [38.079135, 24.070388], [38.109117, 24.043892], [38.126179, 24.029428], [38.146636, 24.014909], [38.165641, 23.992923], [38.185356, 23.975929], [38.198281, 23.967098], [38.22209, 23.952574], [38.238469, 23.950583], [38.258906, 23.944819], [38.275401, 23.933824], [38.283338, 23.9278], [38.299563, 23.910222], [38.309337, 23.893378], [38.319133, 23.886385], [38.332707, 23.879426], [38.348888, 23.87519], [38.365348, 23.870448], [38.377481, 23.856017], [38.385493, 23.838504], [38.390126, 23.824131], [38.399571, 23.814086], [38.41627, 23.808905], [38.427094, 23.806708], [38.437022, 23.802069], [38.452647, 23.784003], [38.459972, 23.76081], [38.464366, 23.73607], [38.471365, 23.713324], [38.494849, 23.644635], [38.539223, 23.591869], [38.540064, 23.543245], [38.562022, 23.524359], [38.59547, 23.52147], [38.59547, 23.528388], [38.570323, 23.536933], [38.560883, 23.545722], [38.559906, 23.562486], [38.568044, 23.562486], [38.577891, 23.556627], [38.600175, 23.568249], [38.601573, 23.551947], [38.604747, 23.535386], [38.612153, 23.524319], [38.628917, 23.50788], [38.631244, 23.490047], [38.637113, 23.468169], [38.64087, 23.440074], [38.646537, 23.400726], [38.659331, 23.37179], [38.672869, 23.348151], [38.680417, 23.318251], [38.680254, 23.303795], [38.688918, 23.28654], [38.691713, 23.27296], [38.703949, 23.257758], [38.711436, 23.235745], [38.729259, 23.216254], [38.747689, 23.182957], [38.765115, 23.161101], [38.777619, 23.139292], [38.78666, 23.154558], [38.79835, 23.149604], [38.799213, 23.137263], [38.803928, 23.121856], [38.806407, 23.093248], [38.804373, 23.07925], [38.798676, 23.064643], [38.790212, 23.051337], [38.779063, 23.041164], [38.799571, 22.998684], [38.81422, 22.982733], [38.834321, 22.986518], [38.851085, 22.977973], [38.873871, 22.972805], [38.893891, 22.965155], [38.902599, 22.949286], [38.905284, 22.938463], [38.911469, 22.928453], [38.919607, 22.921088], [38.926931, 22.918199], [38.937348, 22.912095], [38.954275, 22.881903], [38.964692, 22.870429], [38.958832, 22.859117], [38.95102, 22.851955], [38.941417, 22.850531], [38.930512, 22.856757], [38.912852, 22.861965], [38.880407, 22.928494], [38.851175, 22.943275], [38.851001, 22.929721], [38.902599, 22.843166], [38.929852, 22.815018], [38.957714, 22.774961], [38.970876, 22.746894], [38.978282, 22.75373], [38.971446, 22.763861], [38.969005, 22.77383], [38.967947, 22.784003], [38.964692, 22.794664], [38.958018, 22.803616], [38.94044, 22.820787], [38.936778, 22.826361], [38.945486, 22.831204], [38.965017, 22.816311], [39.013031, 22.766791], [39.014659, 22.758979], [38.988292, 22.736396], [38.985688, 22.72427], [38.993012, 22.708564], [39.012462, 22.678656], [39.038585, 22.622707], [39.066254, 22.587551], [39.073988, 22.574175], [39.081517, 22.546792], [39.07422, 22.490973], [39.082071, 22.436285], [39.069227, 22.39449], [39.070256, 22.365828], [39.0948, 22.370183], [39.101248, 22.380439], [39.108165, 22.408922], [39.114919, 22.418606], [39.127615, 22.42121], [39.13738, 22.4147], [39.142751, 22.403225], [39.142751, 22.390611], [39.139496, 22.386379], [39.122325, 22.370185], [39.108653, 22.342231], [39.09962, 22.331732], [39.090587, 22.323391], [39.083507, 22.313544], [39.073253, 22.271145], [39.040375, 22.235785], [39.03297, 22.208808], [39.03297, 22.167792], [39.029307, 22.153225], [39.022716, 22.142483], [39.019298, 22.131578], [39.026134, 22.116889], [39.040375, 22.151068], [39.046641, 22.151068], [39.044444, 22.130805], [39.035004, 22.091132], [39.03297, 22.072211], [39.03004, 22.067084], [39.016612, 22.058092], [39.012462, 22.054267], [39.01002, 22.043606], [39.01002, 22.024115], [39.005693, 22.002005], [38.986214, 22.002239], [38.959144, 22.034443], [38.932655, 22.025186], [38.931254, 22.006073], [38.949598, 21.921916], [38.978554, 21.862074], [39.012462, 21.822089], [39.014496, 21.818752], [39.017263, 21.811184], [39.019298, 21.807807], [39.031016, 21.801459], [39.03297, 21.800971], [39.035899, 21.792629], [39.037364, 21.776068], [39.040375, 21.766832], [39.045421, 21.758734], [39.04949, 21.754828], [39.053884, 21.751858], [39.060313, 21.746405], [39.063731, 21.737942], [39.063487, 21.730048], [39.066742, 21.725246], [39.08074, 21.725816], [39.08839, 21.730455], [39.093598, 21.739163], [39.101248, 21.759996], [39.10906, 21.747789], [39.108572, 21.732123], [39.103526, 21.718573], [39.098155, 21.712836], [39.079356, 21.706366], [39.077403, 21.691555], [39.088145, 21.664455], [39.09018, 21.63703], [39.088715, 21.605862], [39.092296, 21.576565], [39.108653, 21.554592], [39.101248, 21.548407], [39.110362, 21.528144], [39.119802, 21.516913], [39.130056, 21.519599], [39.142751, 21.54092], [39.158946, 21.507799], [39.160411, 21.494452], [39.149669, 21.485663], [39.149669, 21.480129], [39.164724, 21.464911], [39.172374, 21.436021], [39.171072, 21.40412], [39.159923, 21.379828], [39.08074, 21.315009], [39.11199, 21.268215], [39.125743, 21.260403], [39.163259, 21.205878], [39.170177, 21.191474], [39.168224, 21.185289], [39.158702, 21.172593], [39.156505, 21.167548], [39.158702, 21.155911], [39.167979, 21.136298], [39.174327, 21.108873], [39.185395, 21.097235], [39.22755, 21.069281], [39.23406, 21.067206], [39.237804, 21.062893], [39.239024, 21.05093], [39.242035, 21.041693], [39.255707, 21.032945], [39.258962, 21.023871], [39.259532, 20.999823], [39.26238, 20.983059], [39.268728, 20.968573], [39.296886, 20.927965], [39.29713, 20.923977], [39.306814, 20.926093], [39.317393, 20.930121], [39.32781, 20.93183], [39.337413, 20.927395], [39.34547, 20.922187], [39.352794, 20.919867], [39.358409, 20.915351], [39.361827, 20.90351], [39.35963, 20.896715], [39.35255, 20.898912], [39.344981, 20.905178], [39.340831, 20.910305], [39.339122, 20.887437], [39.359711, 20.862616], [39.388357, 20.841132], [39.409679, 20.828355], [39.411306, 20.846869], [39.416759, 20.846503], [39.430186, 20.828355], [39.437266, 20.825751], [39.444021, 20.827623], [39.448741, 20.827297], [39.450694, 20.817816], [39.451182, 20.811591], [39.452647, 20.806138], [39.45753, 20.794257], [39.445567, 20.796861], [39.435395, 20.800767], [39.427745, 20.806383], [39.42335, 20.814114], [39.417654, 20.805325], [39.416759, 20.797756], [39.420909, 20.791693], [39.430186, 20.787421], [39.423188, 20.771715], [39.43629, 20.756659], [39.458263, 20.744859], [39.477875, 20.738959], [39.470714, 20.742011], [39.46461, 20.746039], [39.459972, 20.751654], [39.45753, 20.759467], [39.471365, 20.757473], [39.506033, 20.746405], [39.489919, 20.722886], [39.492931, 20.706244], [39.526378, 20.670722], [39.531016, 20.659491], [39.536957, 20.630276], [39.543468, 20.619208], [39.566661, 20.598293], [39.579356, 20.591376], [39.594737, 20.588772], [39.591075, 20.580268], [39.585297, 20.575873], [39.577403, 20.57453], [39.567393, 20.575141], [39.567393, 20.567694], [39.587087, 20.552151], [39.646495, 20.461575], [39.673595, 20.436225], [39.727387, 20.396918], [39.74464, 20.381171], [39.760102, 20.350816], [39.778331, 20.342719], [39.798188, 20.337388], [39.81129, 20.331488], [39.825369, 20.320054], [39.923188, 20.263577], [39.940684, 20.259182], [39.947113, 20.262152], [39.941091, 20.268541], [39.931407, 20.274726], [39.926606, 20.276842], [39.918305, 20.283515], [39.910167, 20.288479], [39.904307, 20.295559], [39.903087, 20.308254], [39.925304, 20.299384], [39.968028, 20.275092], [39.991954, 20.266669], [40.000336, 20.275133], [40.020356, 20.28205], [40.045177, 20.286119], [40.067638, 20.286526], [40.083832, 20.279242], [40.115571, 20.251654], [40.125987, 20.245551], [40.125011, 20.241116], [40.133962, 20.231513], [40.149587, 20.218207], [40.158946, 20.20539], [40.164806, 20.200385], [40.195649, 20.19599], [40.221853, 20.189032], [40.23878, 20.178046], [40.232107, 20.16356], [40.267833, 20.125312], [40.313487, 20.090725], [40.333751, 20.079535], [40.352224, 20.074856], [40.36085, 20.07392], [40.385509, 20.068101], [40.393565, 20.064276], [40.418468, 20.031195], [40.427582, 20.026435], [40.436371, 20.023342], [40.445567, 20.009711], [40.4546, 20.006578], [40.492198, 19.984849], [40.522634, 19.97248], [40.534516, 19.961819], [40.540538, 19.943915], [40.528005, 19.917548], [40.527029, 19.910346], [40.533539, 19.903998], [40.564464, 19.885891], [40.605154, 19.829535], [40.619477, 19.82099], [40.620372, 19.812079], [40.628673, 19.792141], [40.641612, 19.771226], [40.656586, 19.759508], [40.64503, 19.784735], [40.654063, 19.794338], [40.674001, 19.794989], [40.725434, 19.789252], [40.744884, 19.777004], [40.790863, 19.714057], [40.798025, 19.692328], [40.800629, 19.642239], [40.794444, 19.601264], [40.771251, 19.613511], [40.760427, 19.614936], [40.760427, 19.60871], [40.784679, 19.59634], [40.83546, 19.546617], [40.859141, 19.534491], [40.944672, 19.505683], [40.946951, 19.49372], [40.952485, 19.485256], [40.9546, 19.474799], [40.952159, 19.464057], [40.959239, 19.456], [40.954356, 19.448676], [40.945079, 19.44066], [40.938324, 19.430569], [40.937673, 19.419379], [40.943126, 19.403306], [40.944672, 19.392727], [40.946951, 19.384182], [40.956716, 19.368638], [40.958995, 19.358588], [40.957693, 19.346422], [40.955903, 19.343329], [40.982921, 19.322699], [40.998302, 19.314927], [41.009125, 19.304023], [41.01352, 19.282864], [41.017833, 19.273993], [41.036143, 19.264553], [41.040212, 19.255845], [41.041677, 19.245754], [41.047537, 19.227444], [41.048188, 19.217719], [41.040701, 19.194648], [41.040212, 19.183539], [41.0442, 19.17414], [41.05836, 19.152981], [41.068614, 19.125393], [41.086436, 19.113593], [41.129649, 19.10163], [41.149425, 19.093736], [41.167817, 19.082221], [41.176524, 19.067369], [41.163748, 19.042955], [41.158865, 19.022162], [41.156749, 19.003852], [41.153087, 18.996039], [41.148204, 18.988471], [41.143321, 18.977484], [41.137218, 18.957709], [41.135753, 18.946926], [41.136485, 18.93651], [41.140961, 18.933295], [41.16033, 18.908881], [41.160899, 18.902981], [41.171235, 18.871649], [41.212169, 18.862006], [41.213227, 18.860419], [41.235362, 18.849107], [41.239513, 18.848334], [41.249034, 18.834174], [41.247813, 18.828437], [41.242524, 18.824897], [41.239513, 18.817043], [41.236013, 18.796617], [41.212169, 18.731024], [41.209239, 18.711615], [41.210216, 18.697943], [41.216563, 18.686347], [41.229259, 18.673326], [41.240571, 18.657945], [41.267345, 18.601304], [41.275401, 18.592027], [41.285818, 18.583808], [41.296886, 18.577338], [41.307791, 18.573432], [41.311697, 18.575344], [41.322113, 18.585639], [41.328298, 18.587633], [41.329845, 18.585435], [41.334321, 18.580552], [41.34018, 18.575629], [41.355724, 18.569037], [41.363292, 18.558661], [41.368175, 18.546291], [41.369802, 18.535834], [41.375255, 18.529486], [41.411469, 18.505764], [41.413341, 18.499335], [41.41391, 18.489976], [41.415782, 18.481513], [41.421072, 18.477769], [41.428396, 18.476874], [41.432953, 18.47427], [41.435802, 18.469957], [41.438162, 18.464179], [41.439708, 18.41059], [41.441905, 18.402086], [41.444672, 18.393988], [41.450857, 18.356024], [41.455414, 18.344062], [41.46461, 18.330959], [41.472016, 18.311957], [41.475352, 18.292873], [41.472179, 18.279202], [41.487641, 18.280829], [41.500499, 18.278998], [41.506358, 18.272203], [41.500173, 18.258734], [41.505626, 18.251776], [41.504649, 18.242987], [41.499766, 18.233344], [41.493337, 18.223944], [41.507172, 18.228258], [41.518565, 18.227973], [41.527517, 18.222317], [41.533702, 18.210354], [41.528087, 18.20718], [41.525727, 18.204291], [41.524181, 18.200995], [41.521332, 18.196682], [41.540701, 18.191881], [41.561046, 18.189846], [41.556407, 18.174302], [41.562022, 18.168158], [41.570811, 18.165188], [41.575206, 18.15941], [41.577973, 18.146389], [41.585134, 18.135403], [41.60255, 18.114691], [41.593516, 18.095893], [41.608897, 18.075181], [41.651052, 18.039008], [41.652599, 18.03144], [41.65211, 18.02265], [41.653575, 18.015326], [41.660899, 18.012356], [41.673676, 18.009263], [41.675304, 18.001288], [41.672374, 17.990139], [41.670909, 17.977525], [41.677257, 17.960598], [41.719249, 17.909247], [41.739268, 17.890692], [41.760753, 17.876532], [41.778331, 17.859809], [41.787608, 17.833564], [41.810395, 17.8369], [41.84783, 17.811957], [41.869477, 17.820502], [41.928722, 17.767157], [41.938975, 17.761868], [41.969737, 17.719794], [41.97934, 17.710639], [41.984874, 17.710639], [41.992442, 17.712714], [41.998709, 17.715481], [42.000499, 17.717475], [42.043793, 17.674302], [42.048839, 17.665676], [42.053233, 17.653225], [42.063487, 17.650865], [42.086192, 17.655422], [42.093516, 17.652086], [42.097667, 17.644355], [42.103526, 17.627509], [42.123302, 17.600775], [42.134044, 17.57982], [42.14088, 17.571194], [42.143809, 17.576606], [42.152843, 17.573798], [42.26059, 17.485053], [42.266775, 17.473578], [42.268565, 17.46483], [42.273611, 17.459947], [42.281423, 17.457913], [42.291677, 17.457424], [42.301524, 17.453599], [42.307872, 17.444322], [42.315196, 17.422065], [42.316661, 17.400824], [42.31072, 17.350979], [42.315196, 17.333238], [42.321625, 17.309272], [42.339122, 17.17357], [42.35255, 17.13467], [42.3567, 17.114163], [42.35727, 17.0456], [42.362966, 17.024807], [42.373871, 17.04328], [42.36378, 17.10871], [42.384044, 17.120998], [42.366466, 17.149319], [42.359223, 17.165188], [42.3567, 17.18244], [42.401703, 17.16352], [42.410818, 17.155748], [42.415538, 17.142035], [42.420584, 17.107733], [42.425059, 17.093085], [42.437511, 17.065131], [42.44752, 17.049018], [42.459727, 17.038479], [42.473969, 17.037258], [42.494477, 17.038398], [42.512706, 17.037014], [42.520681, 17.028225], [42.524913, 17.01496], [42.534516, 17.010321], [42.5442, 17.00434], [42.548595, 16.98725], [42.548513, 16.938137], [42.555675, 16.922065], [42.541759, 16.877997], [42.575857, 16.832343], [42.586925, 16.837958], [42.596934, 16.836819], [42.628917, 16.819892], [42.635753, 16.815172], [42.65919, 16.789984], [42.671886, 16.771918], [42.678233, 16.764716], [42.706309, 16.740627], [42.712413, 16.730618], [42.701508, 16.723334], [42.703868, 16.709052], [42.713878, 16.693671], [42.725922, 16.682807], [42.719249, 16.67536], [42.737315, 16.671129], [42.737641, 16.652818], [42.725922, 16.610175], [42.724946, 16.566352], [42.728689, 16.547187], [42.739757, 16.524563], [42.788259, 16.471869], [42.794932, 16.452826], [42.781261, 16.420233], [42.788259, 16.409857], [42.788097, 16.373684], [42.78948, 16.370958], [42.790701, 16.368638], [42.798839, 16.358466], [42.801768, 16.353217], [42.802989, 16.347357], [42.803071, 16.342353], [42.802582, 16.339423], [42.801768, 16.340155], [42.807628, 16.319566], [42.808849, 16.312649], [42.812755, 16.238267], [42.840099, 16.097805], [42.843272, 16.052191], [42.834809, 15.915351], [42.830333, 15.892524], [42.819998, 15.874945], [42.801768, 15.860338], [42.783458, 15.849433], [42.765798, 15.835761], [42.752452, 15.816392], [42.747244, 15.788398], [42.746918, 15.77265], [42.745779, 15.761949], [42.74171, 15.753241], [42.733409, 15.743069], [42.721039, 15.732815], [42.709239, 15.725898], [42.699229, 15.717434], [42.691905, 15.702094], [42.713634, 15.694729], [42.716075, 15.679836], [42.705577, 15.644355], [42.708263, 15.627834], [42.714854, 15.613959], [42.723888, 15.6022], [42.733409, 15.592231], [42.721365, 15.578192], [42.719249, 15.570014], [42.759939, 15.516059], [42.774262, 15.491034], [42.778331, 15.47899], [42.780528, 15.467475], [42.781261, 15.455715], [42.779959, 15.443183], [42.77768, 15.432807], [42.777192, 15.421942], [42.781261, 15.407904], [42.797374, 15.379706], [42.806895, 15.344306], [42.809093, 15.267768], [42.803071, 15.245185], [42.788097, 15.229722], [42.791677, 15.226304], [42.794607, 15.222602], [42.795909, 15.217353], [42.794932, 15.209296], [42.781993, 15.215074], [42.778575, 15.221625], [42.781261, 15.240302], [42.779145, 15.253323], [42.774262, 15.260443], [42.733735, 15.293891], [42.718516, 15.303127], [42.699392, 15.311672], [42.707856, 15.321519], [42.715099, 15.336982], [42.717621, 15.353461], [42.712413, 15.366278], [42.704275, 15.355455], [42.678233, 15.308295], [42.680675, 15.296047], [42.690929, 15.281236], [42.691905, 15.270697], [42.688731, 15.257025], [42.682628, 15.246487], [42.671723, 15.239651], [42.654633, 15.237209], [42.621349, 15.244696], [42.610118, 15.243598], [42.61671, 15.229722], [42.618012, 15.207506], [42.637706, 15.190863], [42.660411, 15.182563], [42.671397, 15.18537], [42.676931, 15.205797], [42.691417, 15.21426], [42.711274, 15.21426], [42.733409, 15.209296], [42.754731, 15.201809], [42.776703, 15.191392], [42.796886, 15.178697], [42.828949, 15.15176], [42.864024, 15.13642], [42.877452, 15.119859], [42.882335, 15.102484], [42.877452, 15.048529], [42.880138, 15.024848], [42.887218, 15.008205], [42.898123, 14.995266], [42.923595, 14.971422], [42.93214, 14.960842], [42.937266, 14.948472], [42.941661, 14.915351], [42.952322, 14.879543], [42.953136, 14.859198], [42.946788, 14.825873], [42.945649, 14.811428], [42.926606, 14.823228], [42.910411, 14.841376], [42.898285, 14.861762], [42.891124, 14.880316], [42.890961, 14.891425], [42.894054, 14.899319], [42.895763, 14.905992], [42.891124, 14.913804], [42.883311, 14.915513], [42.881602, 14.904608], [42.883637, 14.883694], [42.894542, 14.84748], [42.942231, 14.788886], [42.953136, 14.75373], [42.954112, 14.742662], [42.961681, 14.708564], [42.966563, 14.70185], [42.971446, 14.697008], [42.973806, 14.691881], [42.976817, 14.688381], [42.983653, 14.685126], [42.990489, 14.68008], [42.994802, 14.667914], [42.997325, 14.666205], [42.999848, 14.663316], [43.000987, 14.657172], [42.99879, 14.651272], [42.989513, 14.641059], [42.987315, 14.633857], [42.998057, 14.601508], [43.017589, 14.571234], [43.028656, 14.537991], [43.014008, 14.496772], [43.02003, 14.484605], [43.021983, 14.471096], [43.021495, 14.442084], [43.006114, 14.454779], [42.994151, 14.500474], [42.983653, 14.520331], [42.973481, 14.528469], [42.965994, 14.53026], [42.961192, 14.525377], [42.959321, 14.513495], [42.96339, 14.507758], [42.9817, 14.494778], [42.987315, 14.489244], [42.989919, 14.480211], [42.9935, 14.44831], [43.006114, 14.41942], [43.010997, 14.388414], [43.019054, 14.368354], [43.047563, 14.275508], [43.065917, 14.224865], [43.075792, 14.194759], [43.084253, 14.159187], [43.09552, 14.083956], [43.118067, 14.052492], [43.139193, 14.007348], [43.161717, 13.95399], [43.227306, 13.885443], [43.233165, 13.87637], [43.2435, 13.794338], [43.247895, 13.783677], [43.280935, 13.722113], [43.28533, 13.686591], [43.281993, 13.617133], [43.295177, 13.585598], [43.284516, 13.58039], [43.280284, 13.574123], [43.278494, 13.566596], [43.274669, 13.557603], [43.254242, 13.526557], [43.248302, 13.348944], [43.239594, 13.315131], [43.226329, 13.283881], [43.248871, 13.212714], [43.308849, 13.139309], [43.312999, 13.131252], [43.32252, 13.10578], [43.334727, 13.08218], [43.336192, 13.074408], [43.341807, 13.062649], [43.377126, 13.023179], [43.386404, 13.00727], [43.392914, 12.989691], [43.396821, 12.970852], [43.398204, 12.951158], [43.401378, 12.943427], [43.408458, 12.936957], [43.415538, 12.9289], [43.418712, 12.916449], [43.422618, 12.906195], [43.452891, 12.878607], [43.473155, 12.846625], [43.481944, 12.812079], [43.481212, 12.773424], [43.46225, 12.693345], [43.468028, 12.683905], [43.490733, 12.680609], [43.511729, 12.683173], [43.525564, 12.690375], [43.530772, 12.695502], [43.587738, 12.75137], [43.600597, 12.756293], [43.60963, 12.75434], [43.619395, 12.749579], [43.634613, 12.738674], [43.644054, 12.734565], [43.679454, 12.735256], [43.699474, 12.727851], [43.737804, 12.705756], [43.751475, 12.701117], [43.773774, 12.699408], [43.794688, 12.694892], [43.813487, 12.688381], [43.8296, 12.680609], [43.857758, 12.662543], [43.874197, 12.655463], [43.894786, 12.652655], [43.909434, 12.645331], [43.927094, 12.610175], [43.9463, 12.598049], [43.961436, 12.599595], [43.99171, 12.612128], [44.0171, 12.603705], [44.033702, 12.604315], [44.062348, 12.611721], [44.121349, 12.643378], [44.153494, 12.655951], [44.179698, 12.652655], [44.191173, 12.660468], [44.198009, 12.652248], [44.198416, 12.639065], [44.189952, 12.632148], [44.176117, 12.633246], [44.151622, 12.637885], [44.138031, 12.638983], [44.149425, 12.624986], [44.169119, 12.61815], [44.191173, 12.619127], [44.228526, 12.638658], [44.247325, 12.638983], [44.267345, 12.636786], [44.289561, 12.638983], [44.35434, 12.669338], [44.383474, 12.676337], [44.406993, 12.685248], [44.411794, 12.684027], [44.415538, 12.670152], [44.423513, 12.675971], [44.430837, 12.688178], [44.432953, 12.69359], [44.489919, 12.753485], [44.542817, 12.797309], [44.572765, 12.811591], [44.610606, 12.819566], [44.652354, 12.817939], [44.693614, 12.803453], [44.706879, 12.793647], [44.719249, 12.780097], [44.725597, 12.766506], [44.720958, 12.756293], [44.722911, 12.752346], [44.726736, 12.746527], [44.727794, 12.742011], [44.764903, 12.76557], [44.785167, 12.772284], [44.809744, 12.769965], [44.822602, 12.765082], [44.824962, 12.761623], [44.82488, 12.757025], [44.830821, 12.748847], [44.83961, 12.743476], [44.868337, 12.732123], [44.881358, 12.729885], [44.898285, 12.736762], [44.912771, 12.748196], [44.918956, 12.759426], [44.920909, 12.771389], [44.91627, 12.774888], [44.885427, 12.777981], [44.879405, 12.776435], [44.871837, 12.769965], [44.867442, 12.794827], [44.871593, 12.803534], [44.884776, 12.81094], [44.898285, 12.79621], [44.916759, 12.799465], [44.933116, 12.812649], [44.940115, 12.82803], [44.944591, 12.83397], [44.955089, 12.837063], [44.97755, 12.838202], [44.983653, 12.837144], [44.993012, 12.832465], [44.998057, 12.831448], [45.001231, 12.833482], [45.008311, 12.84512], [45.009288, 12.847561], [45.008474, 12.85224], [45.009288, 12.856676], [45.015147, 12.85871], [45.021495, 12.857164], [45.021495, 12.853461], [45.02003, 12.848944], [45.021983, 12.84512], [45.023285, 12.841051], [45.038585, 12.821234], [45.042491, 12.820868], [45.035167, 12.803656], [45.017751, 12.801744], [44.997406, 12.803453], [44.980968, 12.797309], [44.97934, 12.782294], [44.99464, 12.769192], [45.017751, 12.759833], [45.039317, 12.756293], [45.058604, 12.76203], [45.062022, 12.776557], [45.056651, 12.817125], [45.058767, 12.827135], [45.082286, 12.886623], [45.083995, 12.889472], [45.086599, 12.907294], [45.093191, 12.924709], [45.093761, 12.926256], [45.099457, 12.936184], [45.104503, 12.944892], [45.118175, 12.961737], [45.154063, 12.992133], [45.193533, 13.012681], [45.365245, 13.053697], [45.403005, 13.070136], [45.434093, 13.098334], [45.481456, 13.157538], [45.494151, 13.194648], [45.508474, 13.208686], [45.535899, 13.228664], [45.632091, 13.324897], [45.665782, 13.341986], [45.803477, 13.372016], [45.81544, 13.379543], [45.833751, 13.381334], [45.875743, 13.379462], [45.890473, 13.38231], [45.923188, 13.395453], [45.940603, 13.399359], [46.111339, 13.406806], [46.19752, 13.420478], [46.224132, 13.428697], [46.228689, 13.431057], [46.234548, 13.436347], [46.247813, 13.432115], [46.269542, 13.420478], [46.312999, 13.41356], [46.52003, 13.413031], [46.540212, 13.416897], [46.583507, 13.435126], [46.604747, 13.440904], [46.628266, 13.440823], [46.66391, 13.43008], [46.683849, 13.427232], [46.700694, 13.430325], [46.824229, 13.476304], [46.911876, 13.533271], [47.16684, 13.585598], [47.398204, 13.654853], [47.436046, 13.678046], [47.56422, 13.78913], [47.645681, 13.873196], [47.667247, 13.887193], [47.820974, 13.938463], [47.866547, 13.961656], [47.917328, 14.021389], [47.931163, 14.030585], [47.948578, 14.033393], [48.001638, 14.04914], [48.016856, 14.057278], [48.105968, 14.036038], [48.133556, 14.023139], [48.140391, 14.030585], [48.155284, 14.020209], [48.177582, 14.009182], [48.193614, 13.993394], [48.188731, 13.969143], [48.30421, 14.001899], [48.345714, 14.002631], [48.341156, 14.012397], [48.338227, 14.016303], [48.415375, 14.016832], [48.45045, 14.010647], [48.468761, 13.988959], [48.47755, 13.996731], [48.485525, 13.998481], [48.493826, 13.998969], [48.503429, 14.002631], [48.548106, 14.040513], [48.564789, 14.046047], [48.681488, 14.043606], [48.689301, 14.042426], [48.695811, 14.043606], [48.701834, 14.046698], [48.713715, 14.055406], [48.719493, 14.057278], [48.738292, 14.068183], [48.797618, 14.140448], [48.835297, 14.156236], [48.85255, 14.166978], [48.862966, 14.194648], [48.869884, 14.201361], [48.876964, 14.206732], [48.880138, 14.212104], [48.880382, 14.234605], [48.882335, 14.243232], [48.886974, 14.250312], [48.903494, 14.25849], [48.92156, 14.261868], [48.935802, 14.270453], [48.941661, 14.294379], [48.950531, 14.300605], [48.991547, 14.316881], [49.003673, 14.324774], [49.006033, 14.331204], [49.008556, 14.343004], [49.007986, 14.354438], [49.000255, 14.359565], [49.009939, 14.401109], [49.028087, 14.436347], [49.077973, 14.50609], [49.092784, 14.519599], [49.113536, 14.530219], [49.137055, 14.53266], [49.156749, 14.526109], [49.171886, 14.518256], [49.181895, 14.516588], [49.190196, 14.54857], [49.228852, 14.575263], [49.312755, 14.612779], [49.352061, 14.639797], [49.372406, 14.649807], [49.417817, 14.656928], [49.46046, 14.67357], [49.578136, 14.737291], [49.798595, 14.792182], [49.942149, 14.838772], [50.006033, 14.844387], [50.021007, 14.84927], [50.029796, 14.850287], [50.035818, 14.838935], [50.04184, 14.818264], [50.051768, 14.818752], [50.060395, 14.820217], [50.079356, 14.82567], [50.12143, 14.844224], [50.146251, 14.849799], [50.16505, 14.842475], [50.179535, 14.843329], [50.243826, 14.887152], [50.302257, 14.917467], [50.343028, 14.92475], [50.358246, 14.933336], [50.432384, 14.995429], [50.459483, 15.010443], [50.554047, 15.04857], [50.661469, 15.058498], [50.851329, 15.109931], [51.069835, 15.149644], [51.268809, 15.201809], [51.288422, 15.210273], [51.314464, 15.226711], [51.342459, 15.237698], [51.367849, 15.229722], [51.382009, 15.238023], [51.432465, 15.25967], [51.443614, 15.260199], [51.446544, 15.266425], [51.454275, 15.269517], [51.474294, 15.270697], [51.498302, 15.298041], [51.513438, 15.308051], [51.530528, 15.31684], [51.54949, 15.322984], [51.655284, 15.33275], [51.676443, 15.340277], [51.676524, 15.346991], [51.667735, 15.357652], [51.66212, 15.377143], [51.667247, 15.391425], [51.679942, 15.403469], [51.7588, 15.445624], [51.809418, 15.455756], [51.816661, 15.459418], [51.829275, 15.468695], [51.838715, 15.466295], [51.846528, 15.45954], [51.853852, 15.455715], [51.859874, 15.453315], [51.865408, 15.4501], [51.868663, 15.451565], [51.868175, 15.463121], [51.869395, 15.463772], [51.871837, 15.463772], [51.874197, 15.465033], [51.875011, 15.469387], [51.874197, 15.491523], [51.913097, 15.515326], [51.99171, 15.545071], [52.001638, 15.547268], [52.016938, 15.548651], [52.025727, 15.551215], [52.031505, 15.555813], [52.038748, 15.563137], [52.04713, 15.570014], [52.198985, 15.611477], [52.220714, 15.613959], [52.228363, 15.616116], [52.233572, 15.621772], [52.236583, 15.62934], [52.237478, 15.637519], [52.238536, 15.642524], [52.243826, 15.651557], [52.244884, 15.657701], [52.242849, 15.663479], [52.238292, 15.668647], [52.231212, 15.67475], [52.221446, 15.716986], [52.217052, 15.760728], [52.225271, 15.831936], [52.224376, 15.846747], [52.19158, 15.862982], [52.175466, 15.877916], [52.186534, 15.919094], [52.177419, 15.942369], [52.163422, 15.964789], [52.155528, 15.983873], [52.160004, 16.002102], [52.184093, 16.029446], [52.194347, 16.070299], [52.216807, 16.09516], [52.224376, 16.113593], [52.222667, 16.1164], [52.219574, 16.125963], [52.217052, 16.138088], [52.217052, 16.148383], [52.221446, 16.160875], [52.228689, 16.171942], [52.261404, 16.20897], [52.27947, 16.243883], [52.292735, 16.263821], [52.318614, 16.291164], [52.420421, 16.371243], [52.532563, 16.447252], [52.597667, 16.476711], [52.736827, 16.511949], [52.752126, 16.518297], [52.788829, 16.5397], [52.809093, 16.548326], [52.851085, 16.556138], [52.885265, 16.575426], [52.909923, 16.583075], [52.921153, 16.591132], [52.940278, 16.610175], [52.950531, 16.615627], [52.962169, 16.616278], [52.973888, 16.618313], [52.984874, 16.62816], [53.021821, 16.619452], [53.069184, 16.631822], [53.090017, 16.642239], [53.090343, 16.642401], [53.175304, 16.684516], [53.338634, 16.734809], [53.423025, 16.746812], [53.582693, 16.749945], [53.615408, 16.75788], [53.650564, 16.773179], [53.669281, 16.784084], [53.677501, 16.795111], [53.687022, 16.813625], [53.709321, 16.836005], [53.73463, 16.856147], [53.753184, 16.867743], [53.771332, 16.862616], [53.792003, 16.870307], [53.812673, 16.881781], [53.83074, 16.887641], [53.850352, 16.889146], [53.910167, 16.901272], [53.955903, 16.903876], [53.98113, 16.908759], [53.992198, 16.919257], [53.995372, 16.92536], [54.009451, 16.937445], [54.012706, 16.94599], [54.011404, 16.953681], [54.009288, 16.960924], [54.008962, 16.968655], [54.012706, 16.977607], [54.023448, 16.985338], [54.067556, 17.006741], [54.084972, 17.011135], [54.164073, 17.011135], [54.350352, 17.031684], [54.360118, 17.029608], [54.369477, 17.024807], [54.389985, 17.039455], [54.414561, 17.037828], [54.461681, 17.024807], [54.467621, 17.026679], [54.488536, 17.03559], [54.499278, 17.038479], [54.51238, 17.038398], [54.547699, 17.031643], [54.559744, 17.032701], [54.580333, 17.03734], [54.592052, 17.038479], [54.60434, 17.036322], [54.633149, 17.026923], [54.674083, 17.019761], [54.685313, 17.006903], [54.689789, 16.989325], [54.697927, 16.97016], [54.705333, 16.977607], [54.739431, 16.956488], [54.750743, 16.960517], [54.769054, 16.957913], [54.780528, 16.963935], [54.79184, 16.951402], [54.808442, 16.951483], [54.841807, 16.963935], [54.882823, 16.969062], [54.901378, 16.974921], [54.917003, 16.990668], [54.931326, 16.987128], [54.945079, 16.989976], [54.959646, 16.994859], [54.975352, 16.997463], [54.98699, 17.005357], [54.999197, 17.01968], [55.010916, 17.026272], [55.020681, 17.011135], [55.026866, 17.011135], [55.071788, 17.042182], [55.112559, 17.086859], [55.124766, 17.092475], [55.132986, 17.105048], [55.138438, 17.118883], [55.143565, 17.127834], [55.158865, 17.13581], [55.18922, 17.144761], [55.198741, 17.155748], [55.195486, 17.160834], [55.205089, 17.176215], [55.209321, 17.193549], [55.213145, 17.202094], [55.219249, 17.210395], [55.228526, 17.216132], [55.254731, 17.228705], [55.260265, 17.23428], [55.265147, 17.247056], [55.264822, 17.254788], [55.256847, 17.258205], [55.250662, 17.263617], [55.249522, 17.276109], [55.251231, 17.289984], [55.253429, 17.29914], [55.2942, 17.352118], [55.301117, 17.371161], [55.300792, 17.416815], [55.293224, 17.43769], [55.273774, 17.457424], [55.240082, 17.475165], [55.229503, 17.488593], [55.225434, 17.515448], [55.228201, 17.538764], [55.235037, 17.558824], [55.263194, 17.607733], [55.355724, 17.681586], [55.369477, 17.696357], [55.373383, 17.703315], [55.388682, 17.744289], [55.393077, 17.752143], [55.40797, 17.768704], [55.417328, 17.785224], [55.431651, 17.824652], [55.44516, 17.84101], [55.453949, 17.845404], [55.486827, 17.85399], [55.488292, 17.853461], [55.506602, 17.85399], [55.512869, 17.857489], [55.517345, 17.86225], [55.522472, 17.866441], [55.530528, 17.868313], [55.552908, 17.870266], [55.653494, 17.895331], [55.909434, 17.906643], [55.946056, 17.915473], [56.0, 17.936236149574167]], [[56.0, 25.86651424830061], [55.972341, 25.842841], [55.965994, 25.834215], [55.963715, 25.815375], [55.954438, 25.787095], [55.952322, 25.772121], [55.948497, 25.768948], [55.941254, 25.770697], [55.937185, 25.776679], [55.947439, 25.794094], [55.953787, 25.814602], [55.959727, 25.823676], [55.932465, 25.802558], [55.878103, 25.740058], [55.842459, 25.713813], [55.812836, 25.706529], [55.80836, 25.704169], [55.803477, 25.697414], [55.792247, 25.692043], [55.779552, 25.688422], [55.770518, 25.687161], [55.759532, 25.679674], [55.733897, 25.646796], [55.699474, 25.634711], [55.683442, 25.623521], [55.656912, 25.597724], [55.648123, 25.583157], [55.632579, 25.544176], [55.626313, 25.536322], [55.605154, 25.532945], [55.583344, 25.526842], [55.563731, 25.523749], [55.548188, 25.529486], [55.542247, 25.542548], [55.548595, 25.554877], [55.559581, 25.568305], [55.568126, 25.584662], [55.551036, 25.578599], [55.535655, 25.562405], [55.524669, 25.542629], [55.520274, 25.525702], [55.513357, 25.508857], [55.500499, 25.492987], [55.494151, 25.48078], [55.506602, 25.47484], [55.495616, 25.466132], [55.486095, 25.449937], [55.472504, 25.412787], [55.465668, 25.419623], [55.461192, 25.407375], [55.455333, 25.399888], [55.449555, 25.400621], [55.44516, 25.412787], [55.438975, 25.412787], [55.407237, 25.372748], [55.387055, 25.357082], [55.376964, 25.364976], [55.365489, 25.358588], [55.359386, 25.348578], [55.358653, 25.336575], [55.363292, 25.324042], [55.348155, 25.324774], [55.339366, 25.321438], [55.309255, 25.291734], [55.303722, 25.283026], [55.306407, 25.275051], [55.326508, 25.241197], [55.334239, 25.219224], [55.328868, 25.201483], [55.301117, 25.193671], [55.31422, 25.212063], [55.31837, 25.225287], [55.313324, 25.238918], [55.29835, 25.25849], [55.2824, 25.260688], [55.263357, 25.24494], [55.264171, 25.231187], [55.259044, 25.215277], [55.156912, 25.096747], [55.082286, 25.016832], [55.077647, 25.02025], [55.044607, 25.013902], [55.049978, 24.993394], [55.022227, 24.978827], [55.017996, 24.976508], [55.015798, 24.975328], [55.014008, 24.974351], [55.010753, 24.972602], [55.00587, 24.969916], [55.003347, 24.969143], [54.99936, 24.967963], [54.994965, 24.966661], [54.992849, 24.96601], [54.96811, 24.958645], [54.94809, 24.946438], [54.917735, 24.920885], [54.868826, 24.888658], [54.76002, 24.830552], [54.773611, 24.814765], [54.768565, 24.801459], [54.754161, 24.792426], [54.739431, 24.789618], [54.737804, 24.79092], [54.707042, 24.8039], [54.701345, 24.798285], [54.696544, 24.788886], [54.691661, 24.782172], [54.652517, 24.758002], [54.643321, 24.748684], [54.640473, 24.732611], [54.648285, 24.725328], [54.655528, 24.721096], [54.650157, 24.713853], [54.654796, 24.700995], [54.657725, 24.688381], [54.661876, 24.678127], [54.670584, 24.672309], [54.670584, 24.666083], [54.65211, 24.658393], [54.646332, 24.644232], [54.643403, 24.630561], [54.632986, 24.624498], [54.615896, 24.621161], [54.612153, 24.613227], [54.619802, 24.604315], [54.636404, 24.597805], [54.598888, 24.528957], [54.593761, 24.525824], [54.585134, 24.511949], [54.581798, 24.50845], [54.573253, 24.508979], [54.551768, 24.515326], [54.540294, 24.515855], [54.555186, 24.504584], [54.56129, 24.501614], [54.537446, 24.49844], [54.512869, 24.515286], [54.4935, 24.542304], [54.485606, 24.569892], [54.47877, 24.569892], [54.465831, 24.554348], [54.462413, 24.545356], [54.465099, 24.535102], [54.457042, 24.541897], [54.453624, 24.550198], [54.451915, 24.556545], [54.441661, 24.545722], [54.429373, 24.538275], [54.417328, 24.535102], [54.417328, 24.528957], [54.440684, 24.523912], [54.499278, 24.487942], [54.526052, 24.482856], [54.552501, 24.481635], [54.5713, 24.473334], [54.574392, 24.446967], [54.568126, 24.446967], [54.558604, 24.457709], [54.544281, 24.463568], [54.528331, 24.467963], [54.513438, 24.474311], [54.516856, 24.462388], [54.533946, 24.445258], [54.540294, 24.432685], [54.525727, 24.435207], [54.50115, 24.445624], [54.485606, 24.446967], [54.485606, 24.439521], [54.490001, 24.438381], [54.499278, 24.432685], [54.483165, 24.425116], [54.479991, 24.413398], [54.485606, 24.388332], [54.445974, 24.316148], [54.427257, 24.292141], [54.390147, 24.265855], [54.382579, 24.254584], [54.34197, 24.269761], [54.323009, 24.270657], [54.314952, 24.258246], [54.305919, 24.256781], [54.252778, 24.221096], [54.187022, 24.203599], [54.177094, 24.196194], [54.170095, 24.181098], [54.153656, 24.165269], [54.135427, 24.152045], [54.122569, 24.144721], [54.112071, 24.141791], [54.081554, 24.137885], [54.055186, 24.12641], [54.03419, 24.122748], [54.014334, 24.113267], [53.951182, 24.103746], [53.889822, 24.07331], [53.878917, 24.064846], [53.85377, 24.061998], [53.732107, 24.06273], [53.722423, 24.06509], [53.712413, 24.068834], [53.70281, 24.070502], [53.694591, 24.066474], [53.687836, 24.062079], [53.656993, 24.048529], [53.648936, 24.05036], [53.639415, 24.054755], [53.629161, 24.057034], [53.612071, 24.048977], [53.601085, 24.047187], [53.58961, 24.047065], [53.581309, 24.048529], [53.574392, 24.054389], [53.561534, 24.072577], [53.557384, 24.076402], [53.548188, 24.078762], [53.537446, 24.084296], [53.519298, 24.096869], [53.507823, 24.091539], [53.493012, 24.090644], [53.47877, 24.093695], [53.468272, 24.100328], [53.4546, 24.114407], [53.445811, 24.119818], [53.437022, 24.119818], [53.309093, 24.095771], [53.253754, 24.098782], [53.245616, 24.104153], [53.231781, 24.124823], [53.215587, 24.141547], [53.19158, 24.15941], [53.165294, 24.170315], [53.142426, 24.165839], [53.145356, 24.153062], [53.145763, 24.14175], [53.149669, 24.132229], [53.163422, 24.124823], [53.146495, 24.121324], [53.127696, 24.130683], [53.107188, 24.137885], [53.067231, 24.121894], [53.048839, 24.12995], [53.019542, 24.152167], [53.017589, 24.154364], [53.014822, 24.158433], [53.010997, 24.162787], [53.00587, 24.165839], [52.999766, 24.165676], [52.998302, 24.161363], [52.996918, 24.155911], [52.992198, 24.152167], [52.956716, 24.139635], [52.947113, 24.137885], [52.86199, 24.144721], [52.854747, 24.146674], [52.84783, 24.149604], [52.839203, 24.152004], [52.827647, 24.152167], [52.816905, 24.149319], [52.795421, 24.139879], [52.782725, 24.137885], [52.760997, 24.140611], [52.720063, 24.151516], [52.697439, 24.152167], [52.68865, 24.148586], [52.685395, 24.143459], [52.681326, 24.140815], [52.670095, 24.144721], [52.634125, 24.189887], [52.618419, 24.203681], [52.600271, 24.20954], [52.58074, 24.199368], [52.577973, 24.187445], [52.577647, 24.169013], [52.574555, 24.152086], [52.56365, 24.144721], [52.550059, 24.141059], [52.532481, 24.131822], [52.514985, 24.119818], [52.501801, 24.107489], [52.48699, 24.096625], [52.456554, 24.084662], [52.450938, 24.07331], [52.444184, 24.06269], [52.428071, 24.052639], [52.408865, 24.045233], [52.392345, 24.042304], [52.378103, 24.037991], [52.364757, 24.027899], [52.35255, 24.016343], [52.341075, 24.007514], [52.32781, 24.003852], [52.295909, 24.00373], [52.279063, 24.00137], [52.240977, 23.979641], [52.224376, 23.974026], [52.206309, 23.973131], [52.188243, 23.97427], [52.171072, 23.973375], [52.155528, 23.966539], [52.145518, 23.971991], [52.13559, 23.966539], [52.117931, 23.970893], [52.075694, 23.963813], [52.067393, 23.963446], [52.036388, 23.977118], [52.023936, 23.98786], [52.016938, 23.989691], [52.01002, 23.98786], [51.952891, 23.990912], [51.931407, 23.987982], [51.93336, 23.977118], [51.939138, 23.969184], [51.936371, 23.964748], [51.928722, 23.964748], [51.919688, 23.970364], [51.902517, 23.985663], [51.893565, 23.990383], [51.881847, 23.993883], [51.833263, 23.99494], [51.809418, 24.000678], [51.799164, 24.018378], [51.79713, 24.028225], [51.787771, 24.04857], [51.785655, 24.059312], [51.786794, 24.093004], [51.785655, 24.103746], [51.773448, 24.153225], [51.771983, 24.176337], [51.782237, 24.240383], [51.77947, 24.26203], [51.7588, 24.290513], [51.740082, 24.277533], [51.720876, 24.234687], [51.724864, 24.232571], [51.723643, 24.227769], [51.718272, 24.22309], [51.709809, 24.221096], [51.700694, 24.22191], [51.695974, 24.224351], [51.689301, 24.234687], [51.679373, 24.265774], [51.672618, 24.278062], [51.662934, 24.232815], [51.648692, 24.218573], [51.634451, 24.226874], [51.62794, 24.26203], [51.62794, 24.319729], [51.62379, 24.339342], [51.602387, 24.367906], [51.593761, 24.384914], [51.573985, 24.364447], [51.591645, 24.328599], [51.590668, 24.28441], [51.569347, 24.256171], [51.526134, 24.268256], [51.496918, 24.298285], [51.479015, 24.310858], [51.412852, 24.323472], [51.397797, 24.321519], [51.38852, 24.316555], [51.380138, 24.309963], [51.367849, 24.302965], [51.344981, 24.297797], [51.282237, 24.302965], [51.278819, 24.307766], [51.277843, 24.318996], [51.278575, 24.340522], [51.280447, 24.343573], [51.285167, 24.344468], [51.295909, 24.34394], [51.299653, 24.34634], [51.299978, 24.351996], [51.299083, 24.35871], [51.299571, 24.364447], [51.302257, 24.37401], [51.304373, 24.396186], [51.306407, 24.405992], [51.311371, 24.414862], [51.324229, 24.431301], [51.326915, 24.436103], [51.336192, 24.447943], [51.395274, 24.487942], [51.39975, 24.494574], [51.404796, 24.507758], [51.409516, 24.515855], [51.432302, 24.538764], [51.436209, 24.538804], [51.443696, 24.554755], [51.461436, 24.563463], [51.482107, 24.569241], [51.498302, 24.576117], [51.498302, 24.583564], [51.483084, 24.59219], [51.46754, 24.592353], [51.455333, 24.594184], [51.45045, 24.607408], [51.443858, 24.619696], [51.428396, 24.62287], [51.410004, 24.624335], [51.395274, 24.631334], [51.395844, 24.608344], [51.38795, 24.597073], [51.375173, 24.589097], [51.361095, 24.576117], [51.333669, 24.53205], [51.320079, 24.522691], [51.302419, 24.517157], [51.29656, 24.521918], [51.299571, 24.55622], [51.296886, 24.558092], [51.292247, 24.567816], [51.290294, 24.578518], [51.295909, 24.583564], [51.302419, 24.586615], [51.306326, 24.594062], [51.307465, 24.603095], [51.306407, 24.610826], [51.295177, 24.602607], [51.286388, 24.608385], [51.278168, 24.618883], [51.268809, 24.624498], [51.217621, 24.617662], [51.215261, 24.625841], [51.214854, 24.627183], [51.212576, 24.633694], [51.220958, 24.644232], [51.23699, 24.650051], [51.254568, 24.651801], [51.267914, 24.656195], [51.278087, 24.662991], [51.284434, 24.662502], [51.285981, 24.645006], [51.321137, 24.648179], [51.339122, 24.646186], [51.346853, 24.635077], [51.341645, 24.614691], [51.332693, 24.598863], [51.328949, 24.584784], [51.340587, 24.569892], [51.349783, 24.583808], [51.363536, 24.59634], [51.37615, 24.611884], [51.381521, 24.635077], [51.389985, 24.642483], [51.430431, 24.664496], [51.443614, 24.679755], [51.450369, 24.721666], [51.455821, 24.740668], [51.46754, 24.748684], [51.47283, 24.759426], [51.474213, 24.764472], [51.500255, 24.855373], [51.505138, 24.864081], [51.511729, 24.867865], [51.520844, 24.870592], [51.528819, 24.874416], [51.539399, 24.898871], [51.574067, 24.934394], [51.586925, 24.953437], [51.602306, 25.013821], [51.611013, 25.022366], [51.605724, 25.034247], [51.616547, 25.137193], [51.614594, 25.219794], [51.611095, 25.237535], [51.607595, 25.255113], [51.599132, 25.274888], [51.590017, 25.283759], [51.531261, 25.292182], [51.518809, 25.297065], [51.513194, 25.308254], [51.511974, 25.330227], [51.515717, 25.382839], [51.518809, 25.426215], [51.516938, 25.440172], [51.510997, 25.454291], [51.474294, 25.512112], [51.471934, 25.521389], [51.47755, 25.531073], [51.48585, 25.540513], [51.491384, 25.549302], [51.491547, 25.550645], [51.493663, 25.565823], [51.491384, 25.618232], [51.498302, 25.615912], [51.505138, 25.612006], [51.518809, 25.61872], [51.535899, 25.622382], [51.54949, 25.631171], [51.552908, 25.652981], [51.54713, 25.663153], [51.534923, 25.673245], [51.519705, 25.681708], [51.505138, 25.687161], [51.539317, 25.703925], [51.552908, 25.707587], [51.556814, 25.681627], [51.576834, 25.688666], [51.590099, 25.7119], [51.573985, 25.734931], [51.570323, 25.727484], [51.56365, 25.721625], [51.555024, 25.720649], [51.546072, 25.728095], [51.544607, 25.737372], [51.54835, 25.748847], [51.555431, 25.758694], [51.563324, 25.762885], [51.572032, 25.759508], [51.577647, 25.745063], [51.583507, 25.741767], [51.591563, 25.746649], [51.594493, 25.758246], [51.594737, 25.771877], [51.577485, 25.880845], [51.570323, 25.898383], [51.559418, 25.913764], [51.546072, 25.926093], [51.52947, 25.937323], [51.511974, 25.946112], [51.491954, 25.95189], [51.46754, 25.954047], [51.424327, 25.950873], [51.416515, 25.952094], [51.403982, 25.954088], [51.388438, 25.967027], [51.383474, 25.985582], [51.382498, 26.006171], [51.376638, 26.022895], [51.357677, 26.029731], [51.347179, 26.039008], [51.346365, 26.060696], [51.348481, 26.085639], [51.346853, 26.104885], [51.33074, 26.121161], [51.251231, 26.160102], [51.214854, 26.13935], [51.194347, 26.133531], [51.176117, 26.139594], [51.170584, 26.124579], [51.147227, 26.103095], [51.141856, 26.087795], [51.133149, 26.082099], [51.091075, 26.066962], [51.075938, 26.06391], [51.047374, 26.053046], [51.027354, 26.026923], [51.004731, 25.967027], [50.998546, 25.967027], [50.995616, 25.972846], [50.992524, 25.975735], [50.984223, 25.98135], [50.981456, 25.935858], [50.977306, 25.916449], [50.951182, 25.85928], [50.949392, 25.837958], [50.963878, 25.823676], [50.970714, 25.830512], [50.975922, 25.813788], [50.972992, 25.797512], [50.963715, 25.783881], [50.949555, 25.775295], [50.949229, 25.787014], [50.945567, 25.798489], [50.939708, 25.807196], [50.932872, 25.810614], [50.923595, 25.805162], [50.920258, 25.794379], [50.915538, 25.786444], [50.901703, 25.789537], [50.901703, 25.759467], [50.902843, 25.755276], [50.90797, 25.749254], [50.90919, 25.745103], [50.906993, 25.739936], [50.897309, 25.732571], [50.894867, 25.728095], [50.887543, 25.680894], [50.888682, 25.666653], [50.903168, 25.640123], [50.924327, 25.63231], [50.94988, 25.636461], [50.97755, 25.646145], [50.9699, 25.633857], [50.955903, 25.604682], [50.949555, 25.597724], [50.93572, 25.598334], [50.927501, 25.60517], [50.920584, 25.608344], [50.90919, 25.597724], [50.904796, 25.587063], [50.904145, 25.563137], [50.900076, 25.53974], [50.900727, 25.534857], [50.898692, 25.532213], [50.888682, 25.529486], [50.881521, 25.535142], [50.87672, 25.540595], [50.868663, 25.559556], [50.867686, 25.567043], [50.867686, 25.587836], [50.874278, 25.614936], [50.87615, 25.631781], [50.870942, 25.639309], [50.863536, 25.641425], [50.857188, 25.650824], [50.850597, 25.652981], [50.846528, 25.649848], [50.84018, 25.634508], [50.836925, 25.628811], [50.823497, 25.622138], [50.809581, 25.620592], [50.796397, 25.617255], [50.785004, 25.60456], [50.79656, 25.599595], [50.818533, 25.595771], [50.826671, 25.590888], [50.832856, 25.578518], [50.832205, 25.566148], [50.828624, 25.554348], [50.826671, 25.543118], [50.827891, 25.525051], [50.831309, 25.507799], [50.847179, 25.467353], [50.820486, 25.471829], [50.820508, 25.491293], [50.811648, 25.498887], [50.808484, 25.517239], [50.797093, 25.529896], [50.778005, 25.527045], [50.750987, 25.494696], [50.763845, 25.482408], [50.762462, 25.462714], [50.750987, 25.419623], [50.765147, 25.344468], [50.765798, 25.323554], [50.757823, 25.269355], [50.759044, 25.247504], [50.763438, 25.225287], [50.764985, 25.204291], [50.757823, 25.186225], [50.766938, 25.162584], [50.768403, 25.1258], [50.775727, 25.091864], [50.802419, 25.076972], [50.808604, 25.069159], [50.809744, 25.051215], [50.807384, 25.031643], [50.796641, 25.003607], [50.799978, 24.988756], [50.842784, 24.916083], [50.851085, 24.890815], [50.85963, 24.7956], [50.852794, 24.770006], [50.826671, 24.748684], [50.807872, 24.746649], [50.786143, 24.72724], [50.771332, 24.726955], [50.76059, 24.736396], [50.750011, 24.753119], [50.741466, 24.770575], [50.737315, 24.782172], [50.735037, 24.843411], [50.72641, 24.881659], [50.706554, 24.898871], [50.681407, 24.913886], [50.661632, 24.979967], [50.644786, 24.995063], [50.633474, 25.01142], [50.606293, 25.042711], [50.580414, 25.062161], [50.572765, 25.042873], [50.562185, 25.054836], [50.553477, 25.077948], [50.545421, 25.118598], [50.551606, 25.159491], [50.549083, 25.174791], [50.534679, 25.199042], [50.529063, 25.216295], [50.524425, 25.22309], [50.519786, 25.232123], [50.517589, 25.244859], [50.518728, 25.258002], [50.523936, 25.280219], [50.525076, 25.29267], [50.520356, 25.314765], [50.509125, 25.343573], [50.495616, 25.370063], [50.483409, 25.385443], [50.490896, 25.392279], [50.471528, 25.437201], [50.462901, 25.446926], [50.428722, 25.456204], [50.410167, 25.464097], [50.40211, 25.477973], [50.399913, 25.480373], [50.39503, 25.483303], [50.389985, 25.488674], [50.385916, 25.510647], [50.381358, 25.512885], [50.370779, 25.508368], [50.36199, 25.502997], [50.364757, 25.490058], [50.371349, 25.474514], [50.374278, 25.461168], [50.347992, 25.482123], [50.23406, 25.61518], [50.196056, 25.687161], [50.18922, 25.687161], [50.187673, 25.682929], [50.182384, 25.672838], [50.174327, 25.68301], [50.148692, 25.699856], [50.141368, 25.713813], [50.144705, 25.733344], [50.15919, 25.731757], [50.174978, 25.720445], [50.187511, 25.703559], [50.199962, 25.695868], [50.21461, 25.689643], [50.226736, 25.687161], [50.233735, 25.679511], [50.251231, 25.631903], [50.257498, 25.631903], [50.247244, 25.679429], [50.222016, 25.717353], [50.161876, 25.782701], [50.141938, 25.816107], [50.118337, 25.867865], [50.107758, 25.91474], [50.127696, 25.933539], [50.127696, 25.940375], [50.11671, 25.958238], [50.111501, 25.97602], [50.101329, 25.989488], [50.075938, 25.995022], [50.069835, 25.995103], [50.066905, 25.996283], [50.065766, 25.999457], [50.065684, 26.00552], [50.064626, 26.013373], [50.061697, 26.014146], [50.057384, 26.01317], [50.052013, 26.015448], [50.040538, 26.028266], [50.033702, 26.033352], [50.024099, 26.035956], [50.028168, 26.019477], [50.021007, 26.004462], [50.006847, 25.996527], [49.990001, 26.001776], [49.996918, 26.017279], [49.996104, 26.031724], [49.992361, 26.045885], [49.990001, 26.060452], [49.993175, 26.068061], [50.000173, 26.07217], [50.007091, 26.074408], [50.010427, 26.07689], [50.0088, 26.086493], [49.999522, 26.100898], [49.997325, 26.108222], [49.991547, 26.113105], [49.980968, 26.126125], [49.975841, 26.139594], [49.986827, 26.145819], [49.994884, 26.152167], [50.021007, 26.197659], [50.0324, 26.201077], [50.045665, 26.194525], [50.057872, 26.18358], [50.065684, 26.173733], [50.069591, 26.165961], [50.071625, 26.159247], [50.073578, 26.131537], [50.076671, 26.129096], [50.081309, 26.129096], [50.086762, 26.125312], [50.0949, 26.117621], [50.10434, 26.111233], [50.113292, 26.103258], [50.120291, 26.091213], [50.121837, 26.076483], [50.12143, 26.060736], [50.125824, 26.046454], [50.141368, 26.035956], [50.150401, 26.063218], [50.158376, 26.102484], [50.160981, 26.141099], [50.154552, 26.166246], [50.163422, 26.177232], [50.174083, 26.180732], [50.181895, 26.175482], [50.182384, 26.160102], [50.201996, 26.171373], [50.21225, 26.191311], [50.215994, 26.215074], [50.216563, 26.32392], [50.209239, 26.369534], [50.19158, 26.403551], [50.162283, 26.427069], [50.076508, 26.453762], [50.058279, 26.463935], [50.04184, 26.478461], [50.03061, 26.494615], [50.003673, 26.570705], [50.002208, 26.587388], [50.006358, 26.648586], [50.003673, 26.653632], [49.993663, 26.663153], [49.986501, 26.672756], [49.983246, 26.683743], [49.982921, 26.695705], [49.983735, 26.708197], [49.988455, 26.724433], [49.997569, 26.74136], [50.006358, 26.747626], [50.014008, 26.710761], [50.023692, 26.69953], [50.037852, 26.695217], [50.09254, 26.689114], [50.11671, 26.67536], [50.161876, 26.639228], [50.158458, 26.664862], [50.141938, 26.681342], [50.069102, 26.728583], [50.052013, 26.755927], [50.001964, 26.816962], [49.972992, 26.842353], [49.942149, 26.858344], [49.917247, 26.861477], [49.894054, 26.860297], [49.871837, 26.862494], [49.833018, 26.888007], [49.770844, 26.91356], [49.760509, 26.92064], [49.74586, 26.934272], [49.736664, 26.940904], [49.708263, 26.952135], [49.699474, 26.958238], [49.670177, 26.990912], [49.612478, 27.071967], [49.594249, 27.090725], [49.575531, 27.098578], [49.570079, 27.104071], [49.564626, 27.116685], [49.558604, 27.139553], [49.559418, 27.153998], [49.568614, 27.17829], [49.572113, 27.194159], [49.552745, 27.176744], [49.544932, 27.173651], [49.534923, 27.176174], [49.526134, 27.182807], [49.516449, 27.188381], [49.50408, 27.187934], [49.489106, 27.17475], [49.497325, 27.159084], [49.524425, 27.132717], [49.508311, 27.133979], [49.481293, 27.144436], [49.465668, 27.146959], [49.440196, 27.139797], [49.431895, 27.142768], [49.441905, 27.160631], [49.438487, 27.162055], [49.436778, 27.16177], [49.435883, 27.16234], [49.435069, 27.166815], [49.423595, 27.14647], [49.417166, 27.138129], [49.407074, 27.132717], [49.399099, 27.144721], [49.374848, 27.149075], [49.366873, 27.160631], [49.377696, 27.159166], [49.388845, 27.159329], [49.397472, 27.162584], [49.40089, 27.170233], [49.403982, 27.183295], [49.409434, 27.193915], [49.412364, 27.204006], [49.407074, 27.215277], [49.40089, 27.207831], [49.386404, 27.219631], [49.37086, 27.218736], [49.361827, 27.209133], [49.366873, 27.194159], [49.355968, 27.185004], [49.345225, 27.182807], [49.33839, 27.189602], [49.339529, 27.207831], [49.322602, 27.205715], [49.317068, 27.2237], [49.319021, 27.266425], [49.315115, 27.286811], [49.307872, 27.306301], [49.304861, 27.325507], [49.312755, 27.344957], [49.292166, 27.355455], [49.278819, 27.358791], [49.267426, 27.355211], [49.257335, 27.34691], [49.245779, 27.339423], [49.23406, 27.333889], [49.223399, 27.331285], [49.226085, 27.34276], [49.226736, 27.36872], [49.229666, 27.379706], [49.237478, 27.388129], [49.247325, 27.393134], [49.256847, 27.400051], [49.263845, 27.413886], [49.254568, 27.417792], [49.246918, 27.423774], [49.240245, 27.427191], [49.237315, 27.423977], [49.235037, 27.418158], [49.229666, 27.413886], [49.229503, 27.411811], [49.212576, 27.396796], [49.207042, 27.395168], [49.201996, 27.398668], [49.195486, 27.40644], [49.183116, 27.411119], [49.176117, 27.415839], [49.170258, 27.421047], [49.161388, 27.426907], [49.150076, 27.431342], [49.128103, 27.436916], [49.119802, 27.441148], [49.157725, 27.458482], [49.175059, 27.458319], [49.181895, 27.441148], [49.18922, 27.441148], [49.208832, 27.458075], [49.263927, 27.452867], [49.284923, 27.475328], [49.291759, 27.475328], [49.289887, 27.462348], [49.292654, 27.452948], [49.300141, 27.448065], [49.312755, 27.448635], [49.309825, 27.456692], [49.307872, 27.474514], [49.305349, 27.482123], [49.299083, 27.489895], [49.292491, 27.494127], [49.28533, 27.497626], [49.278087, 27.503241], [49.255138, 27.532375], [49.239757, 27.545111], [49.219574, 27.550442], [49.208751, 27.551581], [49.188975, 27.556708], [49.178477, 27.557847], [49.170421, 27.555732], [49.15268, 27.546332], [49.144298, 27.544176], [49.106293, 27.546861], [49.088878, 27.551093], [49.072032, 27.557847], [49.077647, 27.546536], [49.071625, 27.539496], [49.05893, 27.538153], [49.044688, 27.544176], [49.063975, 27.556342], [49.05421, 27.568264], [49.017345, 27.585191], [48.9817, 27.614569], [48.968516, 27.620347], [48.949067, 27.61872], [48.926036, 27.613837], [48.915294, 27.608629], [48.907481, 27.599433], [48.909516, 27.592678], [48.917247, 27.585842], [48.921641, 27.578843], [48.914317, 27.571519], [48.896739, 27.572008], [48.891124, 27.588121], [48.895274, 27.607733], [48.907481, 27.61872], [48.900645, 27.632961], [48.893809, 27.632961], [48.884776, 27.615058], [48.870779, 27.605618], [48.852794, 27.604641], [48.831798, 27.612494], [48.838878, 27.623196], [48.848969, 27.623358], [48.873302, 27.612494], [48.869802, 27.618557], [48.85963, 27.640448], [48.870616, 27.641181], [48.877126, 27.644477], [48.878184, 27.65058], [48.873302, 27.659654], [48.878429, 27.664211], [48.880544, 27.670315], [48.880138, 27.687567], [48.875011, 27.677476], [48.867686, 27.667792], [48.858084, 27.662828], [48.84547, 27.667141], [48.847341, 27.683824], [48.846202, 27.697089], [48.839203, 27.708075], [48.833995, 27.697455], [48.824555, 27.688951], [48.815278, 27.687567], [48.81129, 27.698188], [48.81129, 27.742825], [48.803966, 27.736477], [48.796886, 27.719713], [48.791352, 27.714911], [48.78004, 27.714097], [48.778819, 27.71955], [48.782237, 27.726142], [48.784516, 27.728583], [48.785167, 27.744696], [48.804047, 27.815009], [48.812511, 27.828599], [48.820567, 27.830024], [48.825531, 27.811103], [48.823416, 27.799628], [48.805024, 27.756496], [48.821788, 27.766832], [48.838064, 27.804023], [48.852875, 27.817939], [48.857595, 27.803534], [48.854259, 27.795356], [48.848481, 27.787299], [48.84547, 27.773261], [48.847667, 27.748725], [48.846202, 27.740302], [48.839203, 27.728583], [48.852794, 27.737494], [48.865489, 27.754055], [48.874522, 27.769924], [48.87672, 27.777004], [48.873383, 27.782131], [48.872569, 27.793891], [48.87379, 27.806586], [48.88266, 27.826728], [48.87794, 27.836819], [48.837657, 27.872301], [48.815196, 27.902248], [48.814708, 27.906684], [48.796235, 27.913642], [48.773285, 27.929755], [48.753266, 27.947984], [48.743663, 27.96133], [48.742361, 27.975246], [48.746837, 27.981635], [48.764008, 27.989244], [48.771332, 27.987006], [48.778087, 27.98664], [48.784516, 27.989244], [48.788259, 27.993883], [48.791515, 28.0008], [48.792003, 28.007025], [48.787934, 28.009711], [48.77589, 28.011949], [48.75587, 28.021715], [48.747081, 28.023993], [48.712901, 28.022895], [48.701996, 28.023993], [48.667817, 28.037665], [48.65211, 28.046088], [48.653331, 28.049872], [48.654796, 28.061591], [48.648123, 28.071967], [48.616466, 28.110541], [48.606456, 28.126451], [48.600841, 28.147773], [48.601736, 28.167385], [48.609141, 28.186103], [48.623546, 28.205268], [48.618419, 28.217271], [48.534923, 28.298814], [48.522227, 28.318834], [48.5171, 28.342434], [48.517833, 28.354193], [48.523936, 28.380316], [48.534923, 28.398668], [48.535492, 28.40762], [48.523936, 28.414455], [48.517345, 28.398993], [48.504893, 28.389635], [48.488292, 28.385891], [48.468761, 28.387112], [48.469981, 28.391303], [48.471202, 28.394192], [48.476085, 28.400784], [48.499034, 28.393378], [48.507823, 28.415717], [48.50766, 28.449164], [48.498546, 28.492906], [48.49464, 28.500149], [48.468761, 28.510647], [48.456391, 28.518459], [48.432791, 28.540473], [48.432465, 28.540717], [48.420909, 28.551581], [48.405284, 28.569892], [48.397146, 28.583319], [48.393565, 28.595649], [48.389496, 28.643744], [48.386729, 28.653998], [48.374685, 28.641669], [48.361013, 28.635565], [48.351817, 28.64053], [48.352712, 28.661444], [48.359548, 28.661444], [48.36378, 28.658149], [48.367686, 28.656724], [48.372406, 28.659166], [48.379893, 28.66767], [48.370453, 28.671942], [48.365977, 28.675727], [48.365001, 28.680813], [48.366222, 28.688707], [48.371593, 28.684394], [48.386729, 28.675116], [48.380707, 28.692084], [48.379649, 28.710354], [48.3838, 28.728013], [48.393565, 28.743394], [48.352306, 28.751207], [48.328787, 28.759955], [48.31837, 28.77383], [48.312511, 28.785956], [48.285167, 28.819892], [48.276866, 28.839586], [48.278168, 28.859687], [48.2824, 28.879381], [48.27947, 28.894436], [48.240977, 28.905666], [48.225922, 28.91828], [48.176036, 28.983791], [48.158458, 29.017279], [48.133804, 29.153617], [48.128447, 29.1739], [48.114659, 29.193256], [48.106131, 29.213525], [48.095376, 29.257746], [48.092073, 29.287233], [48.093053, 29.305679], [48.100266, 29.349954], [48.063274, 29.343368], [48.035411, 29.351793], [48.025238, 29.354885], [48.010509, 29.366523], [48.008393, 29.369167], [47.993012, 29.387926], [47.98574, 29.393761], [47.969883, 29.387239], [47.959374, 29.372437], [47.939326, 29.359433], [47.920202, 29.364872], [47.905387, 29.359263], [47.899185, 29.335249], [47.876954, 29.328671], [47.857903, 29.323029], [47.840926, 29.322931], [47.816434, 29.337556], [47.822695, 29.351433], [47.822612, 29.363431], [47.851152, 29.380198], [47.837304, 29.387505], [47.813999, 29.379994], [47.791744, 29.372481], [47.764148, 29.367699], [47.726999, 29.361926], [47.704717, 29.363633], [47.714206, 29.378471], [47.718387, 29.394195], [47.763865, 29.412933], [47.784952, 29.437049], [47.807043, 29.467622], [47.849258, 29.501979], [47.91062, 29.531789], [47.935977, 29.554025], [47.965531, 29.576298]]]}}, {"type": "Feature", "properties": {"featurecla": "Coastline", "scalerank": 6, "min_zoom": 6}, "geometry": {"type": "LineString", "coordinates": [[33.955089, 26.790025], [33.982758, 26.734076], [33.989594, 26.720282], [34.003591, 26.708197], [34.00294, 26.731635], [33.995453, 26.751695], [33.975597, 26.790025], [33.970632, 26.790635], [33.970551, 26.790676], [33.955089, 26.790025]]}}, {"type": "Feature", "properties": {"featurecla": "Coastline", "scalerank": 6, "min_zoom": 5}, "geometry": {"type": "LineString", "coordinates": [[34.006602, 27.509467], [33.993907, 27.514309], [33.98878, 27.518256], [33.980724, 27.524604], [33.971934, 27.529649], [33.964122, 27.534125], [33.941417, 27.53677], [33.933116, 27.536363], [33.925792, 27.534329], [33.9192, 27.530219], [33.913585, 27.523749], [33.913585, 27.523708], [33.917491, 27.51317], [33.92449, 27.50141], [33.933767, 27.494696], [33.956309, 27.504381], [33.956391, 27.504381], [33.966563, 27.497626], [33.976085, 27.487372], [33.98585, 27.482123], [34.007091, 27.47606], [34.013031, 27.469957], [34.031098, 27.451483], [34.0442, 27.449612], [34.05128, 27.448635], [34.05128, 27.45482], [34.038422, 27.46662], [34.034923, 27.485012], [34.028494, 27.502021], [34.006602, 27.509467]]}}, {"type": "Feature", "properties": {"featurecla": "Coastline", "scalerank": 6, "min_zoom": 4}, "geometry": {"type": "LineString", "coordinates": [[34.585134, 27.955146], [34.583995, 27.957953], [34.5796, 27.965522], [34.57488, 27.972113], [34.572765, 27.972154], [34.570567, 27.974107], [34.557953, 27.97016], [34.528819, 27.965888], [34.511892, 27.967475], [34.507904, 27.971177], [34.503184, 27.975572], [34.506847, 27.986233], [34.51824, 27.99136], [34.5442, 27.996039], [34.540538, 28.003119], [34.534841, 28.008246], [34.517426, 28.016506], [34.517345, 28.016547], [34.510753, 28.014146], [34.504893, 28.009914], [34.500011, 28.003811], [34.49643, 27.996202], [34.496349, 27.996039], [34.494477, 28.001654], [34.494395, 28.001776], [34.493012, 28.0008], [34.489513, 27.996039], [34.494395, 27.988227], [34.497813, 27.968736], [34.496349, 27.955146], [34.498139, 27.953111], [34.518077, 27.930406], [34.547211, 27.919664], [34.582205, 27.917914], [34.620453, 27.920356], [34.620453, 27.927802], [34.601329, 27.942613], [34.585216, 27.955064], [34.585134, 27.955146]]}}, {"type": "Feature", "properties": {"featurecla": "Coastline", "scalerank": 0, "min_zoom": 0}, "geometry": {"type": "LineString", "coordinates": [[32.978526, 31.081692], [32.989268, 31.073432], [32.98699, 31.083645], [32.983084, 31.089911], [32.977061, 31.091254], [32.969737, 31.086575], [32.975108, 31.086493], [32.978526, 31.081692]]}}, {"type": "Feature", "properties": {"featurecla": "Coastline", "scalerank": 0, "min_zoom": 0}, "geometry": {"type": "LineString", "coordinates": [[47.965531, 29.576298], [48.023859, 29.584809], [48.041923, 29.582093], [48.066349, 29.577556], [48.085948, 29.575019], [48.09254, 29.565823], [48.113536, 29.554633], [48.154518, 29.53909], [48.176758, 29.541916], [48.180917, 29.562217], [48.161306, 29.60163], [48.119151, 29.654527], [48.096039, 29.699164], [48.078868, 29.743964], [48.052419, 29.742987], [48.021739, 29.779731], [47.995616, 29.827704], [47.982677, 29.860663], [47.979503, 29.884345], [47.979747, 29.921454], [47.975271, 29.942572], [47.965505, 29.962063], [47.955089, 29.977281], [47.948009, 29.994045], [47.948497, 30.017646], [47.940929, 30.026516], [47.941742, 30.037258], [47.946056, 30.049384], [47.948497, 30.062323], [47.947113, 30.07453], [47.934825, 30.107082], [47.951671, 30.088324], [47.958507, 30.060614], [47.961925, 30.030341], [47.969005, 30.004055], [48.038259, 30.036851], [48.076345, 30.04564], [48.119151, 30.044989], [48.165782, 30.037543], [48.209239, 30.024482], [48.264659, 29.993964], [48.299571, 29.984524], [48.33546, 29.961412], [48.411876, 29.938422], [48.520518, 29.9289], [48.546886, 29.934719], [48.559255, 29.946601], [48.554942, 29.956488], [48.530772, 29.956204], [48.530772, 29.960761], [48.531016, 29.96133], [48.532074, 29.963813], [48.537446, 29.969875], [48.537446, 29.963039], [48.61085, 29.957017], [48.6338, 29.963039], [48.642345, 29.967963], [48.651378, 29.975002], [48.658702, 29.983629], [48.661632, 29.993476], [48.658946, 30.00727], [48.645518, 30.026109], [48.640636, 30.038072], [48.643321, 30.055406], [48.659516, 30.052232], [48.701996, 30.031928], [48.771983, 30.032375], [48.791352, 30.024482], [48.808849, 30.03144], [48.87672, 30.024482], [48.897227, 30.029446], [48.915294, 30.042182], [48.928559, 30.060004], [48.934825, 30.079739], [48.934255, 30.09101], [48.928559, 30.110053], [48.927989, 30.120673], [48.930837, 30.131985], [48.939708, 30.152533], [48.941661, 30.165107], [48.936046, 30.21011], [48.929535, 30.232652], [48.921153, 30.250434], [48.904796, 30.266018], [48.884532, 30.279364], [48.867035, 30.294745], [48.85963, 30.31623], [48.863048, 30.321519], [48.86964, 30.329495], [48.873709, 30.336656], [48.862315, 30.345608], [48.867361, 30.3581], [48.87615, 30.370103], [48.880138, 30.374579], [48.934825, 30.418647], [48.946462, 30.421576], [49.000499, 30.415188], [49.017345, 30.414944], [49.037283, 30.432522], [49.02947, 30.450263], [49.004405, 30.464016], [48.972667, 30.469468], [48.945649, 30.479722], [48.952973, 30.50019], [48.981456, 30.515611], [49.017345, 30.511135], [49.034353, 30.519273], [49.05128, 30.518378], [49.069347, 30.513821], [49.089366, 30.511135], [49.094412, 30.512193], [49.10377, 30.516832], [49.110118, 30.517971], [49.116954, 30.514879], [49.128103, 30.501125], [49.134044, 30.497463], [49.14796, 30.500393], [49.158214, 30.506985], [49.166759, 30.508775], [49.175059, 30.497463], [49.171153, 30.493109], [49.169688, 30.489732], [49.168224, 30.476996], [49.183849, 30.487047], [49.199392, 30.501614], [49.211192, 30.506334], [49.219005, 30.469794], [49.228282, 30.454413], [49.243175, 30.446031], [49.263845, 30.449652], [49.262869, 30.432563], [49.257172, 30.421861], [49.227712, 30.389228], [49.208751, 30.360093], [49.202891, 30.346625], [49.189952, 30.362209], [49.176443, 30.372748], [49.159679, 30.378852], [49.137462, 30.380764], [49.123383, 30.385077], [49.082367, 30.403795], [49.062022, 30.408108], [49.043712, 30.405666], [49.010753, 30.395941], [48.989431, 30.395006], [48.948578, 30.401068], [48.931814, 30.397162], [48.921153, 30.380764], [48.953298, 30.373521], [48.979503, 30.361762], [48.997081, 30.34162], [49.003673, 30.309394], [49.017345, 30.298285], [49.083507, 30.264838], [49.1067, 30.257799], [49.124034, 30.256415], [49.134776, 30.246324], [49.143321, 30.233547], [49.161388, 30.223782], [49.178477, 30.225898], [49.192882, 30.237738], [49.20338, 30.254462], [49.209158, 30.27147], [49.221202, 30.264553], [49.22169, 30.258205], [49.21754, 30.251776], [49.215994, 30.244208], [49.215505, 30.229193], [49.215994, 30.223782], [49.220225, 30.217922], [49.23406, 30.209418], [49.237071, 30.206366], [49.235688, 30.165107], [49.245128, 30.15648], [49.271251, 30.154853], [49.29184, 30.158515], [49.329275, 30.172268], [49.349946, 30.175279], [49.358409, 30.173163], [49.372813, 30.163764], [49.383962, 30.161689], [49.396007, 30.162787], [49.417654, 30.167467], [49.428233, 30.168524], [49.44988, 30.167182], [49.459321, 30.165188], [49.469086, 30.161689], [49.479828, 30.156073], [49.483653, 30.151801], [49.486176, 30.146389], [49.493419, 30.137437], [49.501231, 30.120063], [49.501638, 30.074897], [49.50408, 30.058661], [49.532237, 30.022935], [49.564464, 30.016832], [49.600759, 30.030097], [49.914561, 30.203925], [49.95102, 30.215033], [49.988292, 30.219916], [50.024099, 30.216254], [50.050629, 30.207343], [50.058849, 30.204576], [50.073416, 30.195746], [50.079356, 30.185248], [50.084727, 30.168891], [50.097911, 30.148505], [50.113617, 30.130316], [50.127696, 30.120673], [50.121837, 30.09455], [50.144786, 30.037909], [50.133962, 30.004055], [50.147472, 29.998236], [50.153331, 29.991034], [50.149669, 29.985175], [50.133962, 29.983547], [50.137543, 29.972968], [50.138438, 29.954657], [50.141368, 29.942572], [50.144867, 29.938056], [50.183849, 29.903144], [50.225108, 29.881171], [50.243826, 29.866848], [50.267914, 29.836371], [50.313324, 29.763983], [50.340017, 29.730292], [50.367035, 29.704088], [50.381602, 29.685004], [50.387869, 29.665107], [50.396983, 29.654731], [50.456065, 29.634101], [50.48878, 29.605373], [50.504568, 29.586086], [50.511404, 29.568915], [50.52003, 29.555976], [50.572765, 29.518012], [50.601085, 29.480658], [50.606944, 29.469631], [50.607432, 29.499498], [50.622732, 29.493069], [50.6421, 29.469794], [50.655284, 29.449123], [50.663097, 29.421942], [50.668224, 29.38227], [50.66863, 29.343329], [50.661469, 29.318793], [50.673595, 29.299628], [50.679861, 29.293647], [50.689464, 29.290839], [50.687022, 29.283881], [50.682628, 29.243069], [50.667491, 29.25727], [50.658376, 29.249945], [50.651866, 29.233344], [50.644786, 29.219794], [50.635753, 29.207709], [50.633067, 29.195502], [50.634939, 29.171332], [50.643809, 29.143459], [50.665863, 29.12641], [50.693696, 29.12344], [50.720225, 29.137193], [50.738292, 29.140082], [50.816417, 29.144192], [50.840343, 29.140611], [50.844005, 29.135199], [50.845958, 29.126858], [50.847179, 29.109931], [50.850841, 29.105455], [50.859141, 29.107815], [50.868337, 29.112047], [50.87436, 29.113267], [50.886567, 29.104071], [50.893321, 29.093899], [50.901703, 29.064887], [50.920177, 29.069037], [50.929942, 29.054633], [50.932384, 29.03148], [50.928966, 29.00967], [50.922211, 28.999213], [50.902029, 28.983385], [50.894867, 28.976142], [50.893403, 28.965033], [50.89796, 28.956732], [50.899262, 28.949449], [50.888682, 28.941392], [50.878917, 28.957994], [50.862478, 28.976142], [50.842784, 28.990668], [50.823253, 28.996649], [50.802582, 28.985826], [50.798839, 28.961127], [50.804861, 28.93358], [50.812999, 28.9147], [50.860037, 28.862454], [50.867686, 28.842678], [50.87615, 28.832017], [50.896007, 28.827338], [50.936534, 28.825344], [50.978689, 28.816636], [51.010916, 28.79914], [51.036388, 28.772528], [51.058849, 28.735907], [51.071544, 28.692694], [51.07252, 28.565253], [51.08074, 28.533922], [51.141856, 28.400784], [51.149425, 28.39053], [51.182384, 28.359768], [51.217621, 28.311428], [51.229991, 28.298407], [51.264822, 28.270453], [51.28533, 28.240912], [51.286876, 28.214301], [51.264822, 28.160549], [51.269759, 28.140454], [51.290369, 28.121519], [51.30753, 28.107132], [51.345222, 28.052669], [51.36061, 28.016378], [51.380271, 27.991418], [51.399876, 27.931713], [51.420405, 27.933201], [51.428156, 27.961147], [51.452077, 27.947515], [51.475096, 27.91348], [51.496424, 27.893041], [51.539135, 27.881627], [51.570323, 27.877631], [51.575531, 27.872789], [51.578868, 27.865302], [51.580089, 27.85578], [51.585134, 27.849311], [51.596934, 27.846666], [51.683443, 27.830581], [51.722799, 27.825117], [51.785295, 27.835454], [51.823864, 27.843597], [51.85963, 27.845893], [51.878429, 27.835354], [51.894298, 27.830878], [51.963715, 27.838446], [52.011241, 27.832709], [52.052582, 27.817369], [52.089203, 27.795396], [52.207205, 27.698228], [52.244884, 27.681383], [52.423106, 27.646633], [52.459646, 27.632636], [52.492524, 27.609442], [52.567638, 27.540717], [52.574474, 27.530585], [52.590505, 27.497748], [52.598399, 27.485826], [52.613536, 27.474677], [52.654145, 27.460883], [52.670095, 27.448635], [52.678966, 27.425279], [52.666515, 27.415351], [52.644867, 27.413316], [52.62615, 27.413886], [52.605235, 27.412055], [52.588552, 27.405504], [52.579112, 27.392768], [52.58074, 27.37226], [52.601329, 27.352932], [52.678803, 27.322374], [52.732188, 27.301337], [52.767751, 27.279731], [52.848318, 27.215277], [52.894298, 27.20307], [52.914724, 27.191962], [52.92335, 27.170233], [52.932628, 27.160346], [52.992198, 27.146959], [53.004731, 27.133246], [53.01531, 27.117336], [53.028656, 27.104071], [53.050141, 27.098578], [53.072032, 27.096869], [53.41212, 26.993557], [53.444102, 26.975653], [53.461111, 26.957099], [53.469086, 26.937201], [53.471446, 26.889635], [53.477224, 26.870103], [53.491547, 26.854315], [53.588634, 26.788764], [53.663829, 26.749091], [53.716075, 26.708564], [53.728282, 26.704739], [53.75172, 26.716051], [53.776134, 26.71426], [53.820811, 26.701321], [53.842784, 26.702094], [53.883474, 26.712348], [53.929373, 26.718004], [53.995128, 26.745592], [54.015798, 26.749457], [54.026215, 26.749091], [54.034516, 26.745307], [54.053722, 26.731635], [54.064464, 26.728583], [54.081716, 26.726142], [54.150401, 26.708197], [54.171397, 26.706122], [54.247569, 26.710842], [54.266856, 26.715766], [54.286876, 26.718655], [54.308116, 26.714993], [54.337738, 26.693427], [54.356619, 26.662828], [54.37143, 26.630845], [54.389415, 26.605129], [54.425629, 26.589342], [54.516612, 26.592515], [54.56129, 26.584662], [54.590587, 26.559963], [54.602875, 26.530992], [54.619965, 26.508246], [54.663829, 26.502021], [54.749685, 26.508938], [54.761567, 26.506822], [54.778494, 26.49787], [54.791026, 26.495836], [54.801524, 26.498236], [54.80893, 26.503852], [54.815196, 26.510443], [54.822032, 26.515774], [54.930675, 26.572659], [55.026866, 26.642646], [55.037934, 26.648912], [55.103282, 26.701321], [55.118175, 26.707587], [55.16212, 26.719143], [55.181651, 26.721177], [55.205903, 26.726386], [55.215587, 26.739488], [55.221039, 26.757392], [55.232921, 26.776435], [55.270844, 26.792548], [55.316742, 26.787095], [55.397309, 26.762152], [55.442231, 26.759914], [55.48406, 26.767524], [55.521739, 26.784573], [55.554454, 26.810533], [55.568533, 26.830797], [55.580414, 26.859117], [55.586436, 26.889065], [55.582367, 26.91356], [55.575043, 26.907172], [55.568858, 26.90412], [55.554454, 26.899888], [55.608572, 26.953681], [55.61964, 26.961371], [55.632335, 26.967515], [55.665863, 26.995429], [55.684825, 27.002997], [55.694835, 27.002753], [55.726329, 26.996161], [55.763682, 26.996161], [55.772472, 26.998277], [55.787283, 27.007717], [55.79835, 27.009752], [55.831798, 27.008734], [55.842459, 27.009752], [55.8838, 27.018744], [55.928396, 27.023424], [55.939301, 27.026679], [55.95753, 27.040758], [55.962738, 27.043931], [55.963145, 27.048041], [55.987315, 27.066352], [56.0, 27.073193634558166]]}}, {"type": "Feature", "properties": {"featurecla": "Coastline", "scalerank": 0, "min_zoom": 0}, "geometry": {"type": "LineString", "coordinates": [[34.87322, 32.430325], [34.837657, 32.280707], [34.757009, 32.066596], [34.743337, 32.06037], [34.742686, 32.055609], [34.743988, 32.044623], [34.743337, 32.039862], [34.711925, 31.951606], [34.693207, 31.926459], [34.665945, 31.873887], [34.60963, 31.76553], [34.602712, 31.757758], [34.513927, 31.627143], [34.489513, 31.600409], [34.481212, 31.583157], [34.47877, 31.578274], [34.44337, 31.534573], [34.368175, 31.468166], [34.348399, 31.437649], [34.301606, 31.407701], [34.281423, 31.376695], [34.236664, 31.342353], [34.222667, 31.326646], [34.200287, 31.314276], [34.198497, 31.3133], [34.047048, 31.229193], [33.85434, 31.163479], [33.64796, 31.117255], [33.614757, 31.115383], [33.592052, 31.121283], [33.592052, 31.114407], [33.57252, 31.121568], [33.499522, 31.128079], [33.480805, 31.133246], [33.440929, 31.15119], [33.427501, 31.147935], [33.420665, 31.147935], [33.417247, 31.150784], [33.406423, 31.155422], [33.406423, 31.137274], [33.390636, 31.136217], [33.377696, 31.132554], [33.386485, 31.114407], [33.277192, 31.10692], [33.288748, 31.104885], [33.298188, 31.103909], [33.308116, 31.105129], [33.317638, 31.100775], [33.303233, 31.099799], [33.304535, 31.098212], [33.304861, 31.088121], [33.303966, 31.079657], [33.29656, 31.079657], [33.292491, 31.088446], [33.285411, 31.092719], [33.277192, 31.092108], [33.269786, 31.086493], [33.262462, 31.093329], [33.269786, 31.100775], [33.262462, 31.100775], [33.247895, 31.091254], [33.194835, 31.073432], [33.194835, 31.065985], [33.200938, 31.065985], [33.200938, 31.073432], [33.207774, 31.073432], [33.221446, 31.065985], [33.221446, 31.059801], [33.212413, 31.060981], [33.207693, 31.061021], [33.200938, 31.059801], [33.187673, 31.061672], [33.169119, 31.05801], [33.133311, 31.045559], [33.144298, 31.062567], [33.144705, 31.077867], [33.135753, 31.090766], [33.118988, 31.100775], [33.118988, 31.10692], [33.124034, 31.107571], [33.125255, 31.105902], [33.125255, 31.103258], [33.126475, 31.100775], [33.140961, 31.109605], [33.153575, 31.112372], [33.157725, 31.117865], [33.146983, 31.134914], [33.111095, 31.17536], [33.098643, 31.183295], [33.098643, 31.189521], [33.126475, 31.189521], [33.126475, 31.196357], [33.109386, 31.196438], [33.09783, 31.191555], [33.078624, 31.175849], [33.067068, 31.170966], [33.042328, 31.167222], [33.030284, 31.162177], [33.014415, 31.144965], [33.001801, 31.124823], [32.98463, 31.109524], [32.954438, 31.10692], [32.970551, 31.101467], [32.994151, 31.098456], [33.016938, 31.098131], [33.030284, 31.100775], [33.023774, 31.104641], [33.023774, 31.107733], [33.02711, 31.110745], [33.030284, 31.114407], [33.051036, 31.128119], [33.057465, 31.134914], [33.064301, 31.134914], [33.060069, 31.123928], [33.054698, 31.115546], [33.052501, 31.108303], [33.057465, 31.100775], [33.047862, 31.09512], [33.009125, 31.086493], [33.009125, 31.079657], [33.013927, 31.078192], [33.023448, 31.073432], [33.023448, 31.065985], [33.009939, 31.056301], [32.994477, 31.055569], [32.961274, 31.065985], [32.975108, 31.065985], [32.973318, 31.071031], [32.971202, 31.080878], [32.968761, 31.086493], [32.959483, 31.098456], [32.944021, 31.107896], [32.927094, 31.111802], [32.913585, 31.10692], [32.913585, 31.100775], [32.940929, 31.100775], [32.940929, 31.093329], [32.917247, 31.082831], [32.906749, 31.079657], [32.906749, 31.086493], [32.914399, 31.087307], [32.917735, 31.092231], [32.903494, 31.095445], [32.899262, 31.100775], [32.893077, 31.100775], [32.882823, 31.093573], [32.831065, 31.079657], [32.769542, 31.045559], [32.763845, 31.046332], [32.759451, 31.0456], [32.756196, 31.046536], [32.755382, 31.052314], [32.749197, 31.052314], [32.742849, 31.042629], [32.731293, 31.038764], [32.700694, 31.038723], [32.715017, 31.045559], [32.715017, 31.052314], [32.666515, 31.052314], [32.752452, 31.071357], [32.80714, 31.093329], [32.83961, 31.101223], [32.895356, 31.137397], [32.927257, 31.147935], [32.927257, 31.155422], [32.920421, 31.155422], [32.90919, 31.148179], [32.868012, 31.130276], [32.850759, 31.118801], [32.761974, 31.081204], [32.687511, 31.064439], [32.645518, 31.059801], [32.601573, 31.060981], [32.599701, 31.06151], [32.565684, 31.070543], [32.535818, 31.086615], [32.509532, 31.10692], [32.481212, 31.148871], [32.462657, 31.161038], [32.420177, 31.196357], [32.401378, 31.217108], [32.389903, 31.226508], [32.359141, 31.233466], [32.344249, 31.241889], [32.333832, 31.254706], [32.331391, 31.27143], [32.320079, 31.272691], [32.313813, 31.272691], [32.300466, 31.28144], [32.256602, 31.288804], [32.232677, 31.292873], [32.219493, 31.293769], [32.207042, 31.295071], [32.214122, 31.278266], [32.226329, 31.28205], [32.246755, 31.279242], [32.267914, 31.27265], [32.28297, 31.265286], [32.270518, 31.257554], [32.27296, 31.248847], [32.289806, 31.230455], [32.295095, 31.213365], [32.29477, 31.199368], [32.289806, 31.169623], [32.287364, 31.170152], [32.286469, 31.170356], [32.262462, 31.169623], [32.280528, 31.154975], [32.283458, 31.136542], [32.272227, 31.118883], [32.24822, 31.10692], [32.234141, 31.104885], [32.218516, 31.105211], [32.20574, 31.109198], [32.194835, 31.1258], [32.183849, 31.124945], [32.176036, 31.117825], [32.179942, 31.10692], [32.174164, 31.107571], [32.169688, 31.107123], [32.16684, 31.108344], [32.16627, 31.114407], [32.154307, 31.107733], [32.152843, 31.106594], [32.154307, 31.10399], [32.154063, 31.102525], [32.154959, 31.101752], [32.159434, 31.100775], [32.159434, 31.093329], [32.154307, 31.093817], [32.138357, 31.093329], [32.146332, 31.079657], [32.142589, 31.080268], [32.133149, 31.081732], [32.112966, 31.090562], [32.097992, 31.093329], [32.101248, 31.08275], [32.107432, 31.072821], [32.117442, 31.066311], [32.132091, 31.065985], [32.132091, 31.059801], [32.119802, 31.052924], [32.106456, 31.053371], [32.093761, 31.058539], [32.083751, 31.065985], [32.083751, 31.073432], [32.090587, 31.073432], [32.090587, 31.079657], [32.083751, 31.084418], [32.075531, 31.086371], [32.06658, 31.084947], [32.056977, 31.079657], [32.049001, 31.08454], [32.043956, 31.086493], [32.047618, 31.094875], [32.052582, 31.100775], [32.059906, 31.104641], [32.070079, 31.10692], [32.070079, 31.114407], [32.060557, 31.117377], [32.054535, 31.122992], [32.052338, 31.12877], [32.051443, 31.131171], [32.050141, 31.14175], [32.043956, 31.14175], [32.041026, 31.134263], [32.035167, 31.129706], [32.026866, 31.127672], [32.016124, 31.128079], [32.016124, 31.134914], [32.036876, 31.150295], [32.036388, 31.161078], [32.029633, 31.169623], [32.029633, 31.175849], [32.036794, 31.178616], [32.040375, 31.182318], [32.042328, 31.187934], [32.043956, 31.196357], [32.040782, 31.193915], [32.029633, 31.189521], [32.031261, 31.202867], [32.03297, 31.206204], [32.03712, 31.210639], [32.03712, 31.216783], [32.022797, 31.223619], [32.01824, 31.219062], [32.011974, 31.214789], [32.009288, 31.210639], [31.994965, 31.216783], [31.994965, 31.223619], [32.009288, 31.223619], [31.986583, 31.230292], [31.96754, 31.218817], [31.951915, 31.204576], [31.940278, 31.203192], [31.934744, 31.187567], [31.926443, 31.186998], [31.921641, 31.196479], [31.926606, 31.210639], [31.91977, 31.210639], [31.91977, 31.203192], [31.91505, 31.20425], [31.91391, 31.206488], [31.914236, 31.20897], [31.912934, 31.210639], [31.90919, 31.208075], [31.906912, 31.205634], [31.904145, 31.203843], [31.899425, 31.203192], [31.898448, 31.209906], [31.900157, 31.213039], [31.903005, 31.214586], [31.906261, 31.216783], [31.892589, 31.216783], [31.892589, 31.223619], [31.906261, 31.223619], [31.902029, 31.230618], [31.900645, 31.23607], [31.90211, 31.242336], [31.906261, 31.251614], [31.898611, 31.246649], [31.893403, 31.239936], [31.885753, 31.223619], [31.875987, 31.233303], [31.861013, 31.242377], [31.845388, 31.248969], [31.834158, 31.251614], [31.830333, 31.255764], [31.830251, 31.264879], [31.828624, 31.274115], [31.820567, 31.278266], [31.811209, 31.278713], [31.804373, 31.279975], [31.790212, 31.285102], [31.79184, 31.28144], [31.793142, 31.280463], [31.794444, 31.280015], [31.796397, 31.278266], [31.794932, 31.277696], [31.78419, 31.273383], [31.773204, 31.275865], [31.766938, 31.284654], [31.769054, 31.298774], [31.777517, 31.304999], [31.78891, 31.30744], [31.795909, 31.310981], [31.790212, 31.320502], [31.790212, 31.326646], [31.802745, 31.331285], [31.80128, 31.334866], [31.794281, 31.338446], [31.790212, 31.343451], [31.792247, 31.353583], [31.797211, 31.359524], [31.803884, 31.360053], [31.810557, 31.35399], [31.816742, 31.35399], [31.825043, 31.360663], [31.834158, 31.359931], [31.845063, 31.356187], [31.858409, 31.35399], [31.858409, 31.361477], [31.836925, 31.361884], [31.827891, 31.368354], [31.83074, 31.379788], [31.844737, 31.394965], [31.838552, 31.402493], [31.834972, 31.405748], [31.830414, 31.408637], [31.833669, 31.409817], [31.836681, 31.409654], [31.838552, 31.410834], [31.837901, 31.416083], [31.844737, 31.416083], [31.851736, 31.409654], [31.861664, 31.40762], [31.871837, 31.409817], [31.878917, 31.416083], [31.868419, 31.416571], [31.860606, 31.419013], [31.854828, 31.423163], [31.850922, 31.429145], [31.850922, 31.43651], [31.858409, 31.43651], [31.858409, 31.443345], [31.850597, 31.442939], [31.844981, 31.44481], [31.837901, 31.449612], [31.833751, 31.443793], [31.830414, 31.442572], [31.824229, 31.443345], [31.830414, 31.458808], [31.837657, 31.465481], [31.841645, 31.464504], [31.837901, 31.457017], [31.851899, 31.456122], [31.862071, 31.450588], [31.868663, 31.441352], [31.872081, 31.429145], [31.878917, 31.429145], [31.877452, 31.434149], [31.874278, 31.43891], [31.872081, 31.443345], [31.878917, 31.443345], [31.878917, 31.449612], [31.872081, 31.449612], [31.875011, 31.463324], [31.859711, 31.486884], [31.865245, 31.497992], [31.844737, 31.497992], [31.849457, 31.505072], [31.851329, 31.510647], [31.850922, 31.5185], [31.854747, 31.516506], [31.861664, 31.51435], [31.865245, 31.512274], [31.865733, 31.515326], [31.865001, 31.522121], [31.865245, 31.525336], [31.878917, 31.5185], [31.882986, 31.52851], [31.889496, 31.53205], [31.906261, 31.525336], [31.906586, 31.529608], [31.917979, 31.523993], [31.932384, 31.507758], [31.943126, 31.491645], [31.9935, 31.437812], [31.981293, 31.43651], [31.968272, 31.43651], [31.97755, 31.429877], [31.985688, 31.420356], [31.991954, 31.408515], [31.994965, 31.394965], [32.002452, 31.394965], [32.006602, 31.395331], [32.017345, 31.387519], [32.043956, 31.375149], [32.048839, 31.370998], [32.051443, 31.366441], [32.056, 31.36286], [32.076508, 31.360907], [32.083507, 31.358832], [32.088145, 31.354438], [32.090587, 31.347154], [32.082774, 31.352769], [32.080089, 31.35399], [32.075694, 31.353502], [32.070079, 31.35399], [32.168956, 31.300727], [32.199555, 31.295071], [32.189464, 31.300767], [32.149669, 31.327786], [32.135265, 31.333482], [32.129161, 31.337388], [32.104259, 31.361477], [32.093761, 31.365668], [32.09197, 31.3664], [32.067556, 31.37108], [32.056977, 31.375149], [32.024913, 31.400051], [32.009044, 31.417182], [31.995779, 31.445746], [31.964203, 31.482408], [31.959158, 31.49433], [31.944835, 31.520941], [31.912934, 31.534898], [31.87436, 31.53559], [31.837901, 31.525336], [31.748302, 31.481594], [31.597423, 31.444485], [31.571625, 31.443752], [31.556814, 31.443345], [31.523692, 31.449652], [31.419607, 31.491156], [31.378591, 31.5185], [31.349946, 31.529649], [31.220958, 31.579901], [31.128673, 31.604926], [31.097423, 31.607896], [31.01238, 31.59691], [30.987559, 31.588935], [30.978038, 31.584296], [31.023204, 31.582994], [31.070811, 31.565375], [31.111095, 31.53974], [31.130382, 31.516995], [31.123546, 31.51789], [31.117524, 31.516018], [31.111095, 31.512274], [31.129242, 31.504462], [31.125255, 31.497789], [31.119151, 31.493109], [31.111095, 31.491156], [31.101573, 31.492499], [31.099783, 31.496405], [31.100108, 31.501044], [31.097423, 31.504828], [31.08074, 31.514228], [31.0713, 31.51732], [31.034923, 31.51968], [31.029145, 31.5185], [31.023285, 31.513821], [31.023611, 31.509182], [31.024669, 31.504055], [31.021739, 31.497992], [31.005707, 31.486233], [31.002208, 31.479641], [31.008067, 31.47134], [30.996918, 31.451117], [30.990001, 31.443264], [30.980724, 31.43651], [30.973969, 31.444078], [30.939708, 31.457017], [30.937673, 31.453803], [30.937511, 31.452623], [30.937022, 31.451728], [30.933604, 31.449612], [30.933279, 31.445136], [30.934825, 31.444241], [30.937266, 31.444403], [30.939708, 31.443345], [30.926443, 31.433051], [30.909434, 31.423814], [30.892426, 31.419094], [30.878917, 31.422268], [30.878429, 31.426988], [30.879893, 31.428168], [30.88266, 31.428127], [30.885753, 31.429145], [30.873709, 31.434516], [30.859711, 31.433336], [30.846853, 31.430162], [30.837413, 31.429145], [30.822602, 31.434719], [30.809581, 31.442084], [30.798513, 31.446479], [30.789561, 31.443345], [30.774669, 31.436835], [30.756196, 31.423], [30.740733, 31.405504], [30.734386, 31.388129], [30.72755, 31.388129], [30.715994, 31.402086], [30.695079, 31.416897], [30.675059, 31.421576], [30.666026, 31.405504], [30.653819, 31.395819], [30.62672, 31.388658], [30.598643, 31.387356], [30.583507, 31.394965], [30.576671, 31.394965], [30.570323, 31.390082], [30.563243, 31.390204], [30.542654, 31.394965], [30.542654, 31.402411], [30.557872, 31.422187], [30.562348, 31.422268], [30.570974, 31.426581], [30.610688, 31.429145], [30.628103, 31.434312], [30.666026, 31.457017], [30.674083, 31.459662], [30.687755, 31.461615], [30.69337, 31.463853], [30.736095, 31.488715], [30.789073, 31.510321], [30.866384, 31.548285], [30.958751, 31.57807], [30.973888, 31.579901], [30.973888, 31.586737], [30.676524, 31.496161], [30.535818, 31.463853], [30.492524, 31.459215], [30.456391, 31.462714], [30.425629, 31.473619], [30.398611, 31.491156], [30.362153, 31.508734], [30.355724, 31.491116], [30.370616, 31.461615], [30.398611, 31.443345], [30.378429, 31.446682], [30.364594, 31.46011], [30.355724, 31.478827], [30.350759, 31.497992], [30.343923, 31.497992], [30.352387, 31.463202], [30.348399, 31.421332], [30.334483, 31.381008], [30.312836, 31.350572], [30.25172, 31.303412], [30.216563, 31.286444], [30.179454, 31.278266], [30.179454, 31.27143], [30.238455, 31.273993], [30.254568, 31.278266], [30.254568, 31.27143], [30.251313, 31.271064], [30.243988, 31.271918], [30.240896, 31.27143], [30.240896, 31.265286], [30.258637, 31.268866], [30.273448, 31.275295], [30.287608, 31.278225], [30.302989, 31.27143], [30.292735, 31.244574], [30.288748, 31.237942], [30.281423, 31.240912], [30.276622, 31.246405], [30.274587, 31.254543], [30.275076, 31.265286], [30.268809, 31.265286], [30.267751, 31.25731], [30.265961, 31.253241], [30.263845, 31.249905], [30.261404, 31.244127], [30.258067, 31.246405], [30.257335, 31.246812], [30.254568, 31.251614], [30.224376, 31.226874], [30.22047, 31.220201], [30.215831, 31.219387], [30.207205, 31.220893], [30.201671, 31.226508], [30.206798, 31.237942], [30.165212, 31.216783], [30.154633, 31.222154], [30.143728, 31.229478], [30.140147, 31.23725], [30.15211, 31.244127], [30.148611, 31.245063], [30.145518, 31.245103], [30.144054, 31.246568], [30.144705, 31.251614], [30.153087, 31.255845], [30.164399, 31.266995], [30.172618, 31.27143], [30.135997, 31.274848], [30.098481, 31.284654], [30.0949, 31.28559], [30.066661, 31.304877], [30.069591, 31.333482], [30.042247, 31.320502], [30.041677, 31.315497], [30.043224, 31.314154], [30.045909, 31.314154], [30.049083, 31.313056], [30.039561, 31.307115], [30.03297, 31.30036], [30.025076, 31.294867], [30.011241, 31.292548], [30.003103, 31.287095], [29.983165, 31.263251], [29.969981, 31.257799], [29.956228, 31.250067], [29.909679, 31.214097], [29.898204, 31.203192], [29.89088, 31.203192], [29.884776, 31.213772], [29.876964, 31.213568], [29.869151, 31.206488], [29.863536, 31.196357], [29.871837, 31.200141], [29.875662, 31.200873], [29.884613, 31.189521], [29.83839, 31.15412], [29.809337, 31.14232], [29.781505, 31.147935], [29.765961, 31.121568], [29.618663, 31.029283], [29.611013, 31.021918], [29.60377, 31.01203], [29.598074, 31.009508], [29.556326, 30.990912], [29.503266, 30.956692], [29.355724, 30.895087], [29.218923, 30.838039], [29.18922, 30.833238], [29.028087, 30.827053], [28.85434, 30.905951], [28.835704, 30.910793], [28.828868, 30.915188], [28.824962, 30.924465], [28.818044, 30.951158], [28.812022, 30.956773], [28.787771, 30.959662], [28.76824, 30.966702], [28.732677, 30.984076], [28.555024, 31.038723], [28.538259, 31.046536], [28.527599, 31.050116], [28.514171, 31.052314], [28.478526, 31.051825], [28.469737, 31.056057], [28.457774, 31.06684], [28.442231, 31.076402], [28.424327, 31.083441], [28.404959, 31.086493], [28.382091, 31.08275], [28.338634, 31.064114], [28.31837, 31.059801], [28.299083, 31.061957], [28.256358, 31.071275], [28.233572, 31.073432], [28.203868, 31.070502], [28.191417, 31.073432], [28.183279, 31.078315], [28.175304, 31.084906], [28.16627, 31.090766], [28.154552, 31.093329], [28.0, 31.093118847038628]]}}, {"type": "Feature", "properties": {"featurecla": "Coastline", "scalerank": 0, "min_zoom": 0}, "geometry": {"type": "MultiLineString", "coordinates": [[[28.0, 37.03341233673047], [28.092947, 37.02143], [28.110037, 37.014106], [28.110037, 37.02147], [28.10727, 37.032131], [28.126231, 37.035875], [28.174327, 37.035142], [28.304698, 37.050849], [28.314952, 37.048814], [28.322765, 37.04385], [28.329356, 37.03677], [28.3296, 37.030463], [28.300059, 37.02497], [28.246593, 37.00788], [28.253103, 36.99372], [28.24464, 36.988186], [28.228526, 36.990546], [28.212413, 37.000434], [28.206879, 36.99018], [28.198904, 36.980536], [28.212413, 36.980536], [28.212413, 36.97309], [28.205089, 36.966295], [28.185232, 36.93891], [28.180675, 36.943305], [28.17449, 36.94599], [28.166515, 36.946926], [28.157237, 36.945787], [28.157237, 36.93891], [28.164236, 36.936184], [28.168142, 36.933417], [28.168468, 36.930162], [28.165294, 36.92593], [28.167166, 36.920803], [28.168468, 36.918891], [28.168142, 36.916815], [28.165294, 36.911607], [28.15919, 36.924628], [28.157237, 36.932115], [28.151703, 36.932115], [28.141938, 36.928697], [28.120128, 36.93769], [28.110037, 36.932115], [28.103282, 36.932115], [28.098155, 36.936225], [28.093516, 36.937893], [28.088552, 36.936672], [28.082205, 36.932115], [28.075043, 36.937405], [28.06544, 36.939276], [28.04184, 36.93891], [28.04184, 36.932115], [28.061697, 36.932115], [28.061697, 36.92593], [28.053233, 36.9265], [28.035899, 36.925442], [28.027517, 36.92593], [28.031098, 36.921332], [28.033214, 36.91767], [28.035899, 36.914618], [28.04184, 36.911607], [28.034434, 36.904202], [28.021251, 36.911607], [28.027517, 36.902533], [28.035492, 36.893378], [28.055431, 36.876899], [28.055431, 36.870673], [28.044932, 36.867255], [28.036306, 36.862616], [28.028656, 36.860175], [28.021251, 36.863227], [28.017345, 36.86107], [28.014496, 36.859076], [28.011567, 36.857652], [28.007009, 36.857001], [28.018728, 36.848619], [28.024587, 36.839097], [28.023285, 36.833238], [28.013845, 36.835924], [28.007009, 36.829088], [28.025727, 36.828803], [28.039561, 36.826646], [28.049083, 36.820624], [28.055431, 36.80858], [28.036876, 36.797349], [28.030772, 36.791734], [28.027517, 36.781317], [28.010509, 36.794338], [28.0, 36.79695208002201]], [[28.0, 36.758418726020366], [28.019705, 36.763129], [28.034434, 36.775092], [28.039317, 36.764472], [28.047211, 36.763332], [28.069102, 36.775092], [28.086274, 36.796698], [28.094981, 36.801418], [28.1067, 36.802965], [28.118419, 36.800605], [28.123709, 36.791897], [28.125255, 36.771308], [28.130544, 36.753974], [28.117524, 36.763861], [28.113455, 36.768215], [28.110037, 36.775092], [28.103282, 36.767646], [28.091645, 36.759345], [28.084158, 36.75373], [28.082205, 36.747138], [28.087657, 36.740871], [28.107432, 36.739203], [28.116873, 36.733547], [28.116384, 36.718817], [28.100597, 36.709621], [28.085948, 36.710598], [28.08961, 36.726711], [28.079763, 36.722073], [28.04184, 36.719875], [28.042491, 36.718451], [28.038259, 36.714057], [28.032237, 36.709215], [28.027517, 36.706204], [28.021332, 36.705064], [28.000173, 36.706204], [28.007009, 36.699368], [28.0, 36.69802989504846]], [[28.0, 36.6788393794648], [28.000173, 36.6789], [28.007335, 36.675198], [28.018891, 36.671332], [28.029633, 36.670356], [28.034434, 36.675198], [28.03533, 36.687567], [28.037934, 36.690619], [28.048025, 36.685126], [28.057953, 36.676663], [28.061209, 36.66474], [28.057791, 36.652777], [28.048025, 36.64411], [28.048025, 36.637885], [28.056651, 36.643012], [28.075938, 36.657782], [28.08961, 36.64411], [28.075369, 36.631252], [28.06544, 36.619534], [28.053966, 36.609605], [28.034434, 36.602525], [28.0, 36.602525]], [[28.0, 36.56129621538702], [28.003673, 36.561916], [28.013845, 36.575873], [28.018321, 36.567043], [28.02589, 36.563707], [28.035899, 36.564765], [28.048025, 36.569037], [28.046153, 36.572496], [28.043956, 36.579495], [28.04184, 36.582709], [28.050629, 36.584662], [28.055024, 36.586575], [28.057872, 36.589993], [28.061697, 36.59634], [28.088145, 36.589057], [28.111501, 36.604193], [28.130707, 36.628974], [28.144298, 36.650946], [28.162283, 36.672675], [28.181895, 36.684638], [28.233572, 36.699368], [28.231619, 36.704576], [28.230317, 36.704739], [28.225434, 36.706204], [28.229503, 36.709296], [28.231944, 36.711859], [28.233246, 36.715033], [28.233572, 36.719875], [28.240001, 36.715481], [28.246593, 36.712388], [28.253103, 36.727851], [28.267263, 36.730902], [28.283051, 36.72663], [28.295095, 36.719875], [28.288585, 36.74258], [28.248871, 36.766832], [28.253429, 36.788764], [28.239513, 36.798814], [28.236664, 36.813218], [28.243175, 36.829779], [28.257172, 36.846177], [28.273123, 36.851996], [28.288585, 36.845893], [28.302745, 36.835679], [28.314952, 36.829088], [28.314952, 36.822252], [28.28891, 36.818427], [28.278331, 36.814154], [28.273936, 36.805162], [28.278168, 36.796454], [28.288585, 36.793687], [28.314952, 36.794989], [28.312836, 36.80036], [28.308767, 36.816067], [28.314952, 36.816067], [28.324962, 36.810126], [28.376964, 36.788764], [28.396007, 36.789496], [28.406505, 36.79975], [28.414236, 36.814602], [28.424815, 36.829088], [28.414724, 36.837104], [28.405121, 36.837551], [28.396739, 36.835395], [28.390636, 36.835924], [28.3838, 36.841376], [28.377452, 36.848375], [28.37672, 36.854438], [28.387218, 36.857001], [28.416189, 36.859687], [28.436209, 36.864732], [28.44516, 36.873765], [28.447439, 36.883043], [28.451996, 36.883612], [28.456716, 36.877509], [28.458832, 36.866929], [28.460134, 36.863756], [28.462576, 36.862047], [28.46518, 36.859361], [28.466319, 36.853339], [28.464122, 36.849921], [28.459483, 36.849107], [28.452647, 36.849555], [28.456065, 36.828518], [28.463878, 36.818752], [28.478038, 36.815985], [28.500499, 36.816067], [28.500499, 36.80858], [28.486827, 36.801744], [28.497895, 36.798489], [28.507986, 36.797675], [28.517751, 36.79564], [28.527843, 36.788764], [28.524425, 36.8133], [28.546153, 36.823432], [28.575857, 36.819525], [28.588552, 36.80801], [28.590994, 36.800198], [28.591075, 36.799018], [28.59669, 36.794989], [28.597423, 36.802558], [28.598888, 36.806871], [28.603526, 36.816067], [28.610362, 36.816067], [28.606212, 36.810126], [28.606293, 36.806871], [28.608409, 36.804755], [28.610362, 36.801744], [28.607188, 36.800849], [28.604503, 36.800849], [28.603038, 36.799628], [28.603526, 36.794989], [28.614106, 36.785346], [28.61671, 36.766995], [28.612559, 36.747138], [28.603526, 36.733547], [28.616222, 36.705959], [28.623383, 36.699368], [28.635916, 36.714504], [28.649181, 36.718329], [28.659923, 36.711005], [28.664887, 36.692572], [28.671723, 36.692572], [28.701671, 36.705064], [28.746349, 36.697699], [28.782725, 36.677395], [28.787852, 36.650946], [28.805024, 36.65526], [28.815196, 36.651801], [28.82545, 36.644721], [28.84254, 36.637885], [28.84254, 36.63052], [28.827159, 36.627753], [28.818614, 36.620795], [28.818614, 36.611721], [28.828868, 36.602525], [28.841563, 36.600165], [28.858735, 36.601304], [28.86964, 36.606635], [28.863536, 36.616848], [28.878429, 36.625922], [28.895356, 36.641425], [28.901703, 36.658271], [28.884044, 36.671454], [28.890147, 36.65762], [28.888031, 36.648424], [28.882335, 36.640611], [28.876638, 36.63052], [28.870372, 36.63052], [28.866873, 36.634914], [28.856781, 36.64411], [28.863536, 36.650946], [28.857921, 36.653754], [28.854991, 36.656643], [28.849946, 36.665229], [28.862478, 36.667914], [28.862641, 36.675116], [28.860037, 36.684231], [28.863536, 36.692572], [28.87086, 36.696234], [28.878917, 36.698065], [28.897716, 36.699368], [28.897716, 36.706204], [28.89088, 36.706204], [28.89088, 36.712388], [28.904145, 36.723049], [28.922699, 36.74136], [28.938975, 36.751288], [28.946137, 36.736965], [28.956309, 36.727525], [29.03419, 36.700995], [29.096365, 36.665229], [29.102387, 36.659613], [29.109223, 36.652004], [29.114513, 36.643134], [29.116873, 36.634223], [29.110606, 36.62637], [29.098806, 36.623603], [29.090587, 36.627102], [29.096365, 36.637885], [29.096365, 36.64411], [29.080903, 36.638617], [29.068207, 36.623928], [29.055837, 36.614244], [29.041759, 36.624254], [29.035004, 36.614691], [29.026134, 36.596259], [29.020518, 36.589504], [29.031423, 36.574774], [29.036876, 36.561469], [29.032725, 36.551825], [29.014415, 36.547919], [29.036388, 36.545315], [29.084321, 36.560248], [29.096365, 36.547919], [29.10377, 36.547919], [29.114919, 36.55268], [29.120291, 36.535631], [29.124278, 36.5008], [29.124278, 36.493313], [29.115571, 36.49136], [29.109548, 36.488511], [29.096365, 36.479641], [29.096365, 36.473456], [29.111339, 36.466783], [29.124197, 36.453599], [29.130138, 36.43651], [29.124278, 36.418158], [29.127696, 36.416815], [29.129161, 36.416897], [29.129893, 36.415961], [29.130382, 36.411363], [29.118907, 36.410102], [29.10906, 36.40648], [29.10141, 36.400214], [29.096365, 36.390937], [29.106212, 36.390855], [29.112804, 36.38939], [29.124278, 36.38345], [29.116873, 36.377183], [29.144705, 36.377183], [29.144705, 36.369778], [29.141775, 36.365424], [29.140798, 36.362454], [29.144705, 36.349311], [29.158458, 36.356757], [29.174978, 36.33983], [29.23463, 36.324286], [29.247813, 36.311713], [29.256684, 36.297024], [29.261241, 36.293565], [29.322276, 36.246894], [29.329356, 36.254096], [29.334727, 36.247707], [29.340831, 36.237372], [29.34962, 36.232611], [29.357107, 36.235663], [29.361339, 36.241523], [29.364919, 36.248277], [29.369965, 36.25434], [29.375255, 36.258857], [29.377615, 36.261623], [29.381602, 36.263902], [29.391856, 36.267401], [29.398123, 36.266181], [29.401866, 36.261786], [29.405772, 36.260159], [29.411632, 36.267401], [29.415212, 36.239732], [29.420421, 36.230618], [29.43214, 36.240058], [29.494477, 36.211005], [29.521495, 36.205959], [29.602224, 36.207017], [29.623871, 36.199123], [29.612966, 36.199856], [29.602306, 36.198676], [29.59254, 36.195787], [29.583507, 36.191636], [29.583507, 36.185452], [29.634532, 36.191636], [29.6421, 36.186957], [29.64324, 36.177924], [29.63738, 36.172431], [29.623871, 36.177965], [29.633962, 36.15705], [29.668224, 36.143785], [29.672374, 36.123358], [29.688731, 36.141262], [29.689301, 36.144477], [29.699962, 36.146145], [29.703136, 36.14997], [29.703868, 36.154446], [29.707042, 36.158149], [29.719249, 36.162665], [29.731456, 36.164252], [29.743419, 36.160956], [29.754893, 36.150702], [29.759288, 36.155015], [29.76238, 36.156562], [29.775401, 36.158149], [29.772227, 36.154202], [29.770193, 36.150824], [29.767263, 36.147773], [29.761729, 36.144477], [29.761729, 36.13703], [29.779552, 36.13935], [29.795258, 36.145209], [29.809581, 36.153998], [29.82309, 36.164984], [29.802582, 36.164984], [29.802582, 36.17182], [29.827322, 36.178046], [29.836925, 36.177965], [29.837576, 36.182847], [29.836111, 36.184272], [29.833344, 36.184475], [29.830089, 36.185452], [29.844005, 36.191392], [29.881358, 36.198432], [29.898204, 36.205959], [29.911632, 36.217027], [29.916515, 36.219062], [29.925548, 36.219631], [29.938324, 36.217678], [29.950043, 36.214423], [29.961274, 36.213853], [29.973399, 36.219631], [29.988455, 36.21776], [30.055919, 36.246894], [30.055919, 36.25434], [30.034841, 36.25434], [30.048188, 36.258775], [30.057872, 36.255601], [30.065603, 36.249945], [30.073009, 36.246894], [30.110606, 36.240058], [30.111095, 36.247219], [30.110606, 36.25434], [30.124766, 36.246894], [30.124766, 36.255072], [30.131033, 36.274237], [30.137218, 36.260647], [30.138438, 36.25434], [30.144705, 36.25434], [30.145518, 36.275133], [30.149262, 36.289862], [30.158539, 36.298651], [30.233735, 36.308905], [30.254568, 36.308295], [30.360525, 36.268622], [30.384288, 36.274237], [30.396007, 36.26553], [30.400401, 36.248114], [30.398611, 36.205959], [30.427419, 36.226386], [30.440766, 36.239325], [30.451671, 36.261786], [30.463878, 36.271145], [30.477794, 36.279486], [30.487966, 36.287828], [30.480642, 36.289537], [30.478852, 36.291938], [30.478201, 36.292304], [30.473643, 36.287828], [30.466807, 36.287828], [30.47877, 36.30858], [30.505626, 36.327379], [30.519867, 36.341864], [30.494151, 36.349311], [30.501638, 36.363593], [30.487153, 36.370266], [30.476329, 36.384223], [30.47462, 36.401597], [30.487966, 36.418158], [30.48699, 36.426947], [30.5088, 36.454291], [30.520844, 36.489732], [30.535981, 36.505194], [30.569835, 36.528022], [30.567231, 36.539862], [30.581065, 36.575181], [30.583507, 36.59634], [30.576671, 36.589504], [30.571056, 36.601142], [30.563813, 36.60932], [30.557872, 36.619615], [30.556163, 36.637885], [30.55836, 36.65233], [30.562673, 36.662543], [30.568858, 36.6706], [30.576671, 36.6789], [30.576671, 36.685126], [30.565766, 36.700181], [30.564626, 36.717963], [30.569835, 36.750556], [30.569835, 36.781317], [30.574474, 36.789537], [30.587657, 36.807074], [30.601736, 36.838121], [30.628591, 36.859565], [30.686534, 36.891181], [30.726899, 36.865871], [30.748057, 36.855658], [30.77589, 36.849555], [30.939708, 36.857001], [31.340831, 36.80858], [31.376313, 36.791938], [31.378591, 36.767646], [31.407563, 36.763414], [31.596202, 36.695705], [31.610688, 36.682034], [31.627615, 36.670844], [31.703461, 36.643622], [31.724294, 36.641018], [31.736583, 36.642279], [31.74936, 36.63227], [31.769054, 36.610012], [31.807384, 36.596829], [31.816742, 36.589504], [31.834646, 36.592353], [31.862478, 36.58869], [31.888031, 36.581122], [31.899425, 36.572455], [31.90797, 36.562649], [31.928071, 36.560248], [31.968272, 36.561591], [31.974132, 36.558987], [31.980154, 36.554389], [31.987804, 36.549954], [31.998709, 36.547919], [32.01002, 36.547756], [32.018809, 36.546536], [32.026052, 36.543443], [32.087169, 36.493313], [32.102061, 36.486151], [32.114513, 36.469672], [32.132091, 36.438666], [32.13502, 36.438218], [32.148448, 36.433661], [32.151622, 36.430325], [32.162852, 36.414781], [32.174327, 36.402411], [32.178396, 36.395331], [32.179942, 36.387152], [32.192149, 36.358385], [32.252696, 36.315334], [32.276134, 36.287828], [32.278982, 36.279039], [32.28297, 36.250637], [32.287283, 36.244818], [32.305919, 36.234565], [32.310313, 36.229478], [32.318696, 36.228583], [32.365489, 36.177965], [32.381521, 36.170152], [32.402029, 36.165513], [32.419607, 36.159491], [32.427013, 36.14761], [32.437266, 36.138658], [32.513438, 36.103013], [32.531423, 36.098822], [32.567882, 36.096096], [32.571788, 36.09398], [32.632335, 36.061957], [32.670665, 36.046698], [32.76059, 36.029486], [32.803722, 36.027167], [32.8567, 36.060981], [32.865245, 36.071845], [32.87672, 36.075141], [32.940929, 36.103502], [32.96046, 36.102688], [33.026866, 36.08926], [33.05836, 36.090644], [33.071137, 36.08926], [33.080414, 36.085883], [33.083751, 36.08275], [33.087738, 36.082831], [33.098643, 36.08926], [33.112153, 36.10342], [33.12143, 36.119086], [33.134044, 36.131781], [33.156912, 36.13703], [33.167247, 36.134955], [33.18865, 36.1258], [33.200938, 36.123358], [33.212413, 36.124091], [33.241954, 36.130805], [33.286469, 36.12995], [33.30836, 36.132229], [33.326834, 36.150092], [33.34783, 36.147895], [33.386485, 36.13703], [33.401134, 36.139838], [33.436697, 36.15469], [33.458263, 36.158149], [33.478282, 36.155951], [33.521007, 36.146633], [33.5442, 36.144477], [33.5442, 36.13703], [33.530528, 36.130805], [33.552257, 36.127509], [33.574067, 36.144761], [33.596528, 36.168769], [33.619884, 36.185452], [33.634125, 36.190334], [33.647227, 36.192572], [33.656586, 36.188666], [33.66033, 36.174872], [33.685313, 36.143215], [33.688243, 36.13703], [33.693858, 36.14411], [33.700369, 36.171129], [33.705251, 36.181708], [33.735606, 36.208726], [33.742849, 36.213365], [33.777029, 36.225043], [33.786876, 36.226386], [33.799083, 36.230658], [33.813731, 36.251654], [33.824718, 36.259914], [33.821788, 36.263983], [33.818696, 36.265774], [33.811046, 36.267401], [33.827891, 36.271715], [33.837657, 36.280422], [33.855479, 36.304918], [33.871104, 36.314887], [33.883149, 36.312486], [33.895274, 36.305569], [33.910411, 36.3015], [33.930919, 36.290473], [33.945974, 36.265204], [33.950938, 36.237698], [33.941417, 36.219631], [33.941417, 36.213365], [33.958995, 36.213568], [33.964366, 36.220526], [33.96518, 36.232367], [33.968761, 36.246894], [33.977061, 36.259426], [33.99586, 36.279527], [33.998302, 36.286038], [33.994802, 36.283271], [33.989268, 36.281684], [33.999766, 36.302924], [34.027192, 36.310777], [34.057791, 36.315904], [34.077891, 36.328843], [34.079926, 36.355536], [34.07488, 36.387274], [34.077322, 36.413886], [34.11199, 36.429592], [34.147472, 36.459174], [34.168224, 36.466946], [34.177745, 36.473375], [34.181651, 36.483385], [34.19044, 36.498521], [34.276215, 36.586982], [34.307465, 36.608588], [34.415212, 36.662909], [34.503184, 36.726711], [34.533865, 36.740383], [34.539073, 36.744574], [34.548839, 36.763373], [34.554698, 36.767646], [34.585134, 36.781317], [34.596528, 36.785061], [34.62672, 36.788764], [34.692882, 36.81387], [34.73585, 36.821682], [34.764985, 36.80858], [34.770763, 36.816067], [34.85255, 36.781317], [34.893565, 36.745998], [34.907888, 36.740383], [34.902599, 36.724514], [34.900401, 36.719875], [34.91391, 36.724677], [34.929861, 36.727362], [34.933279, 36.727484], [34.946462, 36.727973], [34.962413, 36.726711], [34.98227, 36.720771], [35.014171, 36.70307], [35.04184, 36.695217], [35.294688, 36.572496], [35.308849, 36.569037], [35.32016, 36.564683], [35.335785, 36.5456], [35.346039, 36.541083], [35.347992, 36.544379], [35.374034, 36.561591], [35.395356, 36.567613], [35.40447, 36.571926], [35.408051, 36.579291], [35.413259, 36.583686], [35.437185, 36.594224], [35.445486, 36.59634], [35.48878, 36.592027], [35.531016, 36.582709], [35.496837, 36.594428], [35.488536, 36.597073], [35.478689, 36.598538], [35.481212, 36.607245], [35.490001, 36.613918], [35.503673, 36.616848], [35.513357, 36.612982], [35.544688, 36.589504], [35.55714, 36.58747], [35.589366, 36.589504], [35.598806, 36.591498], [35.613943, 36.600531], [35.623546, 36.602525], [35.631358, 36.607164], [35.632986, 36.61815], [35.633149, 36.630927], [35.637462, 36.641018], [35.643728, 36.648871], [35.652192, 36.666734], [35.65797, 36.675198], [35.695567, 36.706204], [35.680024, 36.70307], [35.666759, 36.696112], [35.622081, 36.654242], [35.608653, 36.646877], [35.6067, 36.657782], [35.622569, 36.680732], [35.650157, 36.697821], [35.709158, 36.719875], [35.696056, 36.723944], [35.685557, 36.720771], [35.675792, 36.715318], [35.664806, 36.712388], [35.6574, 36.717515], [35.653819, 36.727362], [35.648123, 36.733222], [35.634044, 36.726711], [35.639171, 36.720364], [35.640473, 36.713365], [35.638682, 36.706285], [35.634044, 36.699368], [35.631684, 36.704332], [35.629161, 36.708238], [35.625499, 36.710924], [35.619802, 36.712388], [35.616873, 36.696234], [35.594493, 36.701728], [35.579438, 36.685126], [35.573009, 36.70067], [35.582286, 36.712795], [35.596853, 36.724921], [35.6067, 36.740383], [35.615001, 36.735663], [35.618175, 36.731635], [35.617442, 36.726793], [35.613536, 36.719875], [35.624522, 36.72602], [35.636241, 36.744615], [35.647716, 36.753974], [35.684093, 36.764635], [35.7671, 36.767727], [35.805431, 36.775092], [35.820649, 36.785142], [35.853852, 36.815823], [35.863617, 36.822252], [35.880138, 36.825914], [35.893809, 36.834906], [35.950857, 36.891018], [35.985037, 36.915595], [36.020274, 36.926337], [36.058604, 36.918443], [36.09547, 36.897121], [36.129893, 36.869289], [36.188975, 36.801744], [36.198741, 36.784573], [36.202485, 36.769192], [36.201915, 36.706285], [36.202485, 36.699368], [36.206554, 36.688707], [36.211599, 36.679918], [36.215587, 36.670478], [36.216156, 36.657782], [36.211192, 36.642401], [36.201182, 36.621975], [36.189138, 36.60399], [36.178722, 36.59634], [36.162934, 36.593411], [36.055431, 36.538275], [36.044932, 36.537665], [36.037446, 36.527045], [35.990245, 36.479641], [35.981781, 36.475653], [35.942393, 36.464342], [35.935557, 36.459459], [35.930837, 36.454576], [35.918712, 36.448188], [35.913259, 36.427191], [35.908458, 36.418158], [35.899425, 36.412299], [35.881847, 36.40469], [35.873546, 36.397691], [35.861827, 36.373521], [35.856781, 36.369778], [35.844981, 36.368964], [35.834239, 36.366278], [35.824474, 36.36107], [35.815929, 36.353013], [35.788748, 36.320258], [35.787364, 36.304267], [35.798595, 36.281684], [35.810802, 36.269599], [35.826915, 36.257554], [35.840994, 36.244534], [35.852224, 36.213528], [35.864513, 36.196845], [35.878266, 36.182074], [35.948416, 36.087836], [35.975434, 36.0185], [35.976736, 36.000963], [35.966075, 35.993638], [35.922699, 35.931586], [35.911388, 35.917873], [35.911306, 35.917751], [35.885265, 35.885972], [35.881033, 35.866685], [35.87086, 35.851793], [35.846853, 35.847235], [35.798595, 35.849677], [35.81186, 35.835395], [35.825369, 35.813463], [35.835948, 35.789984], [35.840099, 35.770819], [35.840343, 35.747463], [35.838552, 35.742092], [35.800059, 35.681464], [35.776622, 35.675116], [35.771169, 35.667792], [35.773204, 35.655463], [35.782074, 35.64175], [35.784353, 35.630561], [35.778494, 35.612738], [35.763357, 35.598293], [35.743419, 35.587958], [35.723399, 35.582099], [35.723399, 35.575914], [35.737071, 35.582099], [35.743337, 35.582099], [35.740896, 35.576483], [35.73878, 35.566596], [35.737071, 35.561672], [35.771983, 35.546332], [35.778087, 35.541164], [35.77711, 35.52912], [35.771983, 35.515448], [35.770518, 35.504218], [35.781261, 35.499579], [35.786794, 35.502183], [35.802257, 35.506903], [35.81837, 35.508938], [35.825857, 35.503323], [35.830089, 35.493476], [35.840099, 35.487372], [35.860606, 35.479071], [35.908865, 35.425727], [35.918956, 35.41767], [35.916677, 35.403306], [35.924083, 35.338528], [35.928966, 35.321479], [35.915294, 35.287909], [35.953298, 35.224799], [35.962413, 35.197943], [35.941254, 35.180569], [35.894216, 35.12108], [35.887869, 35.109198], [35.887869, 35.061347], [35.891449, 35.049954], [35.897309, 35.036566], [35.900564, 35.021918], [35.895356, 35.006781], [35.88738, 35.00019], [35.881602, 34.992865], [35.873546, 34.978827], [35.876638, 34.971666], [35.878917, 34.97016], [35.878591, 34.96955], [35.873546, 34.965155], [35.873546, 34.958319], [35.879568, 34.95189], [35.881358, 34.944973], [35.879568, 34.938056], [35.873546, 34.931627], [35.872895, 34.926907], [35.866873, 34.924221], [35.899099, 34.852769], [35.904552, 34.831773], [35.908458, 34.821763], [35.926036, 34.796942], [35.928966, 34.790717], [35.928966, 34.749823], [35.931163, 34.740953], [35.940929, 34.726223], [35.947439, 34.69953], [35.965668, 34.668443], [35.9699, 34.649848], [35.980642, 34.638495], [35.986827, 34.620795], [35.989594, 34.599677], [35.98878, 34.55272], [35.983165, 34.538642], [35.972911, 34.529771], [35.956798, 34.520087], [35.903331, 34.477973], [35.823985, 34.460842], [35.805431, 34.464911], [35.805431, 34.458686], [35.823578, 34.434516], [35.806163, 34.414984], [35.750743, 34.389797], [35.737315, 34.369208], [35.722179, 34.33747], [35.705821, 34.316596], [35.688731, 34.328315], [35.665212, 34.311347], [35.653005, 34.284857], [35.648285, 34.253607], [35.647716, 34.222154], [35.644542, 34.216986], [35.630382, 34.208441], [35.627208, 34.201117], [35.627208, 34.166938], [35.630382, 34.152818], [35.644542, 34.130845], [35.647716, 34.119127], [35.643321, 34.08808], [35.626964, 34.044257], [35.627208, 34.019843], [35.630382, 34.016099], [35.635753, 34.013251], [35.640391, 34.008531], [35.64088, 33.999416], [35.636729, 33.995307], [35.620128, 33.995103], [35.613536, 33.99315], [35.606293, 33.983222], [35.594249, 33.959296], [35.585704, 33.950914], [35.59197, 33.950426], [35.593435, 33.94892], [35.59311, 33.94477], [35.587901, 33.936591], [35.57838, 33.916693], [35.572032, 33.90998], [35.557465, 33.905666], [35.548106, 33.906195], [35.533865, 33.90705], [35.524181, 33.902533], [35.517345, 33.902533], [35.511241, 33.90705], [35.499766, 33.9112], [35.486583, 33.912991], [35.475841, 33.90998], [35.47047, 33.902086], [35.473806, 33.893866], [35.479991, 33.884263], [35.483246, 33.872463], [35.483002, 33.86518], [35.481293, 33.823676], [35.477306, 33.8039], [35.437836, 33.723375], [35.438487, 33.711371], [35.421641, 33.702338], [35.409923, 33.661282], [35.394379, 33.64997], [35.400645, 33.643134], [35.362478, 33.556342], [35.360362, 33.543443], [35.349132, 33.513861], [35.323009, 33.490912], [35.271007, 33.457506], [35.275076, 33.444973], [35.268728, 33.432603], [35.250499, 33.409735], [35.246755, 33.395819], [35.246104, 33.368883], [35.243663, 33.355699], [35.224783, 33.311998], [35.209727, 33.293402], [35.188324, 33.280015], [35.209158, 33.254625], [35.204763, 33.224799], [35.174653, 33.170152], [35.171072, 33.176581], [35.167817, 33.177883], [35.161794, 33.176947], [35.167817, 33.170152], [35.160981, 33.161689], [35.154796, 33.150295], [35.147634, 33.140326], [35.125499, 33.132514], [35.114757, 33.123725], [35.105805, 33.112454], [35.09962, 33.101264], [35.100434, 33.098212], [35.100434, 33.095689], [35.101899, 33.094468], [35.106456, 33.095038], [35.105235, 33.090644], [35.105235, 33.089016], [35.104259, 33.088528], [35.09962, 33.087592], [35.106456, 33.080756], [35.101817, 33.077623], [35.096446, 33.071357], [35.092133, 33.067694], [35.096202, 33.05036], [35.09197, 33.031195], [35.078461, 32.998847], [35.071544, 32.937934], [35.06544, 32.923082], [35.07781, 32.917873], [35.0796, 32.905829], [35.075531, 32.893093], [35.067068, 32.866848], [35.062755, 32.858344], [35.02768, 32.826606], [35.018728, 32.825019], [35.003429, 32.827541], [34.983165, 32.838772], [34.97047, 32.841376], [34.955577, 32.834377], [34.94752, 32.814154], [34.942068, 32.724514], [34.919119, 32.642971], [34.920909, 32.628241], [34.915863, 32.614895], [34.909841, 32.570258], [34.904145, 32.560614], [34.87322, 32.430325]]]}}, {"type": "Feature", "properties": {"featurecla": "Coastline", "scalerank": 0, "min_zoom": 0}, "geometry": {"type": "MultiLineString", "coordinates": [[[49.478676825561315, 40.0], [49.479747, 39.998969], [49.483897, 39.988674], [49.478282, 39.982327], [49.468272, 39.977362], [49.450694, 39.96483], [49.442882, 39.961859], [49.435395, 39.957668], [49.428233, 39.947455], [49.423676, 39.935492], [49.423106, 39.9265], [49.428233, 39.90644], [49.439708, 39.884996], [49.443126, 39.873358], [49.438487, 39.861762], [49.429698, 39.854315], [49.422048, 39.849433], [49.416515, 39.843736], [49.414561, 39.834174], [49.416352, 39.828599], [49.419688, 39.82331], [49.422374, 39.817328], [49.421397, 39.810248], [49.417166, 39.805854], [49.40089, 39.796617], [49.394786, 39.782457], [49.395193, 39.77619], [49.40089, 39.769273], [49.396332, 39.756171], [49.402029, 39.742499], [49.424815, 39.718085], [49.423595, 39.70954], [49.409841, 39.701361], [49.383962, 39.690131], [49.358735, 39.666571], [49.33725, 39.64643], [49.318044, 39.621405], [49.319021, 39.604193], [49.307384, 39.587592], [49.29713, 39.565579], [49.289236, 39.542385], [49.284923, 39.522203], [49.285818, 39.495185], [49.295746, 39.476711], [49.388845, 39.410793], [49.40089, 39.399359], [49.408946, 39.38642], [49.408051, 39.382025], [49.403575, 39.378485], [49.397309, 39.34516], [49.398692, 39.33515], [49.407074, 39.323676], [49.394786, 39.328681], [49.38559, 39.334947], [49.378673, 39.342475], [49.373057, 39.350979], [49.366873, 39.350979], [49.370616, 39.336168], [49.37908, 39.31981], [49.391368, 39.305487], [49.407074, 39.296942], [49.407074, 39.289496], [49.384532, 39.293687], [49.370372, 39.305854], [49.357677, 39.320136], [49.306407, 39.346503], [49.273123, 39.336575], [49.247325, 39.310696], [49.237071, 39.278957], [49.237804, 39.169501], [49.234304, 39.156358], [49.229666, 39.138658], [49.215587, 39.10635], [49.210785, 39.090766], [49.207856, 39.055406], [49.203298, 39.034125], [49.193858, 39.016343], [49.118826, 38.975328], [49.079275, 38.963324], [49.051524, 38.981024], [49.054698, 38.992743], [49.054373, 39.0008], [49.055837, 39.007514], [49.065196, 39.015123], [49.110118, 39.021959], [49.125499, 39.028144], [49.138682, 39.043443], [49.146821, 39.063422], [49.147716, 39.083441], [49.136404, 39.102281], [49.116384, 39.110297], [49.068614, 39.111396], [49.068614, 39.120307], [49.062755, 39.161322], [49.05893, 39.172797], [49.041189, 39.184394], [49.022227, 39.188218], [48.979503, 39.187079], [48.967621, 39.183824], [48.961762, 39.175849], [48.957856, 39.165676], [48.949555, 39.151272], [48.948741, 39.146186], [48.949067, 39.135321], [48.946951, 39.127509], [48.942149, 39.125393], [48.937266, 39.125434], [48.934825, 39.124416], [48.932953, 39.077704], [48.936371, 39.053127], [48.952647, 39.031643], [48.948578, 39.007229], [48.921723, 38.935452], [48.918224, 38.928941], [48.898692, 38.893052], [48.896251, 38.890733], [48.867931, 38.863837], [48.831798, 38.871161], [48.83253, 38.835639], [48.834727, 38.819281], [48.839203, 38.803534], [48.863129, 38.756659], [48.8685, 38.602484], [48.874278, 38.434231], [48.874278, 38.434068], [48.877208, 38.346177], [48.865896, 38.316881], [48.872895, 38.295559], [48.874848, 38.242743], [48.893728, 38.205797], [48.907725, 38.083482], [48.949067, 37.966864], [48.941173, 37.94774], [48.940196, 37.924994], [48.944509, 37.903388], [48.952159, 37.888007], [48.987478, 37.842475], [48.987804, 37.832099], [48.984711, 37.823188], [48.983165, 37.815985], [48.993663, 37.77676], [49.014496, 37.739163], [49.065196, 37.67886], [49.132498, 37.623358], [49.205577, 37.581692], [49.366873, 37.51496], [49.441742, 37.494859], [49.826182, 37.453559], [49.867442, 37.458564], [49.901541, 37.469713], [49.933767, 37.474433], [49.969493, 37.459703], [49.959972, 37.458482], [49.948904, 37.460924], [49.943126, 37.461615], [49.935313, 37.453559], [50.018728, 37.42772], [50.148774, 37.403876], [50.195649, 37.38935], [50.227306, 37.365424], [50.223318, 37.329332], [50.232107, 37.315416], [50.245128, 37.279283], [50.254242, 37.264838], [50.268728, 37.246894], [50.292247, 37.192816], [50.322276, 37.153266], [50.357188, 37.126532], [50.429454, 37.082953], [50.478852, 37.03498], [50.493988, 37.027737], [50.513438, 37.023261], [50.624034, 36.963284], [50.644786, 36.959418], [50.658702, 36.954332], [50.688243, 36.928697], [50.703136, 36.918443], [50.86085, 36.849555], [51.004731, 36.767646], [51.088634, 36.737006], [51.367849, 36.692572], [51.546072, 36.650946], [51.730968, 36.624254], [51.909028, 36.582709], [52.094086, 36.602525], [52.258556, 36.650946], [52.430512, 36.685126], [52.608653, 36.712388], [52.779307, 36.740383], [52.950531, 36.781317], [53.115733, 36.822252], [53.447602, 36.881903], [53.492361, 36.887885], [53.885916, 36.905829], [53.957774, 36.919623], [54.006521, 36.952623], [54.004242, 36.914618], [53.947602, 36.898749], [53.876475, 36.891669], [53.83074, 36.880276], [53.818207, 36.87523], [53.803884, 36.877021], [53.77711, 36.883734], [53.762055, 36.881822], [53.734386, 36.873236], [53.719005, 36.870673], [53.660411, 36.876899], [53.609141, 36.876899], [53.616954, 36.865668], [53.631033, 36.861965], [53.663829, 36.863227], [53.643891, 36.857815], [53.635997, 36.857001], [53.660167, 36.831204], [53.70102, 36.816596], [53.856456, 36.805487], [53.872081, 36.798407], [53.889171, 36.793606], [54.014334, 36.821112], [54.026215, 36.829088], [54.033051, 36.845771], [54.033539, 36.949123], [54.028087, 36.966213], [54.013357, 36.97309], [53.994395, 36.979153], [53.997244, 36.99372], [54.02003, 37.027737], [53.996267, 37.057318], [53.980317, 37.094062], [53.958018, 37.178534], [53.927745, 37.243801], [53.923188, 37.258002], [53.913748, 37.34276], [53.913748, 37.343004], [53.899669, 37.468411], [53.889822, 37.508124], [53.871104, 37.547797], [53.865245, 37.567288], [53.860606, 37.611314], [53.82488, 37.744859], [53.80714, 38.031968], [53.810313, 38.048407], [53.823985, 38.081529], [53.834158, 38.130276], [53.858897, 38.206488], [53.854991, 38.23371], [53.866466, 38.265082], [53.868175, 38.30801], [53.863048, 38.381415], [53.861501, 38.38935], [53.85255, 38.403306], [53.848155, 38.412502], [53.845551, 38.422309], [53.843435, 38.442694], [53.828298, 38.503567], [53.826996, 38.525458], [53.836111, 38.606147], [53.847423, 38.646308], [53.863048, 38.679389], [53.909841, 38.737698], [53.926931, 38.773668], [53.917003, 38.803534], [53.931977, 38.813056], [53.939789, 38.831041], [53.945567, 38.851304], [53.9546, 38.867743], [53.965587, 38.881903], [53.97755, 38.90176], [53.982758, 38.916002], [53.972911, 38.913398], [53.971365, 38.934272], [53.958018, 38.944525], [53.923188, 38.954332], [53.922862, 38.956041], [53.918793, 38.964789], [53.917003, 38.967353], [53.912283, 38.969672], [53.89975, 38.972846], [53.896658, 38.974189], [53.891775, 38.980536], [53.887218, 38.988593], [53.884044, 38.998114], [53.882335, 39.008979], [53.870942, 39.028388], [53.859711, 39.035224], [53.820811, 39.036282], [53.796641, 39.041653], [53.787364, 39.042467], [53.776866, 39.03913], [53.772146, 39.033108], [53.767263, 39.030992], [53.756358, 39.039374], [53.747813, 39.054429], [53.728038, 39.101386], [53.721853, 39.111396], [53.712169, 39.104315], [53.71518, 39.088568], [53.724132, 39.072089], [53.732107, 39.062934], [53.732107, 39.056708], [53.715994, 39.063422], [53.701508, 39.078518], [53.694672, 39.097113], [53.705333, 39.124213], [53.697276, 39.142483], [53.698009, 39.15233], [53.703949, 39.158637], [53.732107, 39.172797], [53.702403, 39.175116], [53.702159, 39.196234], [53.72462, 39.241685], [53.703949, 39.232733], [53.67628, 39.216213], [53.660004, 39.200385], [53.674083, 39.193305], [53.683767, 39.083441], [53.67213, 39.098578], [53.647309, 39.123969], [53.635997, 39.138658], [53.631358, 39.156643], [53.630219, 39.176744], [53.623383, 39.191636], [53.601736, 39.193305], [53.606944, 39.205878], [53.610362, 39.22191], [53.608572, 39.235785], [53.598318, 39.241685], [53.592784, 39.235053], [53.576671, 39.203437], [53.567638, 39.193305], [53.563975, 39.216702], [53.568696, 39.246324], [53.588145, 39.303168], [53.560802, 39.28266], [53.577322, 39.316718], [53.581309, 39.330471], [53.574555, 39.327867], [53.553966, 39.323676], [53.564952, 39.34516], [53.562022, 39.353339], [53.549815, 39.348334], [53.533458, 39.330471], [53.526134, 39.337877], [53.514822, 39.332709], [53.471446, 39.330471], [53.452485, 39.318061], [53.44337, 39.318793], [53.444102, 39.337877], [53.437266, 39.337877], [53.429698, 39.327867], [53.418793, 39.318061], [53.405121, 39.311265], [53.389415, 39.310614], [53.394298, 39.317043], [53.403168, 39.337877], [53.396169, 39.338202], [53.382009, 39.337104], [53.375173, 39.337877], [53.37379, 39.336656], [53.365489, 39.33161], [53.361583, 39.330471], [53.358572, 39.332709], [53.351573, 39.342231], [53.347911, 39.344143], [53.334646, 39.340522], [53.309093, 39.330756], [53.293305, 39.330471], [53.293305, 39.337877], [53.29949, 39.34516], [53.296886, 39.349066], [53.288259, 39.350653], [53.276134, 39.350979], [53.264659, 39.352851], [53.249522, 39.361802], [53.238617, 39.364651], [53.218516, 39.363837], [53.170177, 39.352484], [53.149913, 39.344143], [53.185883, 39.326361], [53.197765, 39.323676], [53.179535, 39.301256], [53.173025, 39.288316], [53.170258, 39.272162], [53.17213, 39.255439], [53.184093, 39.213813], [53.181488, 39.189358], [53.171886, 39.177476], [53.161469, 39.179592], [53.136892, 39.321438], [53.130544, 39.333482], [53.088715, 39.383246], [53.085216, 39.400458], [53.094737, 39.419867], [53.104015, 39.429348], [53.132823, 39.450588], [53.137462, 39.459947], [53.14088, 39.472642], [53.145356, 39.483954], [53.165538, 39.496731], [53.178233, 39.515692], [53.21461, 39.593492], [53.24171, 39.636298], [53.27589, 39.664862], [53.313731, 39.65884], [53.292735, 39.649848], [53.277354, 39.639228], [53.248546, 39.607896], [53.244395, 39.599677], [53.235199, 39.570705], [53.232432, 39.567532], [53.211274, 39.550198], [53.21697, 39.525051], [53.25408, 39.521186], [53.363536, 39.538072], [53.426768, 39.535956], [53.446788, 39.530585], [53.458751, 39.517808], [53.46754, 39.502346], [53.478282, 39.488715], [53.492198, 39.48078], [53.509125, 39.476508], [53.550548, 39.474514], [53.567882, 39.467719], [53.577159, 39.467841], [53.581309, 39.477932], [53.580577, 39.487982], [53.577403, 39.495266], [53.5713, 39.499823], [53.560802, 39.501776], [53.573741, 39.527289], [53.586111, 39.523871], [53.599457, 39.507758], [53.615408, 39.49494], [53.634451, 39.495307], [53.663585, 39.51732], [53.683767, 39.522203], [53.692882, 39.519477], [53.715994, 39.509263], [53.72462, 39.508612], [53.736176, 39.51789], [53.733165, 39.527981], [53.722504, 39.537055], [53.711599, 39.543402], [53.689301, 39.550442], [53.647146, 39.558254], [53.629161, 39.570705], [53.645274, 39.574897], [53.654633, 39.582099], [53.655528, 39.592922], [53.646495, 39.607896], [53.633067, 39.618313], [53.61964, 39.62051], [53.571625, 39.6164], [53.568207, 39.622626], [53.567638, 39.642401], [53.564464, 39.652655], [53.556488, 39.664496], [53.545665, 39.674872], [53.533458, 39.680487], [53.539724, 39.646308], [53.539724, 39.632148], [53.533458, 39.632148], [53.497081, 39.676459], [53.471039, 39.696357], [53.444102, 39.701077], [53.447765, 39.695258], [53.457774, 39.673082], [53.451671, 39.676663], [53.435883, 39.683336], [53.429861, 39.686713], [53.430431, 39.667711], [53.449229, 39.648586], [53.450938, 39.632148], [53.416759, 39.64997], [53.412852, 39.685696], [53.429861, 39.762519], [53.418224, 39.757392], [53.405772, 39.755805], [53.393403, 39.757514], [53.382009, 39.762519], [53.382009, 39.769273], [53.415212, 39.78205], [53.46754, 39.83869], [53.499278, 39.865546], [53.493826, 39.870673], [53.488292, 39.881049], [53.485037, 39.885403], [53.493826, 39.88935], [53.502696, 39.891547], [53.522716, 39.892808], [53.53712, 39.896308], [53.536957, 39.903754], [53.530772, 39.910712], [53.526134, 39.912665], [53.537283, 39.924872], [53.552745, 39.936225], [53.567068, 39.94953], [53.574474, 39.967922], [53.569102, 39.965562], [53.566417, 39.96483], [53.56422, 39.963935], [53.560802, 39.961086], [53.54363, 39.974311], [53.528819, 39.976955], [53.491873, 39.974758], [53.474946, 39.979234], [53.451996, 39.99551], [53.442761470538954, 40.0]], [[53.37881852847818, 40.0], [53.368907, 39.995266], [53.326834, 39.958686], [53.310313, 39.953599], [53.305675, 39.951483], [53.29005, 39.942084], [53.282725, 39.940009], [53.274913, 39.942084], [53.257091, 39.951483], [53.248546, 39.953599], [53.237559, 39.95775], [53.172374, 39.997463], [53.155284, 39.992377], [53.140391, 39.981024], [53.125743, 39.974758], [53.053559, 39.967922], [53.059255, 39.977037], [53.065115, 39.984036], [53.072439, 39.989814], [53.081716, 39.995266], [53.012462, 39.978013], [52.974864, 39.974311], [52.943696, 39.981594], [52.93361942742208, 40.0]], [[52.8958705452741, 40.0], [52.895844, 39.998277], [52.903087, 39.984931], [52.919932, 39.964545], [52.923595, 39.952582], [52.930186, 39.895941], [52.936046, 39.8876], [52.964529, 39.858222], [52.974864, 39.851874], [53.012543, 39.797268], [53.043712, 39.774644], [53.053559, 39.769273], [53.053559, 39.762519], [53.00587, 39.782945], [53.019379, 39.775336], [53.046886, 39.748236], [53.04005, 39.742011], [53.008067, 39.766343], [52.994884, 39.780219], [52.966319, 39.832953], [52.952647, 39.846503], [52.917166, 39.858344], [52.905284, 39.874579], [52.898448, 39.895494], [52.892833, 39.934231], [52.884125, 39.944892], [52.79488040835688, 40.0]]]}}, {"type": "Feature", "properties": {"featurecla": "Coastline", "scalerank": 6, "min_zoom": 6}, "geometry": {"type": "LineString", "coordinates": [[33.375987, 31.189521], [33.35255, 31.194892], [33.301117, 31.215888], [33.269786, 31.216783], [33.298676, 31.212795], [33.454356, 31.15469], [33.475922, 31.14175], [33.432953, 31.172065], [33.406016, 31.184475], [33.375987, 31.189521]]}}, {"type": "Feature", "properties": {"featurecla": "Coastline", "scalerank": 6, "min_zoom": 6}, "geometry": {"type": "LineString", "coordinates": [[33.078624, 31.227118], [33.066905, 31.217434], [33.014822, 31.196723], [33.001475, 31.1883], [32.989106, 31.182074], [32.969737, 31.173041], [32.946462, 31.163275], [32.934744, 31.147935], [32.955903, 31.163153], [33.076427, 31.218736], [33.10255, 31.226752], [33.118988, 31.223619], [33.153087, 31.231757], [33.182872, 31.228013], [33.212576, 31.224311], [33.2435, 31.219306], [33.256114, 31.219306], [33.262462, 31.223619], [33.104747, 31.240302], [33.078624, 31.227118]]}}, {"type": "Feature", "properties": {"featurecla": "Coastline", "scalerank": 1, "min_zoom": 1}, "geometry": {"type": "LineString", "coordinates": [[34.5442, 35.678371], [34.36148, 35.608309], [34.319672, 35.586168], [34.26779, 35.572256], [34.210385, 35.559146], [34.181651, 35.554185], [34.13119, 35.511347], [34.07629, 35.494323], [34.035622, 35.471383], [33.887938, 35.423906], [33.834646, 35.40998], [33.783508, 35.416718], [33.742849, 35.397773], [33.66033, 35.35932], [33.427501, 35.328925], [33.28061, 35.342475], [33.262462, 35.349351], [33.14008, 35.362159], [33.069796, 35.358724], [33.006114, 35.369859], [32.985362, 35.374579], [32.944347, 35.394517], [32.920421, 35.397773], [32.93214, 35.366278], [32.936046, 35.336615], [32.934744, 35.270575], [32.929373, 35.232978], [32.914724, 35.200832], [32.892589, 35.175035], [32.865245, 35.156968], [32.82838, 35.148586], [32.801443, 35.157131], [32.776378, 35.170844], [32.745372, 35.178046], [32.711436, 35.181627], [32.69158, 35.183702], [32.659841, 35.187079], [32.650401, 35.188056], [32.640717, 35.187079], [32.619395, 35.184882], [32.601899, 35.178616], [32.584809, 35.172512], [32.574718, 35.1706], [32.568207, 35.17178], [32.566498, 35.172716], [32.55893, 35.176907], [32.553966, 35.178046], [32.548188, 35.175971], [32.545421, 35.17121], [32.543468, 35.16649], [32.527599, 35.15705], [32.516856, 35.140204], [32.501964, 35.109198], [32.479666, 35.082953], [32.449962, 35.058824], [32.413829, 35.043036], [32.372325, 35.04149], [32.353363, 35.047919], [32.336681, 35.058743], [32.306895, 35.085598], [32.286632, 35.097154], [32.275157, 35.091051], [32.271739, 35.072821], [32.276134, 35.047756], [32.28419, 35.032375], [32.305919, 35.00141], [32.310313, 34.982571], [32.310313, 34.960761], [32.312185, 34.950263], [32.331391, 34.924221], [32.322765, 34.911363], [32.323416, 34.898424], [32.329438, 34.88642], [32.337657, 34.87641], [32.34669, 34.868598], [32.367931, 34.857001], [32.379161, 34.849066], [32.402354, 34.796454], [32.403005, 34.787055], [32.407074, 34.782416], [32.413341, 34.753485], [32.419119, 34.747992], [32.458995, 34.721869], [32.475841, 34.713202], [32.493337, 34.707261], [32.535818, 34.703559], [32.556651, 34.699368], [32.575043, 34.692816], [32.626231, 34.66649], [32.665782, 34.652167], [32.707367, 34.645413], [32.749197, 34.649848], [32.760671, 34.653225], [32.812836, 34.668647], [32.834321, 34.670966], [32.857432, 34.669013], [32.913585, 34.656684], [32.915863, 34.63939], [32.944672, 34.593695], [32.940929, 34.574774], [32.940929, 34.568549], [33.030284, 34.568549], [33.030284, 34.574774], [33.009125, 34.597398], [33.009939, 34.624905], [33.015636, 34.634426], [33.02589, 34.651313], [33.072276, 34.686754], [33.086436, 34.69481], [33.101899, 34.698228], [33.173595, 34.705146], [33.245616, 34.698228], [33.260102, 34.700507], [33.272553, 34.707343], [33.281586, 34.712348], [33.29656, 34.718166], [33.37086, 34.730862], [33.399181, 34.745307], [33.400157, 34.773383], [33.415212, 34.75845], [33.43865, 34.762763], [33.467621, 34.774319], [33.499522, 34.780829], [33.513194, 34.785468], [33.525157, 34.795966], [33.535492, 34.807522], [33.5442, 34.815009], [33.556977, 34.817776], [33.59018, 34.818061], [33.605642, 34.821763], [33.610037, 34.82746], [33.616954, 34.845282], [33.623057, 34.849066], [33.632579, 34.852484], [33.63502, 34.860745], [33.632986, 34.879828], [33.634776, 34.89765], [33.639822, 34.915676], [33.646658, 34.931952], [33.654063, 34.944729], [33.680349, 34.966295], [33.701508, 34.972886], [33.717296, 34.977769], [33.760427, 34.979682], [33.780935, 34.976345], [33.78183, 34.976223], [33.80421, 34.972602], [33.819672, 34.964748], [33.847423, 34.94245], [33.862315, 34.937893], [33.874522, 34.94123], [33.8838, 34.949123], [33.891856, 34.958157], [33.899913, 34.965155], [33.910167, 34.97016], [33.957286, 34.98192], [34.011567, 34.987616], [34.023448, 34.982571], [34.034516, 34.97248], [34.059418, 34.96662], [34.085216, 34.964342], [34.099132, 34.965155], [34.087087, 34.97191], [34.073416, 34.988105], [34.062185, 35.005683], [34.051036, 35.033026], [34.035899, 35.047187], [34.021983, 35.056993], [34.012299, 35.063788], [33.978689, 35.08747], [33.966807, 35.100084], [33.961925, 35.112616], [33.953624, 35.122626], [33.913748, 35.156236], [33.899913, 35.164455], [33.9074, 35.242906], [33.91212, 35.259996], [33.923595, 35.278551], [33.951671, 35.31151], [33.971365, 35.321275], [33.994884, 35.319281], [34.019786, 35.314358], [34.043793, 35.315253], [34.05893, 35.324123], [34.068207, 35.337714], [34.08546, 35.369859], [34.10906, 35.394273], [34.137706, 35.415107], [34.352306, 35.520697], [34.441417, 35.583645], [34.537283, 35.633979], [34.542328, 35.637274], [34.56544, 35.641181], [34.572765, 35.643541], [34.57545, 35.650133], [34.578868, 35.678371], [34.581309, 35.68122], [34.583669, 35.684963], [34.587087, 35.688707], [34.59254, 35.691962], [34.578461, 35.689765], [34.5442, 35.678371]]}}, {"type": "Feature", "properties": {"featurecla": "Coastline", "scalerank": 3, "min_zoom": 2}, "geometry": {"type": "MultiLineString", "coordinates": [[[28.239757, 36.432522], [28.239757, 36.438666], [28.23113, 36.449774], [28.222423, 36.456], [28.213878, 36.455471], [28.18393, 36.424465], [28.118419, 36.42768], [28.085785, 36.414781], [28.070811, 36.405341], [28.0, 36.374506367439864]], [[28.0, 36.063926627067474], [28.016938, 36.068996], [28.037608, 36.068427], [28.08961, 36.055121], [28.080089, 36.071357], [28.075938, 36.075588], [28.083751, 36.081936], [28.089854, 36.088284], [28.093761, 36.095282], [28.096446, 36.103502], [28.086681, 36.105129], [28.078787, 36.107408], [28.070811, 36.111029], [28.061697, 36.116523], [28.085785, 36.164984], [28.095225, 36.167873], [28.099132, 36.174465], [28.100922, 36.181383], [28.103282, 36.185452], [28.110037, 36.186591], [28.127696, 36.186469], [28.130544, 36.185452], [28.135916, 36.195217], [28.148448, 36.22606], [28.154552, 36.232611], [28.163422, 36.237698], [28.168468, 36.249823], [28.170909, 36.277981], [28.175466, 36.290432], [28.197439, 36.311957], [28.205089, 36.322659], [28.211192, 36.357652], [28.215831, 36.363593], [28.236339, 36.373033], [28.225841, 36.417955], [28.239757, 36.432522]]]}}, {"type": "Feature", "properties": {"featurecla": "Coastline", "scalerank": 0, "min_zoom": 3}, "geometry": {"type": "LineString", "coordinates": [[53.029959, 39.061347], [53.040294, 39.081], [53.057628, 39.094428], [53.081716, 39.097724], [53.086599, 39.091295], [53.087901, 39.088121], [53.087901, 39.083441], [53.058849, 39.067084], [53.053966, 39.026801], [53.067393, 38.946845], [53.079438, 38.863471], [53.102061, 38.781724], [53.097992, 38.769232], [53.098399, 38.763902], [53.102061, 38.755072], [53.094737, 38.755072], [53.092133, 38.778795], [53.062999, 38.864691], [53.046886, 38.891669], [53.040212, 38.906684], [53.038422, 38.916938], [53.04005, 38.943427], [53.037852, 38.97016], [53.028575, 39.016303], [53.026378, 39.039374], [53.029959, 39.061347]]}}, {"type": "Feature", "properties": {"featurecla": "Coastline", "scalerank": 0, "min_zoom": 0}, "geometry": {"type": "LineString", "coordinates": [[53.468516, 39.584947], [53.479991, 39.593329], [53.491873, 39.597968], [53.498302, 39.59101], [53.503754, 39.586127], [53.508637, 39.585517], [53.51295, 39.591213], [53.517345, 39.569403], [53.519298, 39.56387], [53.539724, 39.539618], [53.534434, 39.527655], [53.521983, 39.516099], [53.506196, 39.508612], [53.491873, 39.508612], [53.486583, 39.516343], [53.475271, 39.548082], [53.468272, 39.560452], [53.462901, 39.573798], [53.468516, 39.584947]]}}, {"type": "Feature", "properties": {"featurecla": "Coastline", "scalerank": 6, "min_zoom": 6}, "geometry": {"type": "LineString", "coordinates": [[53.248326, 12.121302], [53.263076, 12.114869], [53.277495, 12.113829], [53.310267, 12.111444], [53.308239, 12.118395], [53.298066, 12.121873], [53.286884, 12.127337], [53.268071, 12.128832], [53.248326, 12.121302]]}}, {"type": "Feature", "properties": {"featurecla": "Coastline", "scalerank": 6, "min_zoom": 6}, "geometry": {"type": "LineString", "coordinates": [[53.053068, 12.17492], [53.03855, 12.180333], [53.02746, 12.179648], [53.01705, 12.175576], [53.003953, 12.176942], [52.98872, 12.172198], [52.985265, 12.162727], [53.006703, 12.156644], [53.026774, 12.139742], [53.05659, 12.128251], [53.071829, 12.130283], [53.086378, 12.134344], [53.087074, 12.148555], [53.082918, 12.164794], [53.068366, 12.17494], [53.053068, 12.17492]]}}, {"type": "Feature", "properties": {"featurecla": "Coastline", "scalerank": 6, "min_zoom": 5}, "geometry": {"type": "LineString", "coordinates": [[52.289199, 12.200815], [52.246114, 12.202371], [52.216804, 12.207335], [52.200434, 12.206443], [52.178876, 12.213943], [52.147777, 12.234898], [52.118435, 12.241549], [52.094086, 12.241767], [52.078763, 12.239737], [52.064118, 12.235473], [52.068487, 12.222008], [52.101817, 12.207017], [52.105805, 12.203803], [52.112315, 12.198635], [52.123753, 12.201978], [52.136691, 12.204541], [52.156993, 12.196234], [52.162364, 12.197414], [52.164561, 12.192532], [52.175792, 12.176337], [52.179861, 12.172838], [52.190684, 12.174628], [52.211762, 12.180894], [52.21811, 12.180609], [52.224376, 12.180325], [52.235034, 12.165283], [52.24023, 12.156877], [52.284679, 12.154486], [52.330577, 12.146186], [52.347904, 12.151296], [52.359981, 12.153854], [52.388464, 12.148868], [52.37894, 12.165691], [52.371129, 12.171565], [52.381482, 12.182545], [52.394705, 12.187323], [52.389578, 12.197252], [52.389496, 12.197252], [52.374685, 12.200588], [52.319374, 12.188264], [52.289199, 12.200815]]}}, {"type": "Feature", "properties": {"featurecla": "Coastline", "scalerank": 6, "min_zoom": 6}, "geometry": {"type": "LineString", "coordinates": [[43.428966, 12.673774], [43.406423, 12.673041], [43.397634, 12.670803], [43.390147, 12.666327], [43.392751, 12.653062], [43.39975, 12.649848], [43.411388, 12.652655], [43.417166, 12.646715], [43.428884, 12.63467], [43.435802, 12.632148], [43.447439, 12.638658], [43.448985, 12.652981], [43.443858, 12.663804], [43.442231, 12.667222], [43.428966, 12.673774]]}}, {"type": "Feature", "properties": {"featurecla": "Coastline", "scalerank": 5, "min_zoom": 2}, "geometry": {"type": "LineString", "coordinates": [[54.470662, 12.543566], [54.421909, 12.574028], [54.400775, 12.580404], [54.360145, 12.602689], [54.319468, 12.610994], [54.284854, 12.626249], [54.269341, 12.632119], [54.26002, 12.647528], [54.237315, 12.652045], [54.218761, 12.652655], [54.210704, 12.661689], [54.200531, 12.673], [54.195491, 12.6754], [54.18346, 12.668444], [54.16789, 12.664995], [54.146511, 12.677861], [54.132246, 12.688366], [54.119395, 12.701117], [54.093028, 12.698879], [54.082166, 12.6862], [54.058259, 12.671163], [54.045131, 12.666556], [54.008097, 12.645744], [53.973541, 12.646988], [53.940184, 12.642426], [53.922427, 12.650655], [53.903391, 12.653031], [53.875995, 12.647294], [53.866401, 12.622933], [53.846104, 12.598605], [53.808065, 12.607996], [53.762894, 12.619703], [53.694009, 12.669779], [53.654755, 12.704758], [53.629935, 12.702304], [53.606198, 12.699985], [53.573762, 12.703772], [53.518946, 12.714351], [53.499869, 12.712065], [53.490327, 12.701621], [53.479578, 12.686535], [53.470077, 12.671424], [53.428024, 12.66539], [53.410738, 12.662136], [53.396027, 12.656468], [53.403168, 12.598049], [53.399587, 12.587592], [53.391124, 12.569648], [53.389415, 12.560777], [53.384532, 12.557318], [53.363002, 12.544913], [53.342494, 12.542609], [53.315684, 12.550279], [53.306895, 12.543402], [53.309744, 12.537665], [53.334239, 12.51553], [53.437875, 12.451956], [53.479375, 12.42517], [53.505626, 12.416327], [53.519542, 12.393541], [53.535981, 12.373765], [53.552, 12.354383], [53.572147, 12.334614], [53.618265, 12.322706], [53.672924, 12.306342], [53.731165, 12.300414], [53.776352, 12.304969], [53.896471, 12.327908], [53.939281, 12.334757], [53.969981, 12.341864], [53.985688, 12.337144], [53.985932, 12.337144], [54.008244, 12.329857], [54.030886, 12.348361], [54.047546, 12.352962], [54.064229, 12.350548], [54.110711, 12.353811], [54.140498, 12.351344], [54.154959, 12.359809], [54.183849, 12.382514], [54.209727, 12.393785], [54.218761, 12.3994], [54.237478, 12.425198], [54.245942, 12.433539], [54.283337, 12.447291], [54.328169, 12.443457], [54.368661, 12.459569], [54.40234, 12.467224], [54.444684, 12.484721], [54.446654, 12.51115], [54.457423, 12.519228], [54.476524, 12.522613], [54.498038, 12.529472], [54.527927, 12.537446], [54.540294, 12.550238], [54.526833, 12.557214], [54.516092, 12.558434], [54.496932, 12.546914], [54.470662, 12.543566]]}}, {"type": "Feature", "properties": {"featurecla": "Coastline", "scalerank": 5, "min_zoom": 4}, "geometry": {"type": "LineString", "coordinates": [[42.719249, 13.742621], [42.693533, 13.699205], [42.685802, 13.678534], [42.685802, 13.678453], [42.68629, 13.675971], [42.688487, 13.663764], [42.688569, 13.663804], [42.743907, 13.688422], [42.75408, 13.697903], [42.761485, 13.719306], [42.79184, 13.750718], [42.794932, 13.769924], [42.782563, 13.779934], [42.761729, 13.772162], [42.719249, 13.742621]]}}, {"type": "Feature", "properties": {"featurecla": "Coastline", "scalerank": 5, "min_zoom": 4}, "geometry": {"type": "LineString", "coordinates": [[42.760265, 14.064683], [42.743988, 14.060126], [42.721039, 14.045966], [42.700857, 14.028266], [42.691905, 14.01317], [42.699229, 13.992255], [42.700694, 13.987942], [42.712494, 13.977444], [42.721528, 13.969387], [42.746593, 13.956529], [42.767589, 13.948676], [42.767589, 13.948635], [42.75408, 13.920722], [42.781749, 13.919989], [42.788585, 13.926703], [42.786632, 13.943996], [42.786632, 13.944037], [42.788097, 13.975328], [42.801606, 14.012274], [42.801768, 14.023139], [42.795746, 14.037177], [42.767589, 14.071519], [42.760265, 14.064683]]}}, {"type": "Feature", "properties": {"featurecla": "Coastline", "scalerank": 5, "min_zoom": 2}, "geometry": {"type": "LineString", "coordinates": [[40.386404, 15.641262], [40.373546, 15.644355], [40.352712, 15.658026], [40.338552, 15.661119], [40.329926, 15.664252], [40.326915, 15.67182], [40.32545, 15.680854], [40.321544, 15.688422], [40.315115, 15.693427], [40.311453, 15.695258], [40.307628, 15.697211], [40.298595, 15.700019], [40.287364, 15.702094], [40.266938, 15.703518], [40.244477, 15.702094], [40.226573, 15.696479], [40.219086, 15.68537], [40.219168, 15.685329], [40.227794, 15.674018], [40.248057, 15.668118], [40.261567, 15.663235], [40.253184, 15.661119], [40.247406, 15.655015], [40.232107, 15.627021], [40.173595, 15.643622], [40.163829, 15.644355], [40.160167, 15.652411], [40.142426, 15.681464], [40.141287, 15.684109], [40.135916, 15.695868], [40.133067, 15.711168], [40.138927, 15.792222], [40.138764, 15.793321], [40.136485, 15.80622], [40.125987, 15.811916], [40.125987, 15.811957], [40.115408, 15.809027], [40.116222, 15.802558], [40.121104, 15.795803], [40.122813, 15.792141], [40.114594, 15.787787], [40.105154, 15.784247], [40.095714, 15.784613], [40.088145, 15.792141], [40.09018, 15.803127], [40.100597, 15.814154], [40.105561, 15.82864], [40.105642, 15.828681], [40.101003, 15.835639], [40.091563, 15.84984], [40.084809, 15.854315], [40.062673, 15.868842], [40.026215, 15.882636], [39.987478, 15.891059], [39.950938, 15.893948], [39.95102, 15.893866], [39.963145, 15.877102], [39.974376, 15.871772], [40.009288, 15.87401], [40.009369, 15.873969], [40.019379, 15.868109], [40.030772, 15.854315], [40.037446, 15.838446], [40.037446, 15.838406], [40.033458, 15.826239], [40.032156, 15.826321], [40.021251, 15.827053], [39.994965, 15.824693], [39.975271, 15.815375], [39.975271, 15.815334], [39.97641, 15.811957], [39.981944, 15.795233], [39.993907, 15.777899], [39.990001, 15.769924], [39.976736, 15.770982], [39.970551, 15.774848], [39.946788, 15.789862], [39.933767, 15.788235], [39.924978, 15.777045], [39.923595, 15.75731], [39.930431, 15.739569], [39.942149, 15.736396], [39.975108, 15.743069], [40.0088, 15.736558], [40.038585, 15.71898], [40.062999, 15.692857], [40.081309, 15.661119], [40.039317, 15.648098], [40.026703, 15.647488], [40.026622, 15.647447], [40.015391, 15.651923], [40.001475, 15.659613], [39.988292, 15.6647], [39.978852, 15.661119], [39.971528, 15.661119], [39.971446, 15.661119], [39.969005, 15.670396], [39.967296, 15.673733], [39.965099, 15.677924], [39.958995, 15.683905], [39.950938, 15.688422], [39.956879, 15.69538], [39.956716, 15.69595], [39.95574, 15.699693], [39.948741, 15.70185], [39.937348, 15.702094], [39.963878, 15.626288], [39.970388, 15.617662], [39.978852, 15.606513], [39.979015, 15.606513], [40.001475, 15.611274], [40.015147, 15.608588], [40.020356, 15.607571], [40.060802, 15.592231], [40.085297, 15.587633], [40.102224, 15.589057], [40.11378, 15.597561], [40.122813, 15.613959], [40.122895, 15.613878], [40.127045, 15.610338], [40.129405, 15.608303], [40.133393, 15.603258], [40.139334, 15.595852], [40.143321, 15.592231], [40.148774, 15.591254], [40.158702, 15.589545], [40.208263, 15.599677], [40.23113, 15.596422], [40.265961, 15.579983], [40.287364, 15.572984], [40.308116, 15.57453], [40.356619, 15.586168], [40.365896, 15.584133], [40.372895, 15.582587], [40.393565, 15.572496], [40.393891, 15.572333], [40.408051, 15.580024], [40.414236, 15.598293], [40.406261, 15.638129], [40.401134, 15.640774], [40.386404, 15.641262]]}}, {"type": "Feature", "properties": {"featurecla": "Coastline", "scalerank": 5, "min_zoom": 2}, "geometry": {"type": "LineString", "coordinates": [[42.186438, 16.705528], [42.147694, 16.721273], [42.141165, 16.740596], [42.116547, 16.744167], [42.118494, 16.754916], [42.105267, 16.775577], [42.104076, 16.792283], [42.076508, 16.808661], [42.068533, 16.811754], [42.062185, 16.814195], [42.047862, 16.812079], [42.041352, 16.802314], [42.033865, 16.77383], [42.021739, 16.755805], [42.036488, 16.733744], [42.064606, 16.728382], [42.03499, 16.715773], [42.022921, 16.715867], [42.02302, 16.727427], [42.011048, 16.73908], [41.9936, 16.737931], [41.973427, 16.731661], [41.953321, 16.733098], [41.941391, 16.751169], [41.905143, 16.747581], [41.898467, 16.751484], [41.881137, 16.765738], [41.863292, 16.785142], [41.863916, 16.796687], [41.86006, 16.821122], [41.849424, 16.83533], [41.828084, 16.858608], [41.789218, 16.875586], [41.777182, 16.884666], [41.771857, 16.892414], [41.757085, 16.896372], [41.755614, 16.878387], [41.764899, 16.859044], [41.77956, 16.840952], [41.780772, 16.819322], [41.778168, 16.81269], [41.790089, 16.810037], [41.807561, 16.80992], [41.824941, 16.798237], [41.831421, 16.767354], [41.843368, 16.74672], [41.867396, 16.728569], [41.894087, 16.710394], [41.916863, 16.705099], [41.932834, 16.690845], [41.955457, 16.670115], [41.975532, 16.663553], [41.991694, 16.672419], [42.01056, 16.682557], [42.030721, 16.687541], [42.060242, 16.689878], [42.085753, 16.693525], [42.111114, 16.68047], [42.117633, 16.659855], [42.101428, 16.647138], [42.07317, 16.635801], [42.083815, 16.626718], [42.105253, 16.625257], [42.127975, 16.617357], [42.155836, 16.584977], [42.178559, 16.583482], [42.178233, 16.58511], [42.188199, 16.605264], [42.179085, 16.634912], [42.176556, 16.651644], [42.183461, 16.673434], [42.186307, 16.691396], [42.186438, 16.705528]]}}, {"type": "Feature", "properties": {"featurecla": "Coastline", "scalerank": 5, "min_zoom": 2}, "geometry": {"type": "LineString", "coordinates": [[41.918893, 16.791155], [41.936323, 16.788456], [41.97247, 16.77791], [42.001845, 16.760987], [42.001958, 16.772556], [41.995442, 16.797002], [41.976573, 16.804999], [41.962657, 16.813137], [41.938162, 16.821357], [41.932302, 16.838365], [41.944102, 16.853013], [41.985181, 16.853596], [41.975963, 16.875505], [41.943802, 16.883459], [41.939919, 16.901473], [41.945468, 16.923272], [41.94516, 16.942288], [41.939057, 16.968817], [41.938162, 16.972886], [41.921153, 16.992011], [41.895681, 17.001899], [41.863292, 17.00495], [41.86085, 17.013617], [41.85141, 17.009914], [41.843761, 17.001899], [41.843761, 17.001858], [41.846202, 16.997463], [41.858572, 16.996405], [41.881114, 16.991685], [41.894054, 16.990668], [41.907481, 16.984809], [41.920909, 16.978949], [41.928477, 16.954901], [41.923106, 16.935085], [41.923106, 16.935045], [41.921235, 16.935207], [41.910981, 16.936021], [41.90089, 16.918362], [41.88795, 16.907782], [41.870372, 16.902655], [41.846202, 16.901272], [41.834972, 16.89175], [41.834972, 16.891669], [41.84303, 16.880347], [41.864313, 16.851927], [41.889595, 16.820912], [41.904223, 16.802821], [41.918893, 16.791155]]}}, {"type": "Feature", "properties": {"featurecla": "Coastline", "scalerank": 6, "min_zoom": 6}, "geometry": {"type": "LineString", "coordinates": [[55.836192, 17.490912], [55.836274, 17.490953], [55.845714, 17.49608], [55.875824, 17.495917], [55.890798, 17.504543], [55.89088, 17.504584], [55.883067, 17.507148], [55.862966, 17.518866], [55.848806, 17.515286], [55.837087, 17.510077], [55.831716, 17.502346], [55.831716, 17.502265], [55.832449, 17.500393], [55.836192, 17.490912]]}}, {"type": "Feature", "properties": {"featurecla": "Coastline", "scalerank": 6, "min_zoom": 5}, "geometry": {"type": "LineString", "coordinates": [[56.0, 17.53841551738653], [55.990571, 17.535386], [55.964203, 17.519924], [55.97283, 17.498358], [55.986827, 17.492906], [56.0, 17.492312677915567]]}}, {"type": "Feature", "properties": {"featurecla": "Coastline", "scalerank": 6, "min_zoom": 6}, "geometry": {"type": "LineString", "coordinates": [[37.26531, 20.855048], [37.250824, 20.834662], [37.243419, 20.804023], [37.243419, 20.803982], [37.244151, 20.77265], [37.254405, 20.749823], [37.264496, 20.749986], [37.271821, 20.766099], [37.283539, 20.83275], [37.279145, 20.845649], [37.275645, 20.848049], [37.26531, 20.855048]]}}, {"type": "Feature", "properties": {"featurecla": "Coastline", "scalerank": 5, "min_zoom": 3}, "geometry": {"type": "LineString", "coordinates": [[53.656993, 24.158393], [53.684255, 24.156724], [53.694184, 24.153632], [53.694347, 24.153591], [53.711599, 24.144721], [53.741466, 24.13349], [53.774669, 24.130113], [53.807302, 24.135972], [53.834483, 24.152167], [53.826996, 24.158393], [53.837413, 24.177436], [53.849376, 24.174221], [53.857107, 24.161444], [53.854991, 24.152167], [53.884613, 24.141181], [53.920421, 24.139838], [53.95102, 24.149726], [53.964854, 24.172593], [53.9546, 24.200995], [53.93393, 24.208645], [53.926606, 24.211371], [53.892345, 24.217841], [53.888601, 24.219957], [53.863048, 24.234687], [53.858409, 24.239203], [53.848155, 24.254543], [53.848155, 24.254584], [53.852306, 24.259752], [53.853526, 24.262681], [53.848155, 24.275051], [53.83961, 24.26435], [53.828624, 24.25845], [53.801036, 24.247748], [53.77711, 24.229885], [53.770274, 24.22724], [53.765147, 24.228258], [53.76295, 24.228705], [53.748302, 24.234442], [53.738943, 24.234687], [53.727143, 24.231147], [53.72283, 24.229885], [53.715831, 24.225694], [53.710216, 24.222317], [53.691173, 24.206732], [53.680675, 24.20185], [53.656098, 24.193508], [53.656098, 24.193427], [53.654633, 24.192613], [53.643321, 24.186265], [53.627778, 24.171942], [53.628184, 24.164211], [53.639496, 24.160468], [53.656993, 24.158393]]}}, {"type": "Feature", "properties": {"featurecla": "Coastline", "scalerank": 6, "min_zoom": 5}, "geometry": {"type": "LineString", "coordinates": [[54.190766, 24.22724], [54.198822, 24.253079], [54.198904, 24.253119], [54.188324, 24.277493], [54.175873, 24.290147], [54.150401, 24.315985], [54.1421, 24.322699], [54.136974, 24.32689], [54.115245, 24.318508], [54.101573, 24.297756], [54.101573, 24.297675], [54.112559, 24.271674], [54.134125, 24.260403], [54.159353, 24.253811], [54.180837, 24.245063], [54.190766, 24.22724]]}}, {"type": "Feature", "properties": {"featurecla": "Coastline", "scalerank": 5, "min_zoom": 4}, "geometry": {"type": "LineString", "coordinates": [[52.574474, 24.34394], [52.558239, 24.326813], [52.556104, 24.306946], [52.568139, 24.283127], [52.579065, 24.266259], [52.592154, 24.253368], [52.608653, 24.268256], [52.627208, 24.283596], [52.648774, 24.309516], [52.650855, 24.324899], [52.645375, 24.350719], [52.634461, 24.3666], [52.611095, 24.373236], [52.587169, 24.3605], [52.574474, 24.34394]]}}, {"type": "Feature", "properties": {"featurecla": "Coastline", "scalerank": 5, "min_zoom": 3}, "geometry": {"type": "LineString", "coordinates": [[53.322759, 24.262691], [53.331542, 24.277546], [53.331589, 24.288463], [53.345793, 24.298335], [53.369773, 24.301218], [53.38834, 24.312057], [53.427632, 24.328759], [53.44044, 24.341254], [53.447032, 24.379828], [53.446788, 24.37995], [53.423595, 24.39175], [53.42213, 24.397162], [53.417654, 24.40705], [53.416759, 24.412828], [53.399099, 24.401435], [53.361583, 24.350775], [53.361583, 24.350735], [53.367686, 24.340888], [53.368907, 24.330146], [53.36671, 24.319241], [53.357849, 24.315161], [53.348065, 24.320162], [53.338327, 24.33608], [53.329607, 24.336115], [53.311046, 24.328246], [53.278087, 24.316148], [53.272716, 24.312567], [53.267589, 24.308254], [53.241873, 24.297797], [53.231781, 24.295559], [53.194347, 24.302965], [53.191254, 24.30036], [53.187673, 24.294257], [53.184581, 24.287014], [53.184093, 24.281236], [53.186534, 24.275946], [53.189138, 24.275865], [53.192719, 24.277004], [53.213838, 24.280926], [53.228001, 24.278897], [53.266142, 24.27381], [53.276008, 24.288666], [53.294504, 24.279667], [53.308666, 24.278623], [53.322759, 24.262691]]}}, {"type": "Feature", "properties": {"featurecla": "Coastline", "scalerank": 5, "min_zoom": 4}, "geometry": {"type": "LineString", "coordinates": [[54.382579, 24.439521], [54.430431, 24.425238], [54.456716, 24.420803], [54.470551, 24.425035], [54.469737, 24.436469], [54.451427, 24.453192], [54.414317, 24.470608], [54.396658, 24.483466], [54.389415, 24.501573], [54.389415, 24.501614], [54.396251, 24.52265], [54.396251, 24.522691], [54.389415, 24.522691], [54.375336, 24.503607], [54.334809, 24.46898], [54.334809, 24.46894], [54.334809, 24.453192], [54.382579, 24.439521]]}}, {"type": "Feature", "properties": {"featurecla": "Coastline", "scalerank": 5, "min_zoom": 3}, "geometry": {"type": "LineString", "coordinates": [[50.551606, 26.194241], [50.565603, 26.198879], [50.594086, 26.195299], [50.603526, 26.197659], [50.609141, 26.208279], [50.609141, 26.208319], [50.606944, 26.212388], [50.604747, 26.216498], [50.597423, 26.225531], [50.593272, 26.238593], [50.586681, 26.242499], [50.545502, 26.227769], [50.545421, 26.227729], [50.5324, 26.2331], [50.516368, 26.239691], [50.503917, 26.242011], [50.482595, 26.24254], [50.481619, 26.24254], [50.481456, 26.24258], [50.468516, 26.236884], [50.461192, 26.225246], [50.449555, 26.177965], [50.448904, 26.161607], [50.452973, 26.149563], [50.469981, 26.122626], [50.485199, 26.085639], [50.490896, 26.048041], [50.490896, 26.048], [50.485444, 26.033433], [50.479991, 26.018866], [50.46046, 25.985297], [50.46046, 25.985256], [50.467784, 25.957587], [50.511404, 25.913031], [50.531423, 25.88524], [50.547211, 25.852932], [50.558604, 25.81977], [50.565278, 25.789537], [50.56544, 25.7897], [50.594493, 25.832709], [50.603526, 25.85456], [50.618419, 25.964748], [50.620616, 26.052965], [50.614757, 26.111151], [50.634926, 26.115694], [50.635507, 26.134382], [50.64566, 26.14575], [50.632779, 26.146823], [50.626339, 26.170438], [50.619898, 26.185466], [50.604871, 26.174732], [50.594737, 26.160305], [50.551606, 26.194241]]}}, {"type": "Feature", "properties": {"featurecla": "Coastline", "scalerank": 6, "min_zoom": 6}, "geometry": {"type": "LineString", "coordinates": [[54.526378, 26.309638], [54.516449, 26.319403], [54.506847, 26.321234], [54.498383, 26.317369], [54.492198, 26.309638], [54.488129, 26.298082], [54.488129, 26.298041], [54.488536, 26.288723], [54.490896, 26.278713], [54.492198, 26.26557], [54.497569, 26.259711], [54.509288, 26.254218], [54.521007, 26.250963], [54.526378, 26.251939], [54.547374, 26.290432], [54.543712, 26.297349], [54.53891, 26.30272], [54.533214, 26.306789], [54.526378, 26.309638]]}}, {"type": "Feature", "properties": {"featurecla": "Coastline", "scalerank": 6, "min_zoom": 5}, "geometry": {"type": "LineString", "coordinates": [[54.036876, 26.48843], [54.048025, 26.493842], [54.050141, 26.499823], [54.052419, 26.505805], [54.051362, 26.51203], [54.050466, 26.517768], [54.047944, 26.519761], [54.043712, 26.523179], [54.036632, 26.526679], [54.036469, 26.52676], [54.035574, 26.533718], [54.035411, 26.534817], [54.035411, 26.534857], [54.035818, 26.543891], [54.035818, 26.544013], [54.034923, 26.546129], [54.033051, 26.550442], [54.033051, 26.550482], [54.018809, 26.555569], [53.9817, 26.558905], [53.964854, 26.564114], [53.945486, 26.56509], [53.927582, 26.560126], [53.912852, 26.550198], [53.902843, 26.5362], [53.923106, 26.506537], [53.955414, 26.49258], [53.963064, 26.492174], [54.036876, 26.48843]]}}, {"type": "Feature", "properties": {"featurecla": "Coastline", "scalerank": 6, "min_zoom": 5}, "geometry": {"type": "LineString", "coordinates": [[53.317149, 26.799994], [53.329112, 26.802558], [53.367524, 26.799628], [53.382009, 26.803127], [53.37379, 26.809801], [53.360688, 26.820502], [53.337413, 26.828681], [53.262462, 26.833645], [53.178071, 26.856879], [53.168468, 26.85635], [53.160492, 26.853705], [53.153331, 26.8522], [53.149425, 26.847886], [53.158458, 26.838568], [53.189789, 26.815172], [53.203136, 26.80744], [53.205251, 26.80622], [53.22283, 26.799547], [53.279796, 26.790676], [53.299083, 26.790717], [53.317149, 26.799994]]}}, {"type": "Feature", "properties": {"featurecla": "Coastline", "scalerank": 5, "min_zoom": 2}, "geometry": {"type": "LineString", "coordinates": [[56.0, 26.951974623680893], [55.935557, 26.914781], [55.897716, 26.906806], [55.757986, 26.954047], [55.732595, 26.940904], [55.739431, 26.932929], [55.756114, 26.921332], [55.773204, 26.906724], [55.781016, 26.889635], [55.785655, 26.844957], [55.782074, 26.826158], [55.766775, 26.810533], [55.771169, 26.803656], [55.774181, 26.796942], [55.764496, 26.793891], [55.754161, 26.786078], [55.746837, 26.783271], [55.736827, 26.782416], [55.716075, 26.783922], [55.705821, 26.783271], [55.640391, 26.760565], [55.620453, 26.74608], [55.574229, 26.720689], [55.574067, 26.720649], [55.570486, 26.719387], [55.557872, 26.714993], [55.538422, 26.712958], [55.404796, 26.674018], [55.35198, 26.647488], [55.351899, 26.647447], [55.348969, 26.64822], [55.342784, 26.649807], [55.331879, 26.645331], [55.284679, 26.660224], [55.273774, 26.649807], [55.284028, 26.618801], [55.289236, 26.613593], [55.287364, 26.602281], [55.28061, 26.584662], [55.285411, 26.559963], [55.290538, 26.548489], [55.294119, 26.546291], [55.29835, 26.543647], [55.298432, 26.543647], [55.307628, 26.544908], [55.319835, 26.548285], [55.33074, 26.553616], [55.335297, 26.560452], [55.33961, 26.568996], [55.349783, 26.568996], [55.361095, 26.565619], [55.366547, 26.564602], [55.369477, 26.564114], [55.369558, 26.564114], [55.378754, 26.567288], [55.397309, 26.577826], [55.441173, 26.588609], [55.50294, 26.594875], [55.520518, 26.603258], [55.554454, 26.625637], [55.610362, 26.646918], [55.664236, 26.681545], [55.685557, 26.690497], [55.705821, 26.694525], [55.751313, 26.688544], [55.772716, 26.688381], [55.79127, 26.697903], [55.809825, 26.712063], [55.876638, 26.742906], [55.902192, 26.72484], [55.924001, 26.705024], [55.947032, 26.696275], [55.97641, 26.711575], [56.0, 26.73194811648218]]}}, {"type": "Feature", "properties": {"featurecla": "Coastline", "scalerank": 6, "min_zoom": 5}, "geometry": {"type": "LineString", "coordinates": [[49.56544, 27.351752], [49.551036, 27.360053], [49.542491, 27.363715], [49.531261, 27.365465], [49.501231, 27.360541], [49.472179, 27.342027], [49.453624, 27.316392], [49.456228, 27.290351], [49.463878, 27.306627], [49.474946, 27.322333], [49.487559, 27.334133], [49.500255, 27.338772], [49.509613, 27.340888], [49.520274, 27.344631], [49.531261, 27.346177], [49.541515, 27.341864], [49.545502, 27.338324], [49.549815, 27.334459], [49.554047, 27.328315], [49.554047, 27.328274], [49.551443, 27.322821], [49.538097, 27.317694], [49.538097, 27.311469], [49.538259, 27.311428], [49.54363, 27.309272], [49.551768, 27.304023], [49.556407, 27.304836], [49.557465, 27.305487], [49.56544, 27.297797], [49.577647, 27.308295], [49.591807, 27.316799], [49.60727, 27.322455], [49.62379, 27.324449], [49.640391, 27.32099], [49.655121, 27.314602], [49.670421, 27.311428], [49.688813, 27.317694], [49.638438, 27.330634], [49.585134, 27.344306], [49.56544, 27.351752]]}}, {"type": "Feature", "properties": {"featurecla": "Coastline", "scalerank": 6, "min_zoom": 6}, "geometry": {"type": "LineString", "coordinates": [[50.305817, 29.271275], [50.295001, 29.275218], [50.283267, 29.268939], [50.290466, 29.257138], [50.296748, 29.237473], [50.30663, 29.215446], [50.316531, 29.207572], [50.326427, 29.20893], [50.333018, 29.224026], [50.330111, 29.241368], [50.334651, 29.258661], [50.323841, 29.264177], [50.305817, 29.271275]]}}, {"type": "Feature", "properties": {"featurecla": "Coastline", "scalerank": 6, "min_zoom": 5}, "geometry": {"type": "LineString", "coordinates": [[48.338227, 29.462795], [48.298513, 29.473131], [48.281098, 29.471096], [48.27003, 29.455959], [48.27003, 29.455878], [48.269242, 29.429685], [48.290404, 29.430649], [48.316867, 29.427013], [48.335927, 29.420593], [48.363482, 29.399436], [48.373014, 29.393919], [48.382541, 29.392089], [48.397356, 29.387497], [48.399464, 29.397639], [48.389008, 29.424872], [48.381114, 29.433987], [48.37322, 29.443061], [48.361664, 29.451606], [48.353852, 29.457424], [48.338227, 29.462795]]}}, {"type": "Feature", "properties": {"featurecla": "Coastline", "scalerank": 5, "min_zoom": 2}, "geometry": {"type": "LineString", "coordinates": [[48.352712, 29.709784], [48.359548, 29.754462], [48.344493, 29.790595], [48.188731, 29.983547], [48.175792, 29.991889], [48.16212, 29.995673], [48.14796, 29.99494], [48.133556, 29.989691], [48.12086, 29.981391], [48.11671, 29.974066], [48.120291, 29.971422], [48.122732, 29.969672], [48.140391, 29.969875], [48.140391, 29.969794], [48.139415, 29.962836], [48.139415, 29.962795], [48.140391, 29.952216], [48.142833, 29.941718], [48.147227, 29.935126], [48.156749, 29.931138], [48.169932, 29.936469], [48.181326, 29.935126], [48.181407, 29.935085], [48.197439, 29.92536], [48.193696, 29.916449], [48.178884, 29.908515], [48.160818, 29.901557], [48.166515, 29.885932], [48.158702, 29.879218], [48.144867, 29.878323], [48.133556, 29.879869], [48.109223, 29.893622], [48.095063, 29.894721], [48.085134, 29.879869], [48.085297, 29.87991], [48.0949, 29.880316], [48.103282, 29.879136], [48.119151, 29.873603], [48.113292, 29.839097], [48.109548, 29.833319], [48.098481, 29.830715], [48.076834, 29.817572], [48.065196, 29.812201], [48.046072, 29.800482], [48.046072, 29.800442], [48.053722, 29.790025], [48.073741, 29.77969], [48.079275, 29.773912], [48.085134, 29.767808], [48.12672, 29.702338], [48.161632, 29.629706], [48.185802, 29.603949], [48.222341, 29.600531], [48.229015, 29.599921], [48.266287, 29.615953], [48.303071, 29.645209], [48.333832, 29.679267], [48.352712, 29.709784]]}}, {"type": "Feature", "properties": {"featurecla": "Coastline", "scalerank": 6, "min_zoom": 6}, "geometry": {"type": "LineString", "coordinates": [[48.078868, 30.004055], [48.10613, 30.017646], [48.109223, 30.027981], [48.093842, 30.029283], [48.093761, 30.029283], [48.054698, 30.024482], [48.04363, 30.019029], [48.023123, 29.995185], [48.009288, 29.986884], [48.010753, 29.980455], [48.016287, 29.9737], [48.023692, 29.969875], [48.031098, 29.971015], [48.05836, 29.983547], [48.062755, 29.987454], [48.072439, 29.998725], [48.078868, 30.004055]]}}, {"type": "Feature", "properties": {"featurecla": "Coastline", "scalerank": 6, "min_zoom": 6}, "geometry": {"type": "LineString", "coordinates": [[54.266368, 24.294501], [54.257335, 24.287746], [54.247813, 24.283189], [54.239268, 24.281195], [54.228282, 24.281399], [54.222179, 24.284491], [54.205089, 24.302924], [54.192393, 24.311103], [54.183116, 24.315009], [54.179454, 24.321438], [54.184581, 24.337063], [54.191905, 24.346177], [54.203787, 24.353746], [54.218028, 24.357978], [54.232432, 24.357571], [54.241222, 24.340766], [54.25115, 24.326565], [54.273448, 24.302924], [54.266368, 24.294501]]}}, {"type": "Feature", "properties": {"featurecla": "Coastline", "scalerank": 5, "min_zoom": 4}, "geometry": {"type": "LineString", "coordinates": [[42.635997, 15.445543], [42.631033, 15.45425], [42.623871, 15.457343], [42.601899, 15.446275], [42.597504, 15.439154], [42.593435, 15.430732], [42.583751, 15.422797], [42.570974, 15.410102], [42.55893, 15.392971], [42.556163, 15.341457], [42.545909, 15.316962], [42.545746, 15.29442], [42.557384, 15.277574], [42.56837, 15.268866], [42.582205, 15.268215], [42.593923, 15.278713], [42.614106, 15.308051], [42.615245, 15.314032], [42.609386, 15.312201], [42.608409, 15.314032], [42.613292, 15.318549], [42.615489, 15.326361], [42.613455, 15.334703], [42.616222, 15.34809], [42.628103, 15.386461], [42.628184, 15.398668], [42.6185, 15.400092], [42.605642, 15.393012], [42.59254, 15.389472], [42.581554, 15.391588], [42.584727, 15.396633], [42.598969, 15.403632], [42.608084, 15.410386], [42.61199, 15.416571], [42.611501, 15.421291], [42.607188, 15.422919], [42.610362, 15.429389], [42.635997, 15.445543]]}}, {"type": "Feature", "properties": {"featurecla": "Coastline", "scalerank": 5, "min_zoom": 4}, "geometry": {"type": "LineString", "coordinates": [[40.095388, 16.047349], [40.11199, 16.052883], [40.118826, 16.061998], [40.111013, 16.073961], [40.092947, 16.081732], [40.083018, 16.08397], [40.075694, 16.08808], [40.050466, 16.107245], [40.043224, 16.103095], [40.041352, 16.092108], [40.041759, 16.08161], [40.043793, 16.071845], [40.047211, 16.063463], [40.038341, 16.057929], [40.01588, 16.056138], [39.99822, 16.049628], [39.990245, 16.034247], [39.990001, 16.017727], [40.000011, 16.007758], [40.042979, 16.003404], [40.067393, 15.990465], [40.09669, 15.981024], [40.114513, 15.985907], [40.10963, 15.995103], [40.099376, 16.002102], [40.092296, 16.008775], [40.083669, 16.013332], [40.077403, 16.019029], [40.080577, 16.034166], [40.095388, 16.047349]]}}, {"type": "Feature", "properties": {"featurecla": "Coastline", "scalerank": 6, "min_zoom": 6}, "geometry": {"type": "LineString", "coordinates": [[54.325857, 24.373033], [54.304861, 24.385932], [54.292003, 24.384508], [54.295177, 24.37523], [54.309906, 24.36518], [54.312673, 24.359849], [54.311371, 24.355292], [54.306895, 24.357245], [54.297211, 24.36286], [54.286143, 24.365546], [54.279063, 24.364447], [54.281586, 24.357489], [54.30893, 24.31387], [54.32545, 24.321275], [54.336111, 24.350328], [54.335297, 24.364], [54.325857, 24.373033]]}}, {"type": "Feature", "properties": {"featurecla": "Coastline", "scalerank": 6, "min_zoom": 6}, "geometry": {"type": "LineString", "coordinates": [[52.309744, 24.539496], [52.298621, 24.533317], [52.291028, 24.521364], [52.282338, 24.510402], [52.283214, 24.497016], [52.289561, 24.491604], [52.294444, 24.489], [52.299653, 24.482896], [52.314228, 24.475651], [52.326224, 24.480646], [52.339238, 24.501552], [52.332565, 24.525414], [52.309744, 24.539496]]}}, {"type": "Feature", "properties": {"featurecla": "Coastline", "scalerank": 6, "min_zoom": 6}, "geometry": {"type": "LineString", "coordinates": [[37.026866, 25.419623], [37.021739, 25.452786], [37.017589, 25.457709], [37.015391, 25.450588], [37.008962, 25.449856], [36.999278, 25.469428], [36.987478, 25.47602], [36.973643, 25.477851], [36.961436, 25.477769], [36.951834, 25.467515], [36.944347, 25.448798], [36.946544, 25.441881], [36.95753, 25.448961], [36.966563, 25.448961], [36.971446, 25.435289], [36.978282, 25.426947], [36.990571, 25.430121], [37.000255, 25.429185], [36.998546, 25.422431], [37.003591, 25.411526], [37.023285, 25.399848], [37.031261, 25.398749], [37.027192, 25.405178], [37.028087, 25.409329], [37.035655, 25.408189], [37.04005, 25.40644], [37.042328, 25.407375], [37.037364, 25.411811], [37.026866, 25.419623]]}}, {"type": "Feature", "properties": {"featurecla": "Coastline", "scalerank": 5, "min_zoom": 3}, "geometry": {"type": "LineString", "coordinates": [[36.942149, 25.418362], [36.928477, 25.409125], [36.91627, 25.396877], [36.904307, 25.39411], [36.896332, 25.405951], [36.899425, 25.41885], [36.920258, 25.419582], [36.915701, 25.426703], [36.906423, 25.431627], [36.893891, 25.432929], [36.877126, 25.436957], [36.842052, 25.450751], [36.823741, 25.459866], [36.815196, 25.465888], [36.796886, 25.486558], [36.78712, 25.494086], [36.776541, 25.496405], [36.776134, 25.489163], [36.787608, 25.474433], [36.797211, 25.464504], [36.799083, 25.458686], [36.797048, 25.45661], [36.795095, 25.456977], [36.795095, 25.453274], [36.798676, 25.447414], [36.80128, 25.444892], [36.841482, 25.405951], [36.859711, 25.39289], [36.878673, 25.373725], [36.89975, 25.361029], [36.914806, 25.370917], [36.924815, 25.389106], [36.935395, 25.39997], [36.943126, 25.405504], [36.961436, 25.414496], [36.958344, 25.419013], [36.942149, 25.418362]]}}, {"type": "Feature", "properties": {"featurecla": "Coastline", "scalerank": 6, "min_zoom": 6}, "geometry": {"type": "LineString", "coordinates": [[36.849376, 25.533026], [36.855479, 25.536689], [36.866059, 25.545885], [36.866547, 25.557522], [36.855642, 25.568305], [36.841319, 25.570014], [36.828949, 25.561347], [36.826996, 25.547187], [36.839854, 25.535834], [36.849376, 25.533026]]}}, {"type": "Feature", "properties": {"featurecla": "Coastline", "scalerank": 5, "min_zoom": 3}, "geometry": {"type": "LineString", "coordinates": [[36.790212, 25.49787], [36.800629, 25.488471], [36.809744, 25.485785], [36.816173, 25.488267], [36.82545, 25.484117], [36.83074, 25.47309], [36.834809, 25.466742], [36.845063, 25.464423], [36.858409, 25.456855], [36.87379, 25.44595], [36.879161, 25.443345], [36.87794, 25.447699], [36.881847, 25.450751], [36.883311, 25.454332], [36.874522, 25.463324], [36.839041, 25.489936], [36.816661, 25.502387], [36.801036, 25.507636], [36.785818, 25.516018], [36.78061, 25.527737], [36.775076, 25.535386], [36.725597, 25.565172], [36.706798, 25.571234], [36.691254, 25.567206], [36.681407, 25.553453], [36.681163, 25.544135], [36.688813, 25.546373], [36.693207, 25.550198], [36.701345, 25.554674], [36.719249, 25.55565], [36.734386, 25.546617], [36.742931, 25.535875], [36.743988, 25.53144], [36.739919, 25.532701], [36.742524, 25.529202], [36.756521, 25.527004], [36.765391, 25.524237], [36.765961, 25.514228], [36.771332, 25.507066], [36.77589, 25.50552], [36.78061, 25.504381], [36.790212, 25.49787]]}}, {"type": "Feature", "properties": {"featurecla": "Coastline", "scalerank": 6, "min_zoom": 6}, "geometry": {"type": "LineString", "coordinates": [[36.900727, 25.549302], [36.905447, 25.53913], [36.911957, 25.53498], [36.923188, 25.519436], [36.927582, 25.52851], [36.920421, 25.555121], [36.913585, 25.569159], [36.915863, 25.56802], [36.916515, 25.571438], [36.91391, 25.578803], [36.91505, 25.580552], [36.921153, 25.576239], [36.925792, 25.576565], [36.928396, 25.583808], [36.927745, 25.593085], [36.923025, 25.602851], [36.914399, 25.606635], [36.904633, 25.603176], [36.898204, 25.595445], [36.898123, 25.584052], [36.899425, 25.577786], [36.900727, 25.549302]]}}, {"type": "Feature", "properties": {"featurecla": "Coastline", "scalerank": 5, "min_zoom": 3}, "geometry": {"type": "LineString", "coordinates": [[36.683116, 25.572333], [36.667735, 25.581], [36.659434, 25.582099], [36.654796, 25.57807], [36.654145, 25.573717], [36.6574, 25.572577], [36.655935, 25.571845], [36.647146, 25.57095], [36.63795, 25.574612], [36.634532, 25.582913], [36.6338, 25.589993], [36.631114, 25.592434], [36.622895, 25.590522], [36.609386, 25.591539], [36.596202, 25.600246], [36.570323, 25.624457], [36.562022, 25.627183], [36.553966, 25.631334], [36.548839, 25.637844], [36.543956, 25.639635], [36.537934, 25.639838], [36.531016, 25.644599], [36.523936, 25.652899], [36.522634, 25.662177], [36.539399, 25.684963], [36.545258, 25.696479], [36.54363, 25.702867], [36.53533, 25.698147], [36.524425, 25.685777], [36.499685, 25.662543], [36.491466, 25.645087], [36.497732, 25.623969], [36.510509, 25.610419], [36.52947, 25.593817], [36.539399, 25.589179], [36.546072, 25.603217], [36.567719, 25.598456], [36.647797, 25.561469], [36.660981, 25.552802], [36.667654, 25.54975], [36.676036, 25.554755], [36.681977, 25.566352], [36.683116, 25.572333]]}}, {"type": "Feature", "properties": {"featurecla": "Coastline", "scalerank": 5, "min_zoom": 4}, "geometry": {"type": "LineString", "coordinates": [[36.544281, 25.73135], [36.551768, 25.719794], [36.562999, 25.713284], [36.583018, 25.698676], [36.595551, 25.696601], [36.605642, 25.701117], [36.611095, 25.709459], [36.607595, 25.711249], [36.596039, 25.708889], [36.58839, 25.71426], [36.586681, 25.719794], [36.58546, 25.725491], [36.588715, 25.738511], [36.597341, 25.751695], [36.59783, 25.758368], [36.590831, 25.759345], [36.583263, 25.762274], [36.564138, 25.778795], [36.555431, 25.796332], [36.55836, 25.815823], [36.56658, 25.832994], [36.577485, 25.848578], [36.590831, 25.860541], [36.583669, 25.857896], [36.558442, 25.836371], [36.542491, 25.801947], [36.54005, 25.760484], [36.542735, 25.739325], [36.544281, 25.73135]]}}, {"type": "Feature", "properties": {"featurecla": "Coastline", "scalerank": 6, "min_zoom": 6}, "geometry": {"type": "LineString", "coordinates": [[54.54656, 25.9265], [54.522797, 25.920111], [54.509776, 25.913764], [54.513682, 25.902655], [54.529633, 25.895982], [54.543224, 25.893052], [54.553233, 25.899848], [54.551606, 25.917711], [54.54656, 25.9265]]}}, {"type": "Feature", "properties": {"featurecla": "Coastline", "scalerank": 6, "min_zoom": 6}, "geometry": {"type": "LineString", "coordinates": [[55.894298, 26.679429], [55.884532, 26.67768], [55.868337, 26.666449], [55.855479, 26.64411], [55.853201, 26.621039], [55.869314, 26.613023], [55.889659, 26.623765], [55.903982, 26.64525], [55.902029, 26.66885], [55.894298, 26.679429]]}}, {"type": "Feature", "properties": {"featurecla": "Coastline", "scalerank": 6, "min_zoom": 6}, "geometry": {"type": "LineString", "coordinates": [[53.639415, 26.688788], [53.629161, 26.691107], [53.609223, 26.690497], [53.601248, 26.679592], [53.611176, 26.667304], [53.628673, 26.659329], [53.646251, 26.657172], [53.65919, 26.66885], [53.651215, 26.683824], [53.639415, 26.688788]]}}, {"type": "Feature", "properties": {"featurecla": "Coastline", "scalerank": 6, "min_zoom": 6}, "geometry": {"type": "LineString", "coordinates": [[34.731882, 27.957141], [34.732162, 27.918943], [34.704695, 27.908368], [34.681039, 27.915174], [34.661786, 27.930218], [34.681773, 27.958703], [34.731882, 27.957141]]}}, {"type": "Feature", "properties": {"featurecla": "Coastline", "scalerank": 5, "min_zoom": 6}, "geometry": {"type": "LineString", "coordinates": [[52.004731, 24.252834], [52.016612, 24.257554], [52.025401, 24.245714], [52.02475, 24.241929], [52.022878, 24.238837], [52.02475, 24.234768], [52.017914, 24.220445], [52.007904, 24.210842], [52.004487, 24.213772], [51.997813, 24.216417], [51.994314, 24.219184], [51.998627, 24.226304], [51.998627, 24.236965], [52.004731, 24.252834]]}}, {"type": "Feature", "properties": {"featurecla": "Coastline", "scalerank": 5, "min_zoom": 6}, "geometry": {"type": "LineString", "coordinates": [[51.724132, 24.607408], [51.735362, 24.599473], [51.739513, 24.590725], [51.737641, 24.58454], [51.737153, 24.58161], [51.732921, 24.572903], [51.730235, 24.565212], [51.725108, 24.568956], [51.723969, 24.582587], [51.726492, 24.588731], [51.722748, 24.587022], [51.72226, 24.590481], [51.722179, 24.59455], [51.721365, 24.593288], [51.7199, 24.593248], [51.718435, 24.593533], [51.718842, 24.591824], [51.717703, 24.59162], [51.718761, 24.587795], [51.71282, 24.592597], [51.711681, 24.602159], [51.719656, 24.607733], [51.724132, 24.607408]]}}, {"type": "Feature", "properties": {"featurecla": "Coastline", "scalerank": 5, "min_zoom": 6}, "geometry": {"type": "LineString", "coordinates": [[53.060802, 24.893541], [53.079356, 24.891018], [53.0831, 24.873887], [53.079356, 24.853502], [53.072927, 24.859036], [53.071462, 24.863756], [53.063162, 24.873277], [53.058197, 24.886298], [53.060802, 24.893541]]}}, {"type": "Feature", "properties": {"featurecla": "Coastline", "scalerank": 5, "min_zoom": 6}, "geometry": {"type": "LineString", "coordinates": [[54.211111, 25.249416], [54.23113, 25.243476], [54.239838, 25.208645], [54.22698, 25.214219], [54.214285, 25.214219], [54.197927, 25.232001], [54.211111, 25.249416]]}}, {"type": "Feature", "properties": {"featurecla": "Coastline", "scalerank": 4, "min_zoom": 4}, "geometry": {"type": "LineString", "coordinates": [[55.048676, 25.885769], [55.049897, 25.876085], [55.054373, 25.86461], [55.046479, 25.858385], [55.038259, 25.857733], [55.032644, 25.854641], [55.023041, 25.86286], [55.018403, 25.859605], [55.018972, 25.865749], [55.015636, 25.871853], [55.012055, 25.881619], [55.026459, 25.888739], [55.043712, 25.89289], [55.048676, 25.885769]]}}, {"type": "Feature", "properties": {"featurecla": "Coastline", "scalerank": 5, "min_zoom": 6.3}, "geometry": {"type": "LineString", "coordinates": [[50.397704, 26.174732], [50.408438, 26.171511], [50.419172, 26.166144], [50.419172, 26.14897], [50.421319, 26.135016], [50.423466, 26.119988], [50.405218, 26.124282], [50.385897, 26.123208], [50.38053, 26.139309], [50.382676, 26.159704], [50.397704, 26.174732]]}}, {"type": "Feature", "properties": {"featurecla": "Coastline", "scalerank": 5, "min_zoom": 6.3}, "geometry": {"type": "LineString", "coordinates": [[50.60165, 26.278852], [50.599504, 26.262751], [50.612384, 26.241283], [50.620972, 26.244503], [50.633852, 26.242356], [50.647807, 26.239136], [50.653174, 26.225181], [50.657467, 26.211227], [50.673568, 26.20264], [50.678935, 26.208007], [50.684302, 26.221961], [50.671421, 26.227328], [50.656394, 26.24665], [50.656394, 26.261677], [50.65532, 26.276705], [50.632779, 26.287439], [50.60165, 26.278852]]}}, {"type": "Feature", "properties": {"featurecla": "Coastline", "scalerank": 5, "min_zoom": 6.3}, "geometry": {"type": "LineString", "coordinates": [[50.77431, 25.721648], [50.782537, 25.720382], [50.790764, 25.726078], [50.80089, 25.73114], [50.80089, 25.724812], [50.798358, 25.715952], [50.790764, 25.705827], [50.78317, 25.696967], [50.788233, 25.692537], [50.795827, 25.684943], [50.79203, 25.67988], [50.780006, 25.682411], [50.77431, 25.678614], [50.766083, 25.671653], [50.762286, 25.667856], [50.766716, 25.654566], [50.77431, 25.645074], [50.776209, 25.638745], [50.769248, 25.636214], [50.765451, 25.629886], [50.764185, 25.621659], [50.769881, 25.617862], [50.77431, 25.612166], [50.767982, 25.60647], [50.762286, 25.597611], [50.757224, 25.588751], [50.759755, 25.582422], [50.756591, 25.579891], [50.7452, 25.584954], [50.737606, 25.595712], [50.741403, 25.605205], [50.748997, 25.621026], [50.748364, 25.630518], [50.748364, 25.644441], [50.739504, 25.653301], [50.740137, 25.662161], [50.741403, 25.674185], [50.7452, 25.687474], [50.755325, 25.70203], [50.768615, 25.716585], [50.77431, 25.721648]]}}, {"type": "Feature", "properties": {"featurecla": "Coastline", "scalerank": 6, "min_zoom": 6.3}, "geometry": {"type": "LineString", "coordinates": [[50.775576, 25.752657], [50.780639, 25.745063], [50.791397, 25.74886], [50.790132, 25.755188], [50.78317, 25.755821], [50.775576, 25.752657]]}}, {"type": "Feature", "properties": {"featurecla": "Coastline", "scalerank": 6, "min_zoom": 6.3}, "geometry": {"type": "LineString", "coordinates": [[50.804687, 25.679247], [50.802156, 25.674817], [50.804054, 25.669755], [50.808484, 25.664059], [50.816711, 25.669122], [50.819875, 25.678614], [50.804687, 25.679247]]}}, {"type": "Feature", "properties": {"featurecla": "Coastline", "scalerank": 6, "min_zoom": 6.3}, "geometry": {"type": "LineString", "coordinates": [[50.793296, 25.652035], [50.786967, 25.652668], [50.785069, 25.648238], [50.788233, 25.643808], [50.786334, 25.638745], [50.790764, 25.630518], [50.795827, 25.63305], [50.802788, 25.634315], [50.807851, 25.63305], [50.811648, 25.631784], [50.815445, 25.636847], [50.816711, 25.644441], [50.811648, 25.649504], [50.799624, 25.651402], [50.793296, 25.652035]]}}]}