{"type": "FeatureCollection", "features": [{"type": "Feature", "properties": {"name": "Kangen", "featurecla": "River", "scalerank": 9.0}, "geometry": {"type": "LineString", "coordinates": [[34.788097, 5.425849], [34.741791, 5.307563], [34.714936, 5.277777], [34.667735, 5.262315], [34.624604, 5.277452], [34.548595, 5.342149], [34.504893, 5.364691], [34.477143, 5.351426], [34.425873, 5.295518], [34.342784, 5.264106], [34.298269, 5.258368], [34.252452, 5.261786], [34.193126, 5.286648], [34.165294, 5.314399], [34.096283, 5.433214], [33.971446, 5.556667], [33.920502, 5.640692], [33.876231, 5.748887], [33.826101, 5.795437], [33.819753, 5.810736], [33.823822, 5.835639], [33.813894, 5.886786], [33.764578, 5.928331], [33.656016, 6.000678], [33.6338, 6.045233], [33.632416, 6.093126], [33.623057, 6.117377], [33.5713, 6.147284], [33.497488, 6.165635], [33.405772, 6.274685], [33.276296, 6.499335], [33.261322, 6.564521], [33.278575, 6.615587], [33.273448, 6.630683], [33.22877, 6.677558]]}}, {"type": "Feature", "properties": {"name": "Ceyhan", "featurecla": "River", "scalerank": 9.0}, "geometry": {"type": "LineString", "coordinates": [[36.723399, 38.638454], [36.740001, 38.630886], [36.83839, 38.651475], [36.86671, 38.650824], [36.902354, 38.61164], [36.907725, 38.589179], [36.902436, 38.569851], [36.881602, 38.5633], [36.88974, 38.540839], [36.885997, 38.522284], [36.840017, 38.473944], [36.883311, 38.467231], [36.913178, 38.447862], [36.930675, 38.416693], [36.942556, 38.354519], [36.9581, 38.338162], [36.999929, 38.320583], [37.016368, 38.292833], [37.104015, 38.268256], [37.11378, 38.247992], [37.091807, 38.208523], [37.08017, 38.200222], [37.039317, 38.192735], [37.019542, 38.174018], [37.001964, 38.153022], [36.982188, 38.103949], [36.981863, 38.08039], [36.993663, 38.06741], [37.013682, 38.062567], [37.078543, 38.067247], [37.096283, 38.061225], [37.10377, 38.042507], [37.096121, 38.024726], [37.055186, 37.996649], [36.997162, 37.981391], [36.981537, 37.971544], [36.965912, 37.930284], [36.966889, 37.826606], [36.943126, 37.809149], [36.911632, 37.739529], [36.85019, 37.707831], [36.835704, 37.675889], [36.799083, 37.637885], [36.778901, 37.583319], [36.758067, 37.569607], [36.764252, 37.590033], [36.751231, 37.582587], [36.739513, 37.589708], [36.682384, 37.596869], [36.652599, 37.530097], [36.608897, 37.515245], [36.575287, 37.48668], [36.514659, 37.47252], [36.47698, 37.453559], [36.462983, 37.437812], [36.459972, 37.422431], [36.47698, 37.390815], [36.470144, 37.377143], [36.370697, 37.356309], [36.354096, 37.370917], [36.318858, 37.359687], [36.312429, 37.34988], [36.285655, 37.347724], [36.26946, 37.332343], [36.250418, 37.295233], [36.250418, 37.288398], [36.266856, 37.275743], [36.26767, 37.260321], [36.230561, 37.17239], [36.218679, 37.162462], [36.183604, 37.15412], [36.161062, 37.158718], [36.112071, 37.182481], [36.092703, 37.178534], [36.07252, 37.202908], [36.055919, 37.210476], [35.990733, 37.220649], [35.969737, 37.219672], [35.956716, 37.206488], [35.941661, 37.21251], [35.887787, 37.178534], [35.867117, 37.184516], [35.853119, 37.178534], [35.853119, 37.18537], [35.846934, 37.18537], [35.812511, 37.136786], [35.81894, 37.117743], [35.798595, 37.117743], [35.840017, 37.082953], [35.785411, 37.052029], [35.805431, 37.021511], [35.783702, 37.033718], [35.764252, 37.03266], [35.757498, 37.014106], [35.695567, 36.993598], [35.608897, 36.952216], [35.594656, 36.939805], [35.585704, 36.918484], [35.619721, 36.911648], [35.619721, 36.904161], [35.606619, 36.898017], [35.573009, 36.911241], [35.565196, 36.904161], [35.562511, 36.88821], [35.585704, 36.863227], [35.574799, 36.848497], [35.550548, 36.843451], [35.503673, 36.849555], [35.49586, 36.83157], [35.475841, 36.822292], [35.488536, 36.806586], [35.475841, 36.794989], [35.483653, 36.776923], [35.475841, 36.76081], [35.489513, 36.740505], [35.4699, 36.682156], [35.483328, 36.671454], [35.475841, 36.657782], [35.493337, 36.65412], [35.544688, 36.668321], [35.572032, 36.650946], [35.593191, 36.616807], [35.567475, 36.587022]]}}, {"type": "Feature", "properties": {"name": "Qezel Owzan", "featurecla": "River", "scalerank": 9.0}, "geometry": {"type": "MultiLineString", "coordinates": [[[47.271576, 35.901679], [47.339773, 35.90766], [47.362559, 35.930854], [47.405691, 35.944932], [47.418712, 35.973456], [47.438975, 35.985216], [47.448985, 36.008328], [47.458507, 36.013495], [47.489513, 36.012763], [47.5171, 36.020941], [47.558035, 36.009589], [47.614675, 36.015652], [47.643647, 36.027167], [47.724376, 36.025092], [47.852306, 35.999864], [47.890147, 35.999945], [47.949799, 36.015448], [48.023692, 36.006659], [48.121023, 36.014512], [48.146007, 36.038845], [48.166026, 36.041938], [48.177989, 36.094997], [48.139903, 36.127753], [48.08074, 36.14997], [47.996186, 36.163113], [47.979584, 36.175889], [47.955333, 36.213406], [47.927419, 36.219591], [47.934825, 36.246894], [47.928722, 36.271064], [47.94101, 36.287869], [47.920421, 36.318468], [47.906993, 36.360175], [47.85906, 36.411404], [47.828136, 36.476508], [47.839122, 36.494696], [47.836436, 36.511298], [47.810802, 36.547919], [47.804617, 36.569037], [47.783295, 36.575873], [47.773448, 36.616807], [47.760997, 36.621039], [47.759776, 36.64411], [47.745372, 36.654568], [47.708425, 36.730902], [47.683035, 36.74962], [47.607921, 36.8546], [47.601166, 36.882025], [47.619558, 36.898017], [47.610037, 36.90705], [47.626069, 36.93769], [47.688243, 36.991889], [47.727306, 37.054999], [47.748546, 37.072537], [47.770437, 37.137559], [47.749278, 37.223822], [47.75294, 37.245185], [47.783295, 37.295233], [47.808686, 37.359239], [47.807628, 37.370917], [47.814464, 37.375271], [47.813569, 37.393988], [47.798595, 37.403144], [47.806163, 37.425401], [47.879649, 37.463162], [47.905203, 37.492865], [47.94101, 37.51496], [48.011485, 37.507514], [48.047455, 37.520941], [48.070079, 37.517442], [48.143484, 37.487087], [48.169932, 37.468573], [48.256358, 37.466579], [48.267345, 37.455919], [48.265636, 37.446357], [48.241628, 37.419379], [48.229015, 37.37405], [48.233409, 37.359646], [48.265391, 37.314887], [48.332042, 37.26789], [48.324636, 37.247423], [48.356049, 37.260362], [48.390147, 37.261746], [48.404552, 37.255561], [48.418549, 37.232733], [48.470714, 37.222927], [48.478282, 37.192247], [48.498546, 37.153388], [48.551768, 37.123969], [48.5796, 37.099799], [48.610037, 37.086249], [48.620372, 37.082302], [48.652354, 37.089626], [48.711843, 37.062567], [48.805105, 36.986762], [48.839285, 36.97309], [48.856537, 36.948432], [48.885671, 36.937445], [48.927989, 36.883734], [48.975678, 36.870673], [49.052257, 36.815497], [49.093028, 36.801785], [49.154877, 36.79267], [49.205496, 36.757758], [49.22462, 36.752509], [49.250662, 36.752875], [49.263764, 36.766547], [49.284923, 36.752875], [49.360281, 36.756293], [49.393565, 36.776313], [49.428233, 36.829128], [49.435069, 36.849555], [49.459239, 36.853339], [49.489757, 36.881781]], [[46.78297, 35.599189], [46.756114, 35.671495], [46.763194, 35.689276], [46.790457, 35.721625], [46.803315, 35.759345], [46.8449, 35.808661], [46.838145, 35.849677], [46.873464, 35.851915], [46.889659, 35.865505], [47.032807, 35.861884], [47.067393, 35.885525], [47.198497, 35.901231], [47.269949, 35.901801]]]}}, {"type": "Feature", "properties": {"name": "Simav", "featurecla": "River", "scalerank": 9.0}, "geometry": {"type": "LineString", "coordinates": [[29.120046, 39.099473], [29.092784, 39.094428], [29.041759, 39.097602], [28.966319, 39.134304], [28.935557, 39.143134], [28.909597, 39.166612], [28.889171, 39.171251], [28.822032, 39.179633], [28.778412, 39.176378], [28.609793, 39.187283], [28.3449, 39.268988], [28.290701, 39.27322], [28.218516, 39.269355], [28.169932, 39.286933], [28.130463, 39.275214], [28.11085, 39.288357], [28.069753, 39.348944], [28.069916, 39.377875], [28.123464, 39.445624], [28.125499, 39.470282], [28.109955, 39.556993], [28.069021, 39.617865], [28.069591, 39.659491], [28.128917, 39.684109], [28.143077, 39.702826], [28.205577, 39.722724], [28.239757, 39.762519], [28.168061, 39.799994], [28.180268, 39.853787], [28.151785, 39.858018], [28.165294, 39.87169], [28.159434, 39.888699], [28.163503, 39.913886], [28.157237, 39.926947], [28.174408, 39.938056], [28.174083, 40.003363], [28.198822, 40.0362], [28.186615, 40.042182], [28.185557, 40.051947], [28.198822, 40.070909], [28.22226, 40.072577], [28.239757, 40.098253], [28.37558, 40.225775], [28.414073, 40.275458], [28.433604, 40.290351], [28.458914, 40.296902], [28.456635, 40.301785], [28.499034, 40.390652]]}}, {"type": "Feature", "properties": {"name": "Kelkit", "featurecla": "River", "scalerank": 9.0}, "geometry": {"type": "LineString", "coordinates": [[39.618337, 39.878933], [39.626475, 39.906277], [39.712494, 39.963568], [39.715831, 39.978542], [39.702891, 39.990343], [39.634288, 40.004991], [39.605072, 40.075303], [39.590343, 40.085557], [39.441905, 40.138739], [39.237804, 40.094591], [39.1845, 40.103949], [39.190522, 40.110175], [39.141531, 40.114569], [39.101166, 40.131903], [39.081635, 40.107489], [39.038503, 40.095811], [38.990733, 40.106065], [38.970795, 40.103949], [38.953868, 40.118476], [38.935151, 40.121772], [38.892345, 40.117621], [38.77589, 40.136298], [38.620372, 40.13349], [38.534109, 40.143622], [38.4581, 40.166571], [38.402924, 40.147244], [38.379405, 40.147732], [38.36142, 40.159735], [38.320323, 40.172716], [38.325694, 40.192735], [38.3178, 40.20539], [38.247569, 40.239936], [38.13974, 40.248358], [38.10255, 40.239081], [38.094493, 40.227973], [38.087657, 40.235419], [38.046967, 40.223456], [38.02711, 40.228054], [38.010834, 40.241156], [37.990733, 40.236925], [37.925222, 40.261013], [37.890717, 40.282091], [37.007335, 40.494249], [36.968354, 40.511583], [36.943126, 40.532497], [36.929454, 40.598253], [36.922537, 40.607245], [36.881602, 40.62519], [36.805919, 40.62519], [36.799083, 40.632636], [36.805919, 40.646918], [36.794037, 40.642279], [36.768077, 40.66059], [36.728445, 40.659247], [36.716563, 40.653144], [36.681163, 40.678534], [36.650157, 40.681952], [36.552257, 40.715847], [36.529877, 40.733344], [36.509939, 40.770819], [36.441173, 40.79914], [36.40976, 40.831488], [36.422293, 40.844916], [36.414806, 40.858588], [36.443126, 40.870429], [36.552664, 40.890245], [36.593679, 40.910102], [36.655528, 40.909491], [36.650808, 40.915595], [36.654063, 40.945258], [36.631358, 40.954779], [36.632253, 40.9737], [36.644786, 40.977851], [36.643484, 41.026964], [36.650157, 41.036444], [36.668061, 41.036729], [36.66627, 41.061347], [36.680919, 41.086859], [36.7046, 41.107856], [36.730235, 41.11933], [36.725027, 41.130561], [36.743744, 41.152777], [36.723399, 41.184149], [36.728282, 41.217353], [36.712901, 41.232978], [36.716563, 41.24962], [36.682384, 41.256456], [36.687999, 41.26435], [36.682384, 41.331], [36.661876, 41.331], [36.649425, 41.339871], [36.660655, 41.366482]]}}, {"type": "Feature", "properties": {"name": "Ofanto", "featurecla": "River", "scalerank": 9.0}, "geometry": {"type": "LineString", "coordinates": [[15.128673, 40.898057], [15.19337, 40.899482], [15.247325, 40.91413], [15.341238, 40.897976], [15.470714, 40.901679], [15.489187, 40.907294], [15.536388, 40.933173], [15.572032, 40.997382], [15.576101, 41.026435], [15.554617, 41.069037], [15.561453, 41.086005], [15.583018, 41.104438], [15.596202, 41.109198], [15.75294, 41.102607], [15.849294, 41.131415], [15.948253, 41.181708], [16.100841, 41.295193], [16.128103, 41.309882], [16.179942, 41.322943], [16.200613, 41.336615], [16.199718, 41.362494]]}}, {"type": "Feature", "properties": {"name": "Ialomita", "featurecla": "River", "scalerank": 9.0}, "geometry": {"type": "LineString", "coordinates": [[25.429617, 45.337592], [25.406342, 45.279893], [25.442882, 45.213202], [25.45045, 45.165839], [25.427257, 45.111355], [25.434174, 45.063422], [25.402436, 45.023505], [25.401296, 44.98489], [25.430593, 44.954942], [25.473237, 44.933539], [25.552175, 44.906277], [25.621023, 44.869493], [25.694835, 44.816189], [25.788992, 44.803738], [25.809337, 44.795762], [25.824474, 44.78205], [25.832774, 44.761176], [25.858897, 44.751166], [26.103038, 44.75373], [26.187022, 44.767768], [26.231456, 44.754462], [26.311534, 44.712022], [26.353526, 44.702745], [26.416596, 44.702989], [26.480886, 44.722683], [26.50351, 44.713568], [26.529063, 44.721015], [26.572683, 44.707221], [26.597341, 44.706855], [26.621104, 44.677558], [26.661713, 44.690741], [26.680919, 44.678575], [26.709483, 44.68891], [26.740164, 44.663153], [26.790294, 44.669013], [26.809093, 44.665473], [26.842214, 44.623887], [26.951915, 44.61579], [27.020437, 44.626492], [27.042979, 44.623969], [27.136729, 44.575507], [27.3178, 44.557685], [27.386485, 44.582221], [27.432628, 44.582953], [27.486746, 44.595893], [27.506602, 44.604112], [27.529877, 44.625271], [27.577729, 44.618516], [27.754161, 44.656317], [27.824311, 44.657253], [27.843028, 44.666368], [27.870128, 44.708564], [27.86614, 44.703315]]}}, {"type": "Feature", "properties": {"name": "Strymnas", "featurecla": "River", "scalerank": 9.0}, "geometry": {"type": "LineString", "coordinates": [[23.183604, 42.494574], [23.154959, 42.505235], [23.151134, 42.526923], [23.124197, 42.540961], [23.100352, 42.599229], [23.078543, 42.611884], [23.053233, 42.616563], [22.993907, 42.61461], [22.969005, 42.608466], [22.951671, 42.59516], [22.942638, 42.530829], [22.93157, 42.507392], [22.920828, 42.500515], [22.870046, 42.526313], [22.847667, 42.529649], [22.802664, 42.520779], [22.725271, 42.468329], [22.703787, 42.436306], [22.705089, 42.408881], [22.785085, 42.299628], [22.810802, 42.280707], [22.879568, 42.25727], [22.911306, 42.209174], [22.968923, 42.184841], [23.031749, 42.120307], [23.039806, 42.101874], [23.049246, 42.032172], [23.104015, 41.959296], [23.125173, 41.886054], [23.164317, 41.820746], [23.161388, 41.733425], [23.19044, 41.64171], [23.235037, 41.582872], [23.257009, 41.499091], [23.278331, 41.458116], [23.346609, 41.393012], [23.34669, 41.325303], [23.321788, 41.287909], [23.295909, 41.27794], [23.16627, 41.261013], [23.153087, 41.24787], [23.155691, 41.232856], [23.201345, 41.208564], [23.22698, 41.173692], [23.277843, 41.137641], [23.301199, 41.087226], [23.332693, 41.05683], [23.475841, 40.987372], [23.511729, 40.977118], [23.593761, 40.973253], [23.7588, 40.936713], [23.799978, 40.916449], [23.814138, 40.902167], [23.830577, 40.868028], [23.833751, 40.817898], [23.852306, 40.796698], [23.846446, 40.782904]]}}, {"type": "Feature", "properties": {"name": "Ural", "featurecla": "River", "scalerank": 4.0}, "geometry": {"type": "LineString", "coordinates": [[51.63817260900586, 48.0], [51.669526, 47.964911], [51.635346, 47.930732], [51.648448, 47.920478], [51.648448, 47.889757], [51.622325, 47.880439], [51.640554, 47.846055], [51.628917, 47.799628], [51.635346, 47.773057], [51.607514, 47.721503], [51.628998, 47.705756], [51.636648, 47.690782], [51.615164, 47.67768], [51.607514, 47.632839], [51.64796, 47.584581], [51.689382, 47.553982], [51.696218, 47.526679], [51.708263, 47.522081], [51.724213, 47.533515], [51.746593, 47.519843], [51.777599, 47.471747], [51.799246, 47.464626], [51.794688, 47.478949], [51.803233, 47.483588], [51.816661, 47.478787], [51.827159, 47.464626], [51.822195, 47.454372], [51.827159, 47.443549], [51.847667, 47.423651], [51.871593, 47.41588], [51.875011, 47.406277], [51.868175, 47.3758], [51.902354, 47.341742], [51.896007, 47.325792], [51.870535, 47.313666], [51.861339, 47.300116], [51.897227, 47.293036], [51.92335, 47.273383], [51.928233, 47.244696], [51.923757, 47.230821], [51.907725, 47.219428], [51.937022, 47.180284], [51.915945, 47.11518], [51.905691, 47.102973], [51.868175, 47.087836], [51.837169, 47.029812], [51.724213, 46.943874]]}}, {"type": "Feature", "properties": {"name": "Pibor", "featurecla": "River", "scalerank": 9.0}, "geometry": {"type": "LineString", "coordinates": [[33.22877, 6.677558], [33.184093, 6.704657], [33.164806, 6.725898], [33.017589, 6.979682], [33.014415, 6.996283], [33.024018, 7.027289], [33.017833, 7.088487], [33.0442, 7.136094], [33.046316, 7.146186], [33.032644, 7.165839], [33.041108, 7.199286], [33.02711, 7.242987], [32.974701, 7.315009], [32.962413, 7.359402], [32.97519, 7.401638], [32.962901, 7.433376], [32.969656, 7.46015], [32.961925, 7.498562], [32.990001, 7.523017], [32.993744, 7.53502], [32.972585, 7.561794], [32.966807, 7.583523], [33.00351, 7.693305], [32.982677, 7.75727], [32.981212, 7.781033], [32.996837, 7.887274]]}}, {"type": "Feature", "properties": {"name": "Drin", "featurecla": "River", "scalerank": 9.0}, "geometry": {"type": "LineString", "coordinates": [[20.681651, 41.180732], [20.662852, 41.250027], [20.619395, 41.29328], [20.638927, 41.321234], [20.612966, 41.365058], [20.588878, 41.385321], [20.562022, 41.441677], [20.535574, 41.457465], [20.511485, 41.490587], [20.468761, 41.502875], [20.455089, 41.523383], [20.466807, 41.542548], [20.441417, 41.595404], [20.442882, 41.611518], [20.347341, 41.679389], [20.339041, 41.69123], [20.340994, 41.779405], [20.358897, 41.828152], [20.324636, 41.874213], [20.318614, 41.893337], [20.326345, 41.91059], [20.358572, 41.924831], [20.365733, 41.938015], [20.37322, 41.972113], [20.362722, 42.010606], [20.390554, 42.082872], [20.367849, 42.083564], [20.323985, 42.101386], [20.291433, 42.127509], [20.302745, 42.153632], [20.270193, 42.18126], [20.196462, 42.203437], [20.181407, 42.215399], [20.15032, 42.215399], [20.036794, 42.256415], [19.99464, 42.262397], [19.983409, 42.266791], [19.967947, 42.298855], [19.947032, 42.2956], [19.90325, 42.258368], [19.88087, 42.229275], [19.871104, 42.178575], [19.882823, 42.163438], [19.886648, 42.16706], [19.873709, 42.14293], [19.810802, 42.105536], [19.791759, 42.086453], [19.735606, 42.084988], [19.708425, 42.092556], [19.667491, 42.072089], [19.649425, 42.077012], [19.629649, 42.072333], [19.621837, 42.060614], [19.639578, 42.044135], [19.6067, 42.002061], [19.580251, 41.985785], [19.550792, 41.988837], [19.530284, 41.95539], [19.564464, 41.934272], [19.578624, 41.893337], [19.631521, 41.852851], [19.646983, 41.831855], [19.633311, 41.800808], [19.639578, 41.770372], [19.5713, 41.75613]]}}, {"type": "Feature", "properties": {"name": "Bojana", "featurecla": "River", "scalerank": 9.0}, "geometry": {"type": "LineString", "coordinates": [[19.480479, 42.066474], [19.49407, 42.049099], [19.489919, 42.026964], [19.456716, 42.0185], [19.434581, 42.004747], [19.408214, 42.000922], [19.382253, 42.005805], [19.37379, 41.997585], [19.365245, 41.969916], [19.345876, 41.961778], [19.352306, 41.938788], [19.344737, 41.91059], [19.364513, 41.889228], [19.365164, 41.852362]]}}, {"type": "Feature", "properties": {"name": "Sefid", "featurecla": "River", "scalerank": 9.0}, "geometry": {"type": "LineString", "coordinates": [[49.489757, 36.881781], [49.511322, 36.902899], [49.558604, 36.986762], [49.711029, 37.111274], [49.743337, 37.177191], [49.767833, 37.19241], [49.791921, 37.247423], [49.908946, 37.276313], [49.914154, 37.295233], [49.934662, 37.326239], [49.937022, 37.40705], [49.950206, 37.446072]]}}, {"type": "Feature", "properties": {"name": "Dnipro", "featurecla": "Lake Centerline", "scalerank": 4.0}, "geometry": {"type": "LineString", "coordinates": [[33.539968, 46.831244], [33.568858, 46.835761], [33.603282, 46.853461], [33.643809, 46.921454], [33.675548, 46.99376], [33.705577, 47.028144], [33.799734, 47.102973], [33.866466, 47.172227], [33.943451, 47.229315], [33.964936, 47.255194], [33.997488, 47.317572], [34.007416, 47.372423], [34.002452, 47.432318], [34.008393, 47.463243], [34.058035, 47.480577], [34.157319, 47.473822], [34.203543, 47.478298], [34.319265, 47.505154], [34.445811, 47.522773], [34.59433, 47.568549], [34.644216, 47.563503], [34.729747, 47.539089], [34.898041, 47.523139], [34.996593, 47.503485], [35.062918, 47.504706], [35.113536, 47.524359], [35.147878, 47.554633], [35.163097, 47.596137], [35.165294, 47.646999], [35.157725, 47.729315], [35.148936, 47.763943], [35.106863, 47.826768], [35.105724, 47.841579]]}}, {"type": "Feature", "properties": {"name": "Dnipro", "featurecla": "River", "scalerank": 4.0}, "geometry": {"type": "MultiLineString", "coordinates": [[[35.105235, 47.840155], [35.118582, 47.901068], [35.109386, 47.953559], [35.138617782476025, 48.0]], [[32.645518, 46.649604], [32.740001, 46.679145], [32.794526, 46.684516], [33.000011, 46.757839], [33.056651, 46.748847], [33.156505, 46.786485], [33.186615, 46.791327], [33.262462, 46.768134], [33.316824, 46.765489], [33.371349, 46.782986], [33.438406, 46.83336], [33.480968, 46.839423], [33.539968, 46.831244]]]}}, {"type": "Feature", "properties": {"name": "Bénoué", "featurecla": "River", "scalerank": 4.0}, "geometry": {"type": "LineString", "coordinates": [[14.0, 8.360526667121773], [14.007579, 8.379096], [14.0, 8.427682841082696]]}}, {"type": "Feature", "properties": {"name": "Dicle", "featurecla": "River", "scalerank": 4.0}, "geometry": {"type": "LineString", "coordinates": [[39.173106, 38.424425], [39.212657, 38.424384], [39.265636, 38.448106], [39.288178, 38.467068], [39.35255, 38.480821], [39.402599, 38.503445], [39.463471, 38.518907], [39.509044, 38.516872], [39.538829, 38.486355], [39.578624, 38.484239], [39.600352, 38.477973], [39.62086, 38.462958], [39.646658, 38.43183], [39.645518, 38.407091], [39.671886, 38.393988], [39.689382, 38.377021], [39.729747, 38.369818], [39.814871, 38.38703], [39.856456, 38.37873], [39.956472, 38.384874], [39.984467, 38.376817], [40.030365, 38.333279], [40.0206, 38.299506], [40.026378, 38.291571], [40.077078, 38.265937], [40.117768, 38.256619], [40.156505, 38.221015], [40.191173, 38.200222], [40.180919, 38.190253], [40.18214, 38.169989], [40.170665, 38.166042], [40.168549, 38.148871], [40.141043, 38.122748], [40.139659, 38.113959], [40.158295, 38.107611], [40.205333, 38.109809], [40.266856, 38.083523], [40.256602, 38.070828], [40.253184, 38.02143], [40.238862, 37.991034], [40.253184, 37.966864], [40.245697, 37.928982], [40.259369, 37.898546], [40.235769, 37.886908], [40.232026, 37.874335], [40.239268, 37.860053], [40.253184, 37.850775], [40.247, 37.842475], [40.256847, 37.838935], [40.341889, 37.829657], [40.41505, 37.808417], [40.436941, 37.809149], [40.518484, 37.835517], [40.677175, 37.843777], [40.759207, 37.806708], [40.843272, 37.830837], [40.968679, 37.800482], [41.03476, 37.771674], [41.088471, 37.78144], [41.117198, 37.76614], [41.175385, 37.767157], [41.217459, 37.742947], [41.243175, 37.751003], [41.296967, 37.738837], [41.315522, 37.745673], [41.37379, 37.736599], [41.503429, 37.743842], [41.547293, 37.740668], [41.612315, 37.76321], [41.662201, 37.770819], [41.712657, 37.749538], [41.764252, 37.755316], [41.786143, 37.740505], [41.81601, 37.686143], [41.826101, 37.638699], [41.857351, 37.606269], [41.860444, 37.592841], [41.859874, 37.559027], [41.832774, 37.497016], [41.827566, 37.469835], [41.833914, 37.443874], [41.84962, 37.426622], [41.86964, 37.419501], [42.027761, 37.431749], [42.089285, 37.398261], [42.12322, 37.384589], [42.143809, 37.384589], [42.158132, 37.363552], [42.192312, 37.34988], [42.222097, 37.314236], [42.222667, 37.288398], [42.266694, 37.274726], [42.291596, 37.285346], [42.305186, 37.264838], [42.346202, 37.240017], [42.352631, 37.227322], [42.33489, 37.171454], [42.354015, 37.152615], [42.356619, 37.110297], [42.376231, 37.076972], [42.376557, 37.062527]]}}, {"type": "Feature", "properties": {"name": "Tigris", "featurecla": "River", "scalerank": 4.0}, "geometry": {"type": "MultiLineString", "coordinates": [[[42.376557, 37.062527], [42.397472, 37.017117], [42.414561, 36.995632], [42.452647, 36.965522], [42.47047, 36.954861], [42.488048, 36.955146], [42.507498, 36.97309], [42.503998, 36.921739], [42.5206, 36.918484], [42.515554, 36.887315], [42.534923, 36.863227], [42.508718, 36.861843], [42.503998, 36.851386], [42.51474, 36.84337], [42.534923, 36.849555], [42.56601, 36.836615], [42.582937, 36.826606], [42.596446, 36.796088], [42.612397, 36.789374], [42.654714, 36.788764], [42.669363, 36.79975], [42.690359, 36.799628], [42.747162, 36.753974], [42.781261, 36.740343], [42.749604, 36.727484], [42.747162, 36.719835], [42.753998, 36.711534], [42.799734, 36.726386], [42.8296, 36.714626], [42.843272, 36.692572], [42.861095, 36.710517], [42.887462, 36.712429], [42.8921, 36.706163], [42.877452, 36.671454], [42.905528, 36.66352], [42.904389, 36.646674], [42.886485, 36.635443], [42.863862, 36.64411], [42.831147, 36.643093], [42.818614, 36.617214], [42.822276, 36.602566], [42.79599, 36.59516], [42.771902, 36.577012], [42.753998, 36.552273], [42.747162, 36.524685], [42.751069, 36.505439], [42.761648, 36.498603], [42.935557, 36.490668], [42.979991, 36.470038], [42.968516, 36.45246], [42.968761, 36.433417], [43.000662, 36.409288], [43.048839, 36.390937], [43.061615, 36.397406], [43.123953, 36.397732], [43.117117, 36.380154], [43.14503, 36.345893], [43.172293, 36.328884], [43.185964, 36.287869], [43.172293, 36.287869], [43.205007, 36.238389], [43.227957, 36.223009], [43.237315, 36.204861], [43.267182, 36.185411], [43.274669, 36.164984], [43.302989, 36.141384], [43.294526, 36.121283], [43.298595, 36.08157], [43.336192, 36.033067], [43.336192, 35.993679], [43.345876, 35.979926], [43.329356, 35.918524], [43.334565, 35.910956], [43.356619, 35.904242], [43.36085, 35.880683], [43.34962, 35.861111], [43.331635, 35.85281], [43.315684, 35.863308], [43.315684, 35.807563], [43.309093, 35.794908]], [[43.309093, 35.794908], [43.290457, 35.78913], [43.288259, 35.735419], [43.32252, 35.708767], [43.318614, 35.694281], [43.280854, 35.685167], [43.258311, 35.655585], [43.241303, 35.644639], [43.267182, 35.606024], [43.254324, 35.575954], [43.241466, 35.56623], [43.240652, 35.554226], [43.275971, 35.471503], [43.267182, 35.451768], [43.271902, 35.442572], [43.26946, 35.411566], [43.32252, 35.362413], [43.364838, 35.345079], [43.37086, 35.332343], [43.356863, 35.319037], [43.363536, 35.307807], [43.350515, 35.280463], [43.422455, 35.265448], [43.418712, 35.246365], [43.388927, 35.233425], [43.384532, 35.22248], [43.397065, 35.200995], [43.493744, 35.110704], [43.54005, 35.088975], [43.53476, 35.068183], [43.577159, 35.041571], [43.583914, 35.030626], [43.572765, 34.996894], [43.542572, 34.970282], [43.522065, 34.932725], [43.52532, 34.92418], [43.539236, 34.917344], [43.53948, 34.881781], [43.545665, 34.865831], [43.561697, 34.856757], [43.564464, 34.83572], [43.576427, 34.815009], [43.577403, 34.789496], [43.635753, 34.767401], [43.640229, 34.743679], [43.658946, 34.739814], [43.675873, 34.712836], [43.676768, 34.699774], [43.665131, 34.691474], [43.693777, 34.66352], [43.693777, 34.626288], [43.71046, 34.596788], [43.716238, 34.553656], [43.739187, 34.538357], [43.769786, 34.529731], [43.78183, 34.372748], [43.802257, 34.345079], [43.827729, 34.286404], [43.822765, 34.235541], [43.829356, 34.223009], [43.870616, 34.184353], [43.894786, 34.132839], [43.92864, 34.10578], [43.971446, 34.085395], [44.194916, 34.055976], [44.233653, 34.032294], [44.270518, 34.046739], [44.291433, 34.041693], [44.37794, 34.001329], [44.427989, 33.963568], [44.447683, 33.935492], [44.450125, 33.89765], [44.444021, 33.880154], [44.409923, 33.835517], [44.389415, 33.783637], [44.391612, 33.765448], [44.425792, 33.724677], [44.407807, 33.698757], [44.385346, 33.62991], [44.342865, 33.624823], [44.322683, 33.613471], [44.326182, 33.574164], [44.308604, 33.550116], [44.304861, 33.508816], [44.311127, 33.481065], [44.348399, 33.445258], [44.344656, 33.39879], [44.36671, 33.377956], [44.390391, 33.325507], [44.37558, 33.310411], [44.379649, 33.294745], [44.402354, 33.284288], [44.447846, 33.28913], [44.458263, 33.260688], [44.483816, 33.24376], [44.48935, 33.233018], [44.486827, 33.173122], [44.52711, 33.157742], [44.550548, 33.136176], [44.576427, 33.072943], [44.586925, 33.070095], [44.604503, 33.082058], [44.612234, 33.077216], [44.632091, 33.03913], [44.665701, 33.016181], [44.688569, 33.012722], [44.714936, 33.025702], [44.738536, 33.023261], [44.74114, 33.013739], [44.724213, 32.983425], [44.727957, 32.974229], [44.744395, 32.971747], [44.766856, 32.988064], [44.776296, 32.986518], [44.814382, 32.957343], [44.839366, 32.972113], [44.865815, 32.93712], [44.917003, 32.923285], [44.969168, 32.876003], [44.992117, 32.877712], [45.041515, 32.900336], [45.060069, 32.894843], [45.064382, 32.877997], [45.033702, 32.864081], [45.026378, 32.856757], [45.026947, 32.846706], [45.103526, 32.786322], [45.136974, 32.79446], [45.17864, 32.777126], [45.267345, 32.774278], [45.278819, 32.766221], [45.279226, 32.752021], [45.257498, 32.709052], [45.255789, 32.693427], [45.306082, 32.689154], [45.334727, 32.647976], [45.364757, 32.652777], [45.378917, 32.64822], [45.42628, 32.573554], [45.444753, 32.570258], [45.462169, 32.584581], [45.511729, 32.595242], [45.529307, 32.576728], [45.520112, 32.550157], [45.526296, 32.534369], [45.544037, 32.532986], [45.584402, 32.555487], [45.605479, 32.537909], [45.627696, 32.538357], [45.660574, 32.563992], [45.698253, 32.555976], [45.717296, 32.528835], [45.735769, 32.517524], [45.791108, 32.531358], [45.809093, 32.502224]], [[43.309093, 35.794908], [43.308849, 35.794379], [43.315684, 35.794379], [43.309093, 35.794908]], [[45.806895, 32.510932], [45.812104, 32.505927], [45.831554, 32.512478], [45.863862, 32.545233], [45.900645, 32.555732], [45.925222, 32.551134], [45.947683, 32.595526], [45.964773, 32.610175], [46.030854, 32.622178], [46.052826, 32.639472], [46.10434, 32.654568], [46.140636, 32.650173], [46.161876, 32.640896], [46.176524, 32.629828], [46.206472, 32.583441], [46.233816, 32.565212], [46.312022, 32.550157], [46.348888, 32.528266], [46.398367, 32.523953], [46.481619, 32.529364], [46.555431, 32.504218], [46.635671, 32.492458], [46.673106, 32.47073], [46.749522, 32.358222], [46.747569, 32.34988], [46.716075, 32.333035], [46.70696, 32.318183], [46.706065, 32.302517], [46.721772, 32.25727], [46.691905, 32.211371], [46.71339, 32.168565], [46.719493, 32.12877], [46.767182, 32.104112], [46.789073, 32.075141], [46.830089, 32.079372], [46.862804, 32.062079], [46.899343, 31.948554], [46.965587, 31.869249], [47.012787, 31.863105], [47.023692, 31.877875], [47.098725, 31.89586], [47.134776, 31.863837], [47.13974, 31.844021], [47.126069, 31.809882], [47.13974, 31.772325], [47.149832, 31.711371], [47.18336, 31.695339], [47.191661, 31.675482], [47.194347, 31.641384], [47.23585, 31.609442], [47.242198, 31.59044], [47.283702, 31.531521], [47.336029, 31.51081], [47.374522, 31.47252], [47.379975, 31.463894], [47.369558, 31.430121], [47.37558, 31.419379], [47.42628, 31.386746], [47.434011, 31.375108], [47.435151, 31.355821], [47.414073, 31.323594], [47.441173, 31.247504], [47.441417, 31.216824], [47.426524, 31.180935], [47.427745, 31.169623], [47.455658, 31.149197], [47.420909, 31.10696], [47.434011, 31.083075], [47.427989, 31.034857], [47.434011, 31.018826]]]}}, {"type": "Feature", "properties": {"name": "Gharraf Canal", "featurecla": "River", "scalerank": 4.0}, "geometry": {"type": "LineString", "coordinates": [[45.809093, 32.502224], [45.805268, 32.470526], [45.815684, 32.455512], [45.872325, 32.443915], [45.931244, 32.406846], [45.940522, 32.388699], [45.920177, 32.337755], [45.930756, 32.300157], [45.920177, 32.286241], [45.957612, 32.231228], [45.999522, 32.216335], [46.011322, 32.196845], [46.015717, 32.149115], [45.961681, 32.03616], [45.981456, 31.998318], [45.955984, 31.94123], [45.991954, 31.898627], [46.049815, 31.888454], [46.075857, 31.862982], [46.090343, 31.822821], [46.129324, 31.501776], [46.153575, 31.483262], [46.188731, 31.388373], [46.228038, 31.322577], [46.289561, 31.262722], [46.346202, 31.243842], [46.370372, 31.202663], [46.365164, 31.183295], [46.385183, 31.16946], [46.418468, 31.161892], [46.420339, 31.134874], [46.409679, 31.099473], [46.393077, 31.073432], [46.36614, 31.055447], [46.371104, 31.039252], [46.399343, 31.031846], [46.399994, 31.01671], [46.366222, 30.963568]]}}, {"type": "Feature", "properties": {"name": "Bahr el Jebel", "featurecla": "River", "scalerank": 1.0}, "geometry": {"type": "LineString", "coordinates": [[32.01588, 3.613634], [31.940359, 3.696112], [31.923106, 3.727118], [31.865245, 3.79914], [31.795909, 3.855658], [31.748546, 3.909003], [31.682628, 3.968533], [31.591401, 4.08039], [31.545665, 4.207831], [31.521983, 4.241075], [31.521983, 4.285753], [31.509858, 4.342882], [31.508311, 4.364936], [31.525645, 4.420925], [31.532644, 4.498806], [31.502533, 4.580878], [31.532807, 4.610053], [31.562999, 4.663153], [31.593028, 4.681464], [31.590912, 4.766181], [31.597097, 4.806505], [31.631847, 4.875434], [31.643647, 4.926866], [31.720632, 5.105821], [31.732921, 5.177354], [31.761648, 5.221991], [31.762218, 5.348415], [31.748546, 5.409857], [31.756114, 5.440701], [31.788829, 5.499945], [31.796397, 5.533026], [31.793875, 5.613105], [31.767019, 5.758816], [31.75351, 5.790147], [31.714122, 5.839382], [31.665538, 5.941921], [31.646088, 5.937445], [31.628347, 5.957953], [31.584727, 6.079901], [31.563406, 6.109646], [31.541433, 6.12641], [31.521983, 6.197537], [31.498057, 6.248481], [31.489675, 6.306342], [31.474864, 6.335273], [31.410655, 6.411811], [31.399099, 6.43769], [31.389659, 6.498806], [31.344737, 6.519232], [31.33074, 6.554389], [31.317882, 6.621609], [31.299815, 6.633734], [31.292979, 6.660509], [31.261811, 6.690945], [31.241628, 6.740098], [31.211843, 6.751329], [31.186941, 6.793972], [31.148367, 6.829657]]}}, {"type": "Feature", "properties": {"name": "Bahr el Jebel", "featurecla": "River", "scalerank": 1.0}, "geometry": {"type": "LineString", "coordinates": [[31.148367, 6.829657], [31.128429, 6.837429], [31.107432, 6.859158], [31.077078, 6.875922], [31.063406, 6.917507], [31.028087, 6.929063], [30.970632, 6.960273], [30.902843, 7.016466], [30.846202, 7.0338], [30.818858, 7.072781], [30.802745, 7.117743], [30.754893, 7.143419], [30.716563, 7.185736], [30.711925, 7.217068], [30.686534, 7.260769], [30.679698, 7.287421], [30.656505, 7.321845], [30.651866, 7.362494], [30.641856, 7.382636], [30.610606, 7.415839], [30.601003, 7.447577], [30.576671, 7.452501], [30.576671, 7.472357], [30.54005, 7.508734], [30.56544, 7.51793], [30.566661, 7.556423], [30.545828, 7.590033], [30.523041, 7.600043], [30.522065, 7.630072], [30.494151, 7.657335], [30.509369, 7.678412], [30.501394, 7.696885], [30.509044, 7.742296], [30.536713, 7.780585], [30.528331, 7.795193], [30.549327, 7.801337], [30.522065, 7.807563], [30.522065, 7.815009], [30.535818, 7.824246], [30.507823, 7.84573], [30.507823, 7.873643], [30.496186, 7.887071], [30.48585, 7.922797], [30.425873, 7.993191], [30.437104, 8.002387], [30.392345, 8.062038], [30.391124, 8.105089], [30.384288, 8.116034], [30.350841, 8.112128], [30.350678, 8.130316], [30.324636, 8.118435], [30.310802, 8.149522], [30.307628, 8.191718], [30.312918, 8.212917], [30.329194, 8.218085], [30.320079, 8.246405], [30.337983, 8.252875], [30.336925, 8.268175], [30.316661, 8.301052], [30.343842, 8.315253], [30.333018, 8.353827], [30.323497, 8.363715], [30.330333, 8.390977], [30.348155, 8.404893], [30.359874, 8.460232], [30.350678, 8.479112], [30.330333, 8.479112], [30.330333, 8.500271], [30.296153, 8.524197], [30.274994, 8.558621], [30.285085, 8.589952], [30.274994, 8.596462], [30.274994, 8.582831], [30.268809, 8.582831], [30.272227, 8.607611], [30.309581, 8.670233], [30.309174, 8.685167], [30.303315, 8.693061], [30.282481, 8.698839], [30.242686, 8.735907], [30.227143, 8.760321], [30.249929, 8.781073], [30.253998, 8.793809], [30.24822, 8.808702], [30.240815, 8.801866], [30.235362, 8.818142], [30.23463, 8.870185], [30.213634, 8.898139], [30.20989, 8.940985], [30.193126, 8.973212], [30.19101, 8.990343], [30.206716, 9.028428], [30.23463, 9.035264], [30.254487, 9.055203], [30.261322, 9.083075], [30.299734, 9.107937], [30.318777, 9.169623], [30.358165, 9.199774], [30.351166, 9.207099], [30.36435, 9.226426], [30.362071, 9.306464], [30.337006, 9.322618], [30.324718, 9.347724], [30.354503, 9.364529], [30.369395, 9.40351], [30.404796, 9.439317], [30.424734, 9.482856], [30.456716, 9.492133], [30.487885, 9.528103], [30.504812, 9.536241], [30.6456, 9.53498], [30.773367, 9.504828], [30.816173, 9.50019], [30.895763, 9.50019], [30.938487, 9.515204], [30.959727, 9.514472], [31.003998, 9.499376], [31.124766, 9.432481]]}}, {"type": "Feature", "properties": {"name": "Syr  Darya", "featurecla": "Lake Centerline", "scalerank": 5.0}, "geometry": {"type": "MultiLineString", "coordinates": [[[61.760183, 46.021104], [61.733165, 46.047553], [61.66505, 46.063666], [61.562429, 46.109565]], [[68.45574, 41.106757], [68.435476, 41.113105], [68.354747, 41.103949], [68.263438, 41.104763], [68.079031, 41.137152], [68.045502, 41.152777], [67.990896, 41.207465], [67.964936, 41.24962]], [[70.0, 40.29679265010389], [69.90504, 40.272244], [69.854421, 40.267686], [69.827078, 40.27265]]]}}, {"type": "Feature", "properties": {"name": "Syr  Darya", "featurecla": "River", "scalerank": 5.0}, "geometry": {"type": "MultiLineString", "coordinates": [[[61.562022, 46.109727], [61.51295, 46.131049], [61.441661, 46.101589], [61.358165, 46.084988], [61.333018, 46.06391], [61.256602, 46.038845], [61.164968, 46.03144], [61.077403, 46.046332], [61.055675, 46.061794], [61.025971, 46.100165], [61.006602, 46.107774], [60.929291, 46.10517], [60.87794, 46.137315]], [[67.964936, 41.24962], [67.964366, 41.27501], [67.971772, 41.290066], [67.985037, 41.299994], [68.03769, 41.310899], [68.046641, 41.32156], [68.040131, 41.338406], [68.104015, 41.364773], [68.087332, 41.404731], [68.115896, 41.458197], [68.107839, 41.477729], [68.073334, 41.503119], [68.068126, 41.523383], [68.09433, 41.546251], [68.053803, 41.599066], [68.065929, 41.608262], [68.062104, 41.623236], [68.040131, 41.653673], [68.047455, 41.675645], [68.047862, 41.706244], [68.034109, 41.75613], [68.058035, 41.756903], [68.071544, 41.766384], [68.098888, 41.814765], [68.10434, 41.829128], [68.101573, 41.844753], [68.087901, 41.865994], [68.105561, 41.880439], [68.111339, 41.899766], [68.11321, 41.951728], [68.146658, 41.958808], [68.176768, 42.018256], [68.167084, 42.068671], [68.208751, 42.065253], [68.24114, 42.118435], [68.241303, 42.124538], [68.222667, 42.138454], [68.162527, 42.143988], [68.154063, 42.153998], [68.161632, 42.165595], [68.184174, 42.174506], [68.215261, 42.169949], [68.225841, 42.174506], [68.263276, 42.252997], [68.288178, 42.264594], [68.277354, 42.295762], [68.246755, 42.30976], [68.259858, 42.338935], [68.259939, 42.365424], [68.27711, 42.387519], [68.273529, 42.414659], [68.239513, 42.42829], [68.252533, 42.448757], [68.241303, 42.471991], [68.190847, 42.529568], [68.229503, 42.559841], [68.232595, 42.573106], [68.225841, 42.592149], [68.232432, 42.60517], [68.259858, 42.62698], [68.260834, 42.641303], [68.246349, 42.671332], [68.247, 42.710395], [68.235606, 42.730902], [68.239513, 42.770941], [68.197765, 42.763495], [68.230968, 42.791205], [68.232595, 42.80447], [68.20224, 42.823839], [68.205007, 42.86225], [68.180431, 42.843817], [68.163666, 42.845486], [68.102143, 42.88703], [68.160411, 42.911933], [68.158621, 42.940294], [68.169037, 42.970771], [68.153819, 42.976386], [68.09547, 42.976386], [68.072846, 43.000515], [68.057628, 43.00373], [68.019786, 42.990058], [68.027273, 43.010565], [68.006114, 43.017401], [68.019786, 43.037218], [67.968516, 43.036404], [67.958263, 43.058946], [67.927257, 43.044623], [67.886974, 43.062812], [67.848399, 43.05154], [67.835541, 43.073269], [67.83839, 43.09162], [67.870697, 43.134955], [67.855235, 43.161322], [67.865164, 43.19005], [67.848399, 43.18183], [67.845225, 43.197292], [67.860444, 43.218207], [67.855235, 43.229031], [67.800141, 43.236518], [67.800141, 43.243272], [67.827891, 43.253852], [67.826182, 43.262722], [67.791515, 43.269355], [67.780203, 43.281114], [67.783621, 43.290961], [67.800792, 43.291287], [67.808116, 43.297919], [67.807709, 43.329779], [67.746674, 43.343207], [67.725515, 43.360622], [67.759695, 43.366807], [67.732188, 43.376085], [67.705089, 43.360622], [67.684011, 43.305365], [67.670095, 43.311225], [67.664561, 43.325303], [67.659109, 43.375312], [67.630951, 43.377021], [67.616222, 43.387274], [67.631765, 43.395819], [67.637706, 43.406846], [67.632904, 43.416815], [67.616222, 43.422065], [67.561046, 43.401557], [67.587901, 43.442898], [67.577729, 43.448757], [67.51946, 43.422065], [67.539806, 43.451972], [67.540538, 43.462999], [67.512625, 43.497138], [67.48642, 43.507392], [67.485362, 43.517646], [67.506358, 43.551134], [67.499522, 43.571112], [67.451182, 43.613837], [67.423269, 43.648017], [67.389089, 43.668484], [67.402761, 43.682156], [67.362234, 43.711127], [67.347911, 43.727891], [67.341319, 43.751044], [67.320893, 43.738837], [67.300304, 43.751044], [67.293468, 43.76203], [67.292898, 43.791327], [67.276866, 43.810818], [67.252533, 43.819281], [67.219493, 43.80626], [67.204112, 43.811835], [67.215017, 43.842597], [67.197846, 43.867051], [67.205496, 43.886176], [67.196869, 43.89411], [67.174083, 43.897813], [67.167247, 43.921698], [67.135834, 43.929145], [67.115326, 43.942206], [67.088471, 43.9383], [67.054454, 43.964464], [67.025971, 43.976345], [67.039561, 44.002143], [67.028331, 44.016059], [67.009369, 44.019639], [66.988536, 44.002712], [66.964447, 43.999945], [66.940684, 44.006293], [66.927745, 44.029731], [66.923595, 44.004218], [66.913259, 43.987576], [66.8956, 43.976345], [66.889578, 43.962673], [66.868907, 43.97016], [66.845795, 43.964789], [66.834239, 43.97016], [66.823416, 43.945909], [66.801768, 43.944281], [66.751557, 43.97016], [66.72519, 43.956122], [66.673757, 43.968817], [66.63144, 43.963813], [66.62086, 43.990058], [66.611908, 43.997382], [66.587494, 43.985297], [66.574148, 43.962673], [66.568614, 43.973415], [66.574148, 44.0008], [66.569347, 44.010565], [66.536225, 44.007636], [66.524669, 44.024522], [66.514903, 44.057644], [66.50587, 44.06627], [66.518484, 44.075873], [66.512706, 44.085557], [66.54005, 44.09988], [66.53297, 44.110541], [66.498464, 44.120917], [66.519542, 44.148261], [66.493093, 44.146511], [66.477957, 44.127143], [66.448009, 44.141303], [66.439545, 44.150824], [66.443858, 44.161933], [66.416433, 44.161933], [66.423269, 44.237006], [66.399425, 44.259955], [66.396007, 44.274848], [66.348237, 44.27794], [66.353119, 44.299343], [66.30657, 44.309027], [66.287364, 44.336493], [66.25823, 44.360541], [66.25823, 44.367377], [66.277924, 44.376736], [66.278738, 44.401475], [66.238373, 44.387234], [66.230072, 44.409695], [66.200776, 44.415961], [66.186534, 44.439032], [66.175873, 44.443386], [66.148936, 44.428778], [66.114268, 44.449897], [66.12851, 44.469794], [66.117686, 44.475531], [66.077566, 44.469794], [66.056163, 44.479926], [66.046397, 44.477322], [66.046479, 44.456122], [66.015636, 44.469265], [65.945893, 44.481757], [65.91627, 44.497097], [65.957123, 44.490912], [65.943451, 44.535264], [65.957123, 44.556016], [65.953298, 44.563829], [65.926768, 44.569688], [65.923432, 44.575873], [65.930431, 44.586493], [65.91627, 44.60696], [65.914643, 44.627753], [65.885265, 44.62405], [65.88087, 44.629706], [65.888927, 44.638007], [65.868175, 44.660956], [65.833588, 44.675238], [65.808197, 44.662177], [65.792247, 44.668402], [65.788503, 44.68537], [65.807546, 44.696234], [65.812511, 44.713162], [65.810151, 44.731757], [65.799571, 44.744086], [65.779063, 44.729804], [65.698171, 44.740058], [65.662364, 44.751573], [65.643158, 44.739691], [65.622162, 44.738308], [65.554861, 44.760443], [65.512136, 44.785102], [65.512136, 44.820502], [65.478038, 44.8546], [65.402273, 44.884711], [65.344737, 44.922797], [65.321869, 44.95543], [65.316498, 44.9796], [65.308686, 44.982449], [65.274343, 44.988349], [65.199962, 44.970038], [65.184662, 44.98786], [65.12794, 44.991156], [65.130951, 45.002875], [65.059581, 44.991156], [65.035085, 44.998643], [64.993337, 45.023993], [64.96339, 45.018419], [64.929861, 44.98371], [64.874766, 44.977484], [64.77239, 44.997992], [64.778087, 45.028876], [64.760183, 45.036444], [64.702729, 45.032172], [64.639415, 45.068183], [64.610606, 45.073065], [64.584076, 45.065009], [64.574636, 45.082384], [64.562511, 45.087348], [64.511485, 45.07628], [64.493582, 45.105292], [64.469005, 45.12462], [64.40919, 45.142035], [64.422293, 45.161811], [64.397553, 45.164496], [64.378429, 45.177558], [64.369151, 45.196357], [64.374441, 45.216498], [64.330089, 45.223944], [64.326671, 45.229682], [64.347179, 45.264919], [64.333507, 45.258083], [64.265147, 45.271674], [64.232026, 45.286078], [64.225108, 45.296698], [64.237315, 45.306464], [64.203136, 45.395209], [64.210948, 45.40587], [64.19337, 45.409003], [64.186046, 45.429307], [64.171641, 45.420681], [64.168956, 45.408881], [64.156342, 45.418402], [64.155284, 45.436225], [64.133311, 45.429389], [64.11435, 45.470893], [64.099864, 45.476996], [64.045421, 45.463446], [64.019216, 45.48432], [63.987641, 45.489447], [63.918468, 45.483995], [63.890066, 45.496894], [63.867686, 45.525255], [63.862071, 45.553656], [63.91505, 45.57864], [63.92392, 45.591824], [63.921886, 45.6081], [63.859874, 45.649115], [63.756847, 45.682481], [63.737722, 45.703721], [63.781505, 45.708686], [63.795828, 45.724555], [63.793468, 45.7414], [63.689138, 45.751532], [63.665457, 45.746202], [63.624034, 45.722724], [63.497325, 45.690701], [63.442149, 45.683173], [63.331391, 45.638699], [63.304291, 45.614325], [63.224376, 45.611396], [63.183604, 45.599189], [63.145112, 45.602484], [63.122976, 45.656317], [63.113699, 45.665473], [63.0831, 45.674384], [63.05657, 45.698269], [63.041515, 45.703721], [62.976654, 45.703721], [62.946056, 45.73371], [62.928233, 45.724189], [62.887218, 45.737169], [62.873464, 45.729682], [62.85255, 45.696845], [62.82724, 45.690009], [62.785818, 45.704535], [62.770518, 45.703721], [62.776947, 45.685818], [62.773529, 45.678412], [62.763113, 45.676378], [62.743175, 45.704901], [62.733002, 45.709906], [62.697195, 45.714464], [62.643158, 45.734076], [62.641856, 45.757025], [62.622569, 45.789618], [62.617605, 45.820136], [62.606619, 45.834052], [62.579356, 45.806098], [62.534434, 45.782253], [62.474213, 45.769965], [62.441661, 45.751532], [62.407481, 45.778835], [62.39446, 45.781195], [62.309093, 45.735622], [62.290701, 45.737169], [62.303315, 45.769232], [62.298432, 45.784003], [62.254405, 45.763129], [62.180919, 45.778835], [62.184581, 45.7567], [62.168224, 45.743272], [62.143891, 45.739936], [62.105072, 45.751044], [62.023855, 45.731635], [62.037527, 45.709906], [62.004161, 45.701483], [61.979503, 45.671658], [61.965587, 45.668972], [61.934825, 45.692572], [61.91269, 45.700466], [61.900401, 45.724189], [61.882253, 45.731024], [61.75172, 45.741889], [61.73585, 45.751532], [61.714854, 45.792426], [61.691417, 45.811957], [61.692556, 45.841254], [61.73585, 45.895535], [61.778331, 45.913642], [61.828298, 45.915961], [61.843761, 45.92536], [61.84669, 45.946723], [61.832123, 45.984931], [61.795909, 45.987616], [61.78712, 46.002794], [61.760183, 46.021104]], [[69.827078, 40.27265], [69.801768, 40.303738], [69.767589, 40.282579], [69.733409, 40.303738], [69.65504, 40.303412], [69.636974, 40.31155], [69.596609, 40.292182], [69.578624, 40.258734], [69.567475, 40.252021], [69.477468, 40.24197], [69.384858, 40.212917], [69.339285, 40.208116], [69.315522, 40.214545], [69.277436, 40.242703], [69.231944, 40.251899], [69.177989, 40.276435], [69.177826, 40.294542], [69.116466, 40.331], [69.134858, 40.345974], [69.134776, 40.372748], [69.150645, 40.386298], [69.108979, 40.386298], [69.143891, 40.413601], [69.095876, 40.420437], [69.12379, 40.459499], [69.116466, 40.485297], [69.097667, 40.507392], [69.116466, 40.515326], [69.097585, 40.523139], [69.07545, 40.522773], [69.096446, 40.572537], [69.121593, 40.581244], [69.121186, 40.588324], [69.105886, 40.598578], [69.075776, 40.580634], [69.068126, 40.584296], [69.068451, 40.591661], [69.088471, 40.612169], [69.06544, 40.633246], [69.05364, 40.65823], [68.992931, 40.653144], [69.012706, 40.683621], [69.003184, 40.687934], [68.959972, 40.673407], [68.944591, 40.680487], [68.957774, 40.693671], [68.955577, 40.707099], [68.930919, 40.728868], [68.902924, 40.735053], [68.902924, 40.755561], [68.887299, 40.776923], [68.842784, 40.797797], [68.814871, 40.831326], [68.799815, 40.839626], [68.755951, 40.849962], [68.739757, 40.844916], [68.73349, 40.868964], [68.714936, 40.8664], [68.707937, 40.907538], [68.633311, 40.968207], [68.665457, 40.978135], [68.670014, 40.985216], [68.66155, 40.994208], [68.643484, 41.002631], [68.613292, 41.00434], [68.609386, 41.012803], [68.615001, 41.028428], [68.556895, 41.019232], [68.541026, 41.023708], [68.518321, 41.045193], [68.506358, 41.074286], [68.480968, 41.082628], [68.462332, 41.094672], [68.45574, 41.106757]]]}}, {"type": "Feature", "properties": {"name": "El Bahr el Abyad", "featurecla": "River", "scalerank": 1.0}, "geometry": {"type": "LineString", "coordinates": [[31.124766, 9.432481], [31.349132, 9.37995], [31.36614, 9.359483], [31.404877, 9.345526], [31.463959, 9.348944], [31.509695, 9.364447], [31.583995, 9.412055], [31.612804, 9.44831], [31.631847, 9.490546], [31.652354, 9.51789], [31.631847, 9.555447], [31.635834, 9.575019], [31.660167, 9.599148], [31.669037, 9.620063], [31.704845, 9.629096], [31.720632, 9.658474], [31.739675, 9.670274], [31.828136, 9.684272], [31.920502, 9.751492], [31.975678, 9.767524], [32.025401, 9.845649], [32.092214, 9.889106], [32.125255, 9.919135], [32.168386, 9.979031], [32.176524, 10.007636], [32.212169, 10.025336], [32.218354, 10.034532], [32.246593, 10.104112], [32.266205, 10.119818], [32.28297, 10.185411], [32.244151, 10.268378], [32.248139, 10.323188], [32.235037, 10.364203], [32.231537, 10.429633], [32.220876, 10.440863], [32.203705, 10.445339], [32.133311, 10.44477], [32.108653, 10.451443], [32.098074, 10.470323], [32.100678, 10.51142], [32.111746, 10.54914], [32.135834, 10.584784], [32.241954, 10.680121], [32.300792, 10.749091], [32.336436, 10.779608], [32.372325, 10.79621], [32.403819, 10.794501], [32.425304, 10.804551], [32.516205, 10.933539], [32.558686, 10.951483], [32.572683, 10.967231], [32.625499, 10.994818], [32.646902, 11.034003], [32.652761, 11.071357], [32.652924, 11.244656], [32.639252, 11.28559], [32.64088, 11.309109], [32.67628, 11.39586], [32.687022, 11.501899], [32.707042, 11.574897], [32.761241, 11.678819], [32.768565, 11.72838], [32.76588, 11.779405], [32.755382, 11.824042], [32.724376, 11.908718], [32.722179, 11.957628], [32.749115, 11.995307], [32.728526, 12.10456], [32.730072, 12.202257], [32.721202, 12.221259], [32.729259, 12.292182], [32.740977, 12.327419], [32.767507, 12.367987], [32.778738, 12.440456], [32.796886, 12.495632], [32.80364, 12.566962], [32.755382, 12.769965], [32.769786, 12.850287], [32.752208, 12.906806], [32.755626, 12.930935], [32.810557, 13.016384], [32.810069, 13.036729], [32.783214, 13.07099], [32.774425, 13.122423], [32.748546, 13.167182], [32.718028, 13.17711], [32.628673, 13.249579], [32.613292, 13.278103], [32.604991, 13.313259], [32.576589, 13.357042], [32.570811, 13.393622], [32.577729, 13.468288], [32.614024, 13.569525], [32.619395, 13.605414], [32.612559, 13.62641], [32.560639, 13.636501], [32.509532, 13.673692], [32.475352, 13.722113], [32.47169, 13.794053], [32.384288, 13.860622], [32.358002, 13.887234], [32.340261, 13.916368], [32.330007, 13.947577], [32.3213, 14.029893], [32.292247, 14.088324], [32.276134, 14.140448], [32.215587, 14.221381], [32.200613, 14.283881], [32.167735, 14.347032], [32.159434, 14.379421], [32.162364, 14.409044], [32.201915, 14.531521], [32.179861, 14.619656], [32.194265, 14.687812], [32.208507, 14.722683], [32.22462, 14.746853], [32.304698, 14.820868], [32.344493, 14.900173], [32.410818, 14.946357], [32.423595, 14.962226], [32.428152, 14.987901], [32.420177, 15.078925], [32.436697, 15.145453], [32.483409, 15.274685], [32.489024, 15.346137], [32.482514, 15.381863], [32.454112, 15.443549], [32.44752, 15.476142], [32.490164, 15.634548]]}}, {"type": "Feature", "properties": {"name": "Panj", "featurecla": "River", "scalerank": 5.0}, "geometry": {"type": "LineString", "coordinates": [[70.0, 37.55444972665325], [69.989024, 37.567572], [69.954845, 37.575751], [69.934825, 37.605902], [69.918468, 37.617377], [69.894786, 37.618435], [69.801768, 37.581732], [69.753917, 37.596869], [69.664561, 37.576443], [69.52825, 37.586249], [69.508311, 37.579291], [69.490815, 37.537218], [69.424897, 37.494452], [69.411225, 37.472724], [69.384044, 37.453559], [69.37794, 37.43769], [69.376557, 37.380927], [69.39088, 37.370917], [69.384044, 37.360419], [69.385916, 37.341742], [69.402599, 37.311347], [69.409272, 37.276923], [69.417491, 37.26789], [69.409434, 37.245917], [69.444835, 37.23664], [69.441661, 37.223822], [69.407237, 37.17768], [69.350515, 37.144395], [69.323416, 37.121202], [69.245372, 37.104112], [69.123139, 37.169379], [69.095876, 37.213324], [69.035411, 37.251817], [69.020763, 37.288194], [68.984874, 37.320624], [68.964936, 37.329372], [68.887462, 37.338406], [68.889903, 37.323106], [68.917247, 37.30268], [68.920665, 37.288194], [68.915457, 37.279242], [68.889903, 37.282172], [68.856375, 37.325141], [68.835378, 37.329372], [68.813406, 37.323676], [68.809825, 37.312323], [68.821707, 37.282172], [68.819916, 37.251166], [68.759288, 37.275499], [68.668468, 37.27851], [68.657156, 37.26789], [68.670828, 37.247423], [68.648204, 37.244574], [68.626475, 37.206488], [68.551036, 37.192816], [68.523448, 37.164862], [68.403331, 37.151882], [68.417572, 37.128485], [68.411143, 37.113593], [68.391368, 37.10574], [68.365489, 37.103461], [68.307058, 37.114529], [68.287852, 37.103461], [68.280284, 37.086859], [68.287852, 37.024604], [68.277354, 37.010321], [68.212006, 37.021511]]}}, {"type": "Feature", "properties": {"name": "Amu  Darya", "featurecla": "River", "scalerank": 5.0}, "geometry": {"type": "MultiLineString", "coordinates": [[[59.098562, 43.291693], [59.093842, 43.335395], [59.040457, 43.37991], [59.031749, 43.419745], [58.988699, 43.448757], [58.973237, 43.466986], [58.981212, 43.521064], [58.976654, 43.540351], [58.999604, 43.569363], [59.005056, 43.59809], [59.05714, 43.643826], [59.060557, 43.656521], [59.052175, 43.701931], [59.030691, 43.718288], [58.992117, 43.76907], [58.959239, 43.799913], [58.918956, 43.822211], [58.813406, 43.845974], [58.763601, 43.87287], [58.729421, 43.878852], [58.594168, 43.878689], [58.567556, 43.888454], [58.5442, 43.942206], [58.5442, 43.964545], [58.55657, 44.000556], [58.542979, 44.041531], [58.542979, 44.060126], [58.560313, 44.094916], [58.575206, 44.109727], [58.577647, 44.127143], [58.523041, 44.189276], [58.494395, 44.209052], [58.475841, 44.240098], [58.470795, 44.261257], [58.335541, 44.374213], [58.319428, 44.392768], [58.315684, 44.426337]], [[68.212006, 37.021511], [68.185964, 37.018581], [68.054454, 36.934882], [68.019786, 36.925889], [67.961355, 36.99018], [67.917979, 37.014106], [67.877696, 37.064643], [67.807628, 37.083523], [67.772553, 37.110297], [67.780203, 37.189073], [67.775645, 37.207831], [67.746349, 37.2296], [67.677175, 37.233832], [67.632742, 37.254259], [67.591807, 37.247423], [67.571788, 37.223415], [67.561046, 37.22016], [67.544526, 37.231757], [67.525645, 37.273139], [67.502696, 37.282172], [67.481944, 37.277655], [67.430675, 37.240017], [67.390717, 37.219794], [67.319021, 37.208686], [67.281016, 37.18891], [67.2588, 37.18537], [67.236339, 37.192694], [67.20753, 37.24372], [67.187429, 37.258409], [67.122813, 37.282172], [67.097097, 37.340847], [67.005463, 37.384589], [66.957286, 37.385443], [66.865245, 37.368232], [66.73463, 37.363552], [66.693614, 37.343695], [66.654307, 37.346381], [66.588308, 37.36872], [66.538585, 37.369412], [66.502452, 37.355902], [66.469656, 37.330024], [66.450694, 37.323106], [66.413097, 37.34988], [66.320323, 37.329372], [66.293956, 37.331407], [66.218191, 37.375027], [66.162608, 37.377143], [66.142589, 37.385321], [66.079194, 37.441107], [65.854747, 37.508124], [65.828705, 37.525906], [65.796153, 37.569607], [65.710704, 37.596869], [65.648692, 37.603787], [65.601492, 37.638536], [65.55185, 37.664862], [65.485362, 37.676378], [65.458507, 37.693956], [65.402843, 37.711208], [65.307058, 37.708564], [65.265147, 37.72724], [65.239024, 37.787624], [65.213308, 37.82156], [65.146251, 37.943549], [65.118256, 37.981269], [65.086436, 38.007758], [65.007823, 38.049384], [64.936127, 38.103949], [64.897716, 38.119818], [64.854096, 38.124457], [64.676036, 38.179714], [64.608002, 38.209174], [64.568858, 38.218573], [64.518484, 38.254218], [64.451427, 38.271796], [64.370535, 38.327216], [64.281261, 38.44123], [64.177826, 38.507514], [64.154389, 38.531928], [64.097341, 38.648871], [64.072032, 38.681586], [63.977794, 38.747097], [63.969737, 38.765326], [63.962901, 38.844509], [63.911388, 38.902533], [63.90325, 38.934109], [63.879324, 38.956977], [63.859874, 38.967353], [63.812022, 38.974189], [63.754893, 39.003689], [63.716401, 39.062934], [63.686127, 39.09101], [63.647716, 39.110541], [63.558197, 39.138699], [63.522227, 39.159695], [63.468761, 39.220038], [63.428396, 39.241726], [63.379975, 39.248562], [63.35434, 39.27143], [63.320079, 39.281765], [63.257091, 39.323676], [63.175304, 39.31623], [63.120209, 39.331732], [63.08961, 39.323676], [63.049815, 39.331], [63.022472, 39.350165], [62.982921, 39.406195], [62.993663, 39.433783], [62.997325, 39.480251], [62.990245, 39.550157], [62.924897, 39.584337], [62.909923, 39.622341], [62.879893, 39.652777], [62.859386, 39.6588], [62.773936, 39.6588], [62.753673, 39.666938], [62.702403, 39.743598], [62.616791, 39.78087], [62.609386, 39.812323], [62.552338, 39.85578], [62.544688, 39.868598], [62.541921, 39.907294], [62.524099, 39.940009], [62.452403, 40.009467], [62.421153, 40.115302], [62.439138, 40.173163], [62.435476, 40.194444], [62.404714, 40.245551], [62.396088, 40.312283], [62.362071, 40.3699], [62.352794, 40.430691], [62.260346, 40.475938], [62.212983, 40.486843], [62.191417, 40.499213], [62.17099, 40.540229], [62.133718, 40.57807], [62.120209, 40.599189], [62.09962, 40.66059], [62.055268, 40.702012], [62.036388, 40.736518], [62.024913, 40.782172], [61.982351, 40.885932], [61.989757, 40.893378], [61.978933, 40.99905], [61.896983, 41.109076], [61.877452, 41.125271], [61.653901, 41.24962], [61.566905, 41.278022], [61.432709, 41.300605], [61.410248, 41.292263], [61.396658, 41.271267], [61.387136, 41.235948], [61.35906, 41.238715], [61.311615, 41.263943], [61.28712, 41.270128], [61.278087, 41.277655], [61.256602, 41.331], [61.190929, 41.38996], [61.091563, 41.41352], [61.024832, 41.464952], [60.975108, 41.478705], [60.70574, 41.66706], [60.680105, 41.701483], [60.651785, 41.756781], [60.635916, 41.763536], [60.567149, 41.768663], [60.549734, 41.777208], [60.507742, 41.828315], [60.496674, 41.853949], [60.461518, 41.900743], [60.458751, 41.966498], [60.444428, 41.975206], [60.344819, 41.988837], [60.303966, 42.010606], [60.276134, 42.044379], [60.264903, 42.111436], [60.252859, 42.129218], [60.052013, 42.266303], [59.906668, 42.325263], [59.821056, 42.310981], [59.794688, 42.312323], [59.642345, 42.366523], [59.606456, 42.385321], [59.512218, 42.47956], [59.433116, 42.524522], [59.419444, 42.565497], [59.396983, 42.567003], [59.365001, 42.558295], [59.341807, 42.572943], [59.33074, 42.589301], [59.289806, 42.599636], [59.286388, 42.618109], [59.323822, 42.664496], [59.329112, 42.730007], [59.317556, 42.749823], [59.275076, 42.768256], [59.231049, 42.771308], [59.204519, 42.785997], [59.213959, 42.839219], [59.227631, 42.873358], [59.16627, 42.976386], [59.132091, 42.996283], [59.131765, 43.027045], [59.157725, 43.041571], [59.163503, 43.065985], [59.159434, 43.113593], [59.140229, 43.168647], [59.133067, 43.214667], [59.090424, 43.243272], [59.084076, 43.268663], [59.125255, 43.308783], [59.121349, 43.344753], [59.06601, 43.435736], [59.035248, 43.460313], [59.029063, 43.480048], [59.03183, 43.494574], [59.056407, 43.517646], [59.056407, 43.551134], [59.095714, 43.550482], [59.133311, 43.539089], [59.154796, 43.541287], [59.253022, 43.591376], [59.262462, 43.602973], [59.269216, 43.644599], [59.255626, 43.688992], [59.264659, 43.73904], [59.262462, 43.75788], [59.221446, 43.805609], [59.153819, 43.843695], [59.130626, 43.844062], [59.115164, 43.852118], [59.109386, 43.872382], [59.055593, 43.94835], [59.064138, 43.965766], [59.102794, 44.002997], [59.126394, 44.009223], [59.15976, 44.039008], [59.208263, 44.050157], [59.257904, 44.077501], [59.375906, 44.082465], [59.434174, 44.091132], [59.513601, 44.123399], [59.541026, 44.148261]]]}}, {"type": "Feature", "properties": {"name": "Rosetta Branch", "featurecla": "River", "scalerank": 1.0}, "geometry": {"type": "LineString", "coordinates": [[31.236908, 30.123847], [31.228445, 30.141059], [31.16627, 30.15587], [31.145274, 30.17532], [31.067556, 30.221503], [31.050792, 30.221747], [31.029226, 30.209418], [30.990977, 30.215196], [30.978608, 30.225653], [30.969737, 30.273301], [30.926768, 30.291693], [30.916759, 30.336046], [30.882416, 30.34573], [30.851085, 30.326117], [30.832937, 30.333686], [30.826427, 30.347846], [30.833018, 30.361599], [30.879324, 30.372748], [30.872813, 30.383897], [30.844249, 30.401231], [30.841401, 30.415554], [30.851085, 30.45307], [30.830496, 30.497423], [30.845225, 30.518256], [30.851085, 30.545844], [30.823741, 30.552069], [30.821056, 30.568468], [30.837413, 30.579372], [30.837413, 30.586859], [30.816905, 30.595526], [30.804454, 30.613349], [30.793468, 30.694444], [30.774099, 30.716335], [30.796397, 30.74726], [30.792247, 30.763495], [30.768321, 30.759955], [30.754893, 30.76435], [30.753022, 30.775417], [30.770112, 30.800482], [30.814871, 30.817572], [30.816173, 30.827012], [30.806651, 30.833279], [30.761729, 30.827012], [30.789561, 30.846869], [30.793549, 30.868191], [30.789806, 30.877712], [30.756847, 30.88581], [30.782156, 30.922634], [30.751475, 30.97663], [30.763438, 30.983466], [30.72755, 31.018826], [30.72755, 31.052314], [30.699148, 31.091986], [30.651866, 31.114366], [30.605886, 31.172797], [30.581065, 31.186225], [30.569916, 31.19949], [30.554698, 31.202663], [30.54241, 31.195868], [30.525157, 31.196357], [30.514659, 31.237901], [30.507823, 31.237901], [30.507823, 31.230496], [30.494151, 31.237901], [30.52003, 31.289333], [30.518077, 31.327989], [30.483165, 31.354438], [30.473643, 31.339708], [30.458018, 31.347927], [30.448334, 31.374945], [30.425873, 31.384711], [30.424571, 31.428982], [30.41505, 31.440945], [30.398529, 31.443386]]}}, {"type": "Feature", "properties": {"name": "Mur", "featurecla": "River", "scalerank": 6.0}, "geometry": {"type": "LineString", "coordinates": [[14.0, 47.103791604166666], [14.032888, 47.124823], [14.054617, 47.127631], [14.09669, 47.11404], [14.140554, 47.120876], [14.204112, 47.120225], [14.273204, 47.140326], [14.377371, 47.149237], [14.403331, 47.161689], [14.443533, 47.201524], [14.468191, 47.215766], [14.55364, 47.229682], [14.584239, 47.227118], [14.641043, 47.201972], [14.71461, 47.21308], [14.817882, 47.208441], [14.842784, 47.221625], [14.849783, 47.262885], [14.905447, 47.284288], [14.915782, 47.304633], [14.98878, 47.35574], [15.055186, 47.365017], [15.10255, 47.397976], [15.138357, 47.412624], [15.212657, 47.416815], [15.250987, 47.40998], [15.281749, 47.416815], [15.288992, 47.399359], [15.305837, 47.391954], [15.367117, 47.324286], [15.358409, 47.312445], [15.308849, 47.291938], [15.329519, 47.279649], [15.314708, 47.27265], [15.309011, 47.259101], [15.313975, 47.246649], [15.336925, 47.228461], [15.342459, 47.193956], [15.322683, 47.163601], [15.335623, 47.134304], [15.411876, 47.103339], [15.438731, 47.08161], [15.446056, 47.040066], [15.46339, 47.022895], [15.470714, 47.0008], [15.501475, 46.957465], [15.501964, 46.902289], [15.529796, 46.887234], [15.569753, 46.834581], [15.582774, 46.810858], [15.574148, 46.778103], [15.575938, 46.758857], [15.60613, 46.730007], [15.651622, 46.711046], [15.728038, 46.703233], [15.754649, 46.704291], [15.822439, 46.72309], [15.878103, 46.720974], [15.945811, 46.697374], [15.986501, 46.69245], [16.016287, 46.670925], [16.042003, 46.662665], [16.120372, 46.619086], [16.20338, 46.591905], [16.267996, 46.53974], [16.281668, 46.547227], [16.292166, 46.534735], [16.310232, 46.531277], [16.329519, 46.535712], [16.343679, 46.547227], [16.351085, 46.53974], [16.357432, 46.547227], [16.368907, 46.540839], [16.405772, 46.53974], [16.439871, 46.519314], [16.490652, 46.515408], [16.577078, 46.470893], [16.593923, 46.483222], [16.637218, 46.474718], [16.658702, 46.464423], [16.711925, 46.412909], [16.742361, 46.399848], [16.754568, 46.382148], [16.761404, 46.382148], [16.768809, 46.39643], [16.807384, 46.387559], [16.827078, 46.374335], [16.837169, 46.382148], [16.850027, 46.373318], [16.874522, 46.343126], [16.871267, 46.327501], [16.888682, 46.292426], [16.940196, 46.251776], [16.974294, 46.210801], [17.027517, 46.180732], [17.052257, 46.153754], [17.115733, 46.123358], [17.208018, 46.116807], [17.247976, 46.08043], [17.275401, 46.012274], [17.30714, 46.006659], [17.316335, 45.997911], [17.289561, 45.991726], [17.289561, 45.984931], [17.326671, 45.972276], [17.337413, 45.984931], [17.3449, 45.955919], [17.388682, 45.963324], [17.399181, 45.96015], [17.405691, 45.943915], [17.426199, 45.956895], [17.511485, 45.954169], [17.59075, 45.936469], [17.645274, 45.892117], [17.656016, 45.845649], [17.808604, 45.814643], [17.837657, 45.799872], [17.857595, 45.771999], [17.869395, 45.773749], [17.889171, 45.792426], [17.974864, 45.792426], [18.079845, 45.771918], [18.128429, 45.785671], [18.210704, 45.785671], [18.26002, 45.765448], [18.282725, 45.765163], [18.306895, 45.735663], [18.376394, 45.721991], [18.392589, 45.703721], [18.481944, 45.692328], [18.493175, 45.684272], [18.48878, 45.668972], [18.506033, 45.669379], [18.536632, 45.642279], [18.591807, 45.627997], [18.614513, 45.597032], [18.64031, 45.580593], [18.77296, 45.555203], [18.927501, 45.552843]]}}, {"type": "Feature", "properties": {"name": "Suez Canal", "featurecla": "Lake Centerline", "scalerank": 6.0}, "geometry": {"type": "LineString", "coordinates": [[32.560964, 30.180691], [32.554698, 30.209296], [32.538015, 30.242621], [32.506928, 30.266425], [32.459402, 30.273546], [32.430675, 30.29031], [32.397472, 30.337917], [32.359467, 30.424262]]}}, {"type": "Feature", "properties": {"name": "Suez Canal", "featurecla": "River", "scalerank": 6.0}, "geometry": {"type": "MultiLineString", "coordinates": [[[32.359874, 30.423611], [32.322765, 30.540635], [32.296641, 30.566352], [32.303477, 30.593044], [32.334076, 30.644965], [32.34433, 30.720567], [32.341563, 30.744696], [32.3178, 30.812771], [32.302664, 31.256537], [32.313894, 31.272732]], [[32.560802, 30.181505], [32.577729, 30.01142]]]}}, {"type": "Feature", "properties": {"name": "Damietta Branch", "featurecla": "River", "scalerank": 1.0}, "geometry": {"type": "LineString", "coordinates": [[31.145274, 30.17532], [31.111095, 30.226833], [31.107921, 30.270819], [31.100597, 30.277696], [31.103608, 30.332343], [31.055756, 30.374579], [31.086925, 30.370144], [31.106537, 30.382392], [31.101085, 30.416205], [31.11907, 30.410956], [31.125011, 30.402655], [31.135753, 30.446234], [31.145274, 30.456488], [31.179454, 30.46955], [31.178966, 30.488064], [31.227794, 30.51793], [31.220144, 30.541856], [31.227794, 30.559516], [31.248953, 30.547797], [31.261811, 30.552069], [31.250987, 30.564968], [31.270274, 30.660915], [31.25294, 30.7414], [31.241466, 30.74726], [31.23463, 30.771796], [31.230724, 30.81391], [31.213634, 30.836941], [31.254487, 30.853583], [31.252859, 30.868191], [31.23463, 30.881659], [31.255056, 30.888495], [31.241628, 30.899115], [31.261811, 30.922634], [31.252859, 30.950995], [31.255056, 30.963568], [31.263276, 30.973741], [31.296804, 30.984076], [31.305593, 31.016913], [31.323334, 31.02501], [31.337332, 31.041205], [31.358165, 31.052314], [31.394542, 31.054796], [31.399099, 31.073432], [31.437022, 31.128933], [31.453705, 31.14171], [31.45045, 31.156562], [31.474864, 31.183295], [31.504893, 31.172675], [31.514659, 31.173896], [31.508311, 31.189521], [31.515147, 31.196357], [31.545665, 31.187608], [31.581554, 31.186469], [31.613373, 31.195421], [31.631847, 31.216824], [31.625418, 31.243028], [31.661713, 31.248603], [31.676036, 31.258857], [31.677745, 31.27029], [31.65919, 31.278266], [31.666026, 31.292548], [31.681163, 31.286485], [31.692882, 31.290961], [31.686534, 31.30622], [31.716889, 31.346259], [31.716889, 31.381781], [31.734874, 31.381293], [31.747813, 31.391628], [31.755382, 31.408637], [31.768565, 31.403754], [31.810557, 31.422227], [31.801524, 31.442003], [31.804617, 31.458075], [31.827403, 31.477484], [31.824799, 31.484076], [31.844737, 31.525336]]}}, {"type": "Feature", "properties": {"name": "Ismailiya Canal", "featurecla": "River", "scalerank": 6.0}, "geometry": {"type": "LineString", "coordinates": [[31.237559, 30.120673], [31.296967, 30.131415], [31.404796, 30.326239], [31.451427, 30.356879], [31.514659, 30.382148], [31.718679, 30.536729], [32.254649, 30.578884], [32.303477, 30.593044]]}}, {"type": "Feature", "properties": {"name": "Semliki", "featurecla": "Lake Centerline", "scalerank": 6.0}, "geometry": {"type": "LineString", "coordinates": [[31.343191, 2.195909], [31.323171, 2.133124], [31.237412358604132, 2.0]]}}, {"type": "Feature", "properties": {"name": "Koukourou", "featurecla": "River", "scalerank": 6.0}, "geometry": {"type": "LineString", "coordinates": [[20.934825, 7.342637], [20.87615, 7.271064], [20.7942, 7.231798], [20.733572, 7.246446], [20.698253, 7.246772], [20.686534, 7.241034], [20.674815, 7.225938], [20.643565, 7.137803], [20.571707, 7.07453], [20.548595, 7.064887], [20.521495, 7.070665], [20.462576, 7.026719], [20.444835, 7.020575], [20.430675, 7.021837], [20.421072, 7.033555], [20.383067, 7.030137], [20.371837, 7.035834], [20.34905, 7.019884], [20.312266, 7.037624], [20.240001, 7.033637], [20.222911, 7.056749], [20.167735, 7.07453], [20.16033, 7.095649], [20.140391, 7.095649], [20.122325, 7.119656], [20.075938, 7.138861], [20.005138, 7.205837], [19.920665, 7.246446], [19.90447, 7.277859], [19.885183, 7.353339], [19.86614, 7.376166], [19.851817, 7.362494], [19.840017, 7.371161], [19.810802, 7.40412], [19.802257, 7.437934], [19.780772, 7.430772], [19.763194, 7.447455], [19.757823, 7.509467], [19.736339, 7.507148], [19.730479, 7.517035], [19.732921, 7.537706]]}}, {"type": "Feature", "properties": {"name": "Chari", "featurecla": "River", "scalerank": 6.0}, "geometry": {"type": "MultiLineString", "coordinates": [[[15.041515, 12.056749], [14.972911, 12.03852], [14.9192, 12.038031], [14.876964, 12.056749], [14.856375, 12.075222], [14.827322, 12.083686], [14.784679, 12.111843], [14.729747, 12.124294], [14.693777, 12.149278], [14.671641, 12.153022], [14.667735, 12.178249], [14.651052, 12.193956], [14.615896, 12.179145], [14.603689, 12.204454], [14.548025, 12.241767], [14.561778, 12.248603], [14.561778, 12.256049], [14.513927, 12.289578], [14.513927, 12.323676], [14.486583, 12.337958], [14.422618, 12.35338], [14.201671, 12.362657], [14.188487, 12.370551], [14.179373, 12.385769], [14.184988, 12.447211]], [[18.885997, 8.836046], [18.882498, 8.817939], [18.867442, 8.810126], [18.819265, 8.811876], [18.811534, 8.825995], [18.79127, 8.830024], [18.740245, 8.864814], [18.656505, 8.88935], [18.564952, 8.949815], [18.557058, 8.948676], [18.509288, 8.986884], [18.447032, 9.04621], [18.419932, 9.116563], [18.330496, 9.239529], [18.303233, 9.267401], [18.273692, 9.28266], [18.264089, 9.297797], [18.231456, 9.319281], [18.207042, 9.349392], [18.186534, 9.349392], [18.15032, 9.399522], [18.068858, 9.453233], [18.061453, 9.494981], [18.036876, 9.512234], [17.988536, 9.528103], [17.919607, 9.579617], [17.871837, 9.631171], [17.857595, 9.672716], [17.813406, 9.702826], [17.768809, 9.768337], [17.74464, 9.79328], [17.644298, 9.856472], [17.627126, 9.891221], [17.616384, 9.985541], [17.60377, 9.987413], [17.573904, 10.026801], [17.560557, 10.082099], [17.426199, 10.227607], [17.40032, 10.269395], [17.377452, 10.280951], [17.287527, 10.376492], [17.272227, 10.38463], [17.200206, 10.38463], [17.162283, 10.397162], [17.131033, 10.420966], [17.062429, 10.496446], [17.024587, 10.559923], [16.994802, 10.555976], [16.962332, 10.574042], [16.943044, 10.577419], [16.908214, 10.555854], [16.824148, 10.521837], [16.792735, 10.520819], [16.753429, 10.508857], [16.727306, 10.480821], [16.674815, 10.460028], [16.654714, 10.48253], [16.583263, 10.487738], [16.501964, 10.508857], [16.419444, 10.542996], [16.384451, 10.570828], [16.377859, 10.607489], [16.368907, 10.61461], [16.309581, 10.637885], [16.264822, 10.67475], [16.206716, 10.710517], [16.172374, 10.721055], [16.100597, 10.762641], [16.074636, 10.767279], [16.063162, 10.751166], [16.000987, 10.789374], [15.921641, 10.775702], [15.764903, 10.803005], [15.745372, 10.811225], [15.665212, 10.88878], [15.649343, 10.896552], [15.591319, 10.90119], [15.548595, 10.925889], [15.524343, 10.971218], [15.513682, 11.009874], [15.470876, 11.022976], [15.437999, 11.050238], [15.431895, 11.066759], [15.431895, 11.131944], [15.391612, 11.207099], [15.418224, 11.268826], [15.395518, 11.33039], [15.357432, 11.405626], [15.344981, 11.466864], [15.290294, 11.571072], [15.299327, 11.63703], [15.330577, 11.690945], [15.32838, 11.711046], [15.309011, 11.748358], [15.334646, 11.800157], [15.332449, 11.839667], [15.283946, 11.883002], [15.275645, 11.937038], [15.227061, 11.933905], [15.196218, 11.950222], [15.151378, 12.043158], [15.134288, 12.062323], [15.122569, 12.068671], [15.055919, 12.076972], [15.029959, 12.101101], [15.011404, 12.108751], [14.993337, 12.106879], [14.964366, 12.092637], [14.897472, 12.153022], [14.894298, 12.167548], [14.911143, 12.180284], [14.897472, 12.207628], [14.907725, 12.327094], [14.890636, 12.402859], [14.876964, 12.427354], [14.876964, 12.447211], [14.865408, 12.452704], [14.863292, 12.447211], [14.84905, 12.457221], [14.863292, 12.495632], [14.830251, 12.618476], [14.818614, 12.638983], [14.768321, 12.633368], [14.751638, 12.669135], [14.733653, 12.680609], [14.713145, 12.652655], [14.701671, 12.669216], [14.716319, 12.701972], [14.709483, 12.718451], [14.693533, 12.723944], [14.663992, 12.716132], [14.62379, 12.742011], [14.617849, 12.759345], [14.603526, 12.761013], [14.574718, 12.745144], [14.568858, 12.769599], [14.554373, 12.767035], [14.548513, 12.780626], [14.547293, 12.850653], [14.537364, 12.887885], [14.546072, 12.899034], [14.548513, 12.916449], [14.516287, 12.979763]]]}}, {"type": "Feature", "properties": {"name": "Bamingui", "featurecla": "River", "scalerank": 6.0}, "geometry": {"type": "LineString", "coordinates": [[19.732921, 7.537706], [19.729015, 7.547471], [19.693289, 7.558865], [19.681895, 7.549669], [19.639578, 7.561143], [19.626475, 7.575466], [19.614187, 7.569688], [19.598562, 7.574286], [19.591726, 7.567979], [19.576671, 7.585476], [19.598562, 7.650499], [19.592947, 7.657253], [19.567882, 7.660468], [19.565929, 7.669745], [19.591726, 7.69892], [19.553233, 7.694648], [19.499278, 7.739936], [19.473562, 7.726345], [19.461436, 7.726264], [19.434744, 7.760362], [19.432872, 7.737413], [19.4192, 7.741156], [19.386404, 7.774034], [19.372569, 7.74669], [19.356863, 7.756049], [19.321218, 7.80447], [19.320486, 7.813422], [19.351573, 7.842312], [19.328054, 7.864529], [19.320323, 7.882025], [19.351329, 7.89765], [19.34962, 7.91474], [19.331716, 7.944688], [19.351573, 7.964301], [19.344737, 8.021064], [19.379405, 8.048407], [19.35963, 8.051581], [19.354259, 8.063503], [19.358897, 8.130316], [19.34547, 8.138536], [19.338552, 8.171251], [19.265147, 8.237413], [19.250255, 8.258857], [19.249034, 8.274359], [19.234793, 8.278144], [19.249034, 8.301052], [19.232107, 8.311591], [19.226085, 8.336982], [19.206554, 8.36164], [19.153494, 8.404649], [19.105724, 8.486599], [19.089773, 8.561103], [19.06422, 8.582831], [19.063894, 8.598822], [19.090994, 8.653022], [19.123709, 8.675238], [19.103445, 8.698188], [19.057384, 8.729926], [19.048106, 8.745876], [18.916759, 8.805284], [18.902517, 8.845038], [18.885997, 8.836046]]}}, {"type": "Feature", "properties": {"name": "Jordan", "featurecla": "Lake Centerline", "scalerank": 6.0}, "geometry": {"type": "MultiLineString", "coordinates": [[[35.598888, 32.899726], [35.594168, 32.766669], [35.591075, 32.74372], [35.576915, 32.720282]], [[35.422862, 31.325385], [35.452403, 31.401068], [35.463796, 31.568793], [35.479584, 31.641384], [35.52711, 31.735297], [35.556733, 31.751532], [35.559011, 31.765489]]]}}, {"type": "Feature", "properties": {"name": "Jordan", "featurecla": "River", "scalerank": 6.0}, "geometry": {"type": "MultiLineString", "coordinates": [[[35.863862, 33.596381], [35.837332, 33.577663], [35.816335, 33.552843], [35.803396, 33.511501], [35.779307, 33.500067], [35.761241, 33.476996], [35.730724, 33.466579], [35.716401, 33.454291], [35.676687, 33.411241], [35.664968, 33.389024], [35.638682, 33.311835], [35.628184, 33.254462], [35.593354, 33.181342], [35.583995, 32.995917], [35.598888, 32.899726]], [[35.576915, 32.720282], [35.564708, 32.70543], [35.572032, 32.697211], [35.560476, 32.69245], [35.558116, 32.68126], [35.565684, 32.652371], [35.559581, 32.63288], [35.572032, 32.621446], [35.565196, 32.607774], [35.579519, 32.560614], [35.573822, 32.554633], [35.572032, 32.560614], [35.565196, 32.546332], [35.559011, 32.553168], [35.565196, 32.525906], [35.551362, 32.525906], [35.551362, 32.51907], [35.560802, 32.519355], [35.579519, 32.491767], [35.560802, 32.477362], [35.559011, 32.470649], [35.572032, 32.464423], [35.572032, 32.456977], [35.559011, 32.450751], [35.565196, 32.443915], [35.551362, 32.436469], [35.559011, 32.429633], [35.551362, 32.429633], [35.558686, 32.414171], [35.544688, 32.409776], [35.565196, 32.368232], [35.551362, 32.375027], [35.556163, 32.328437], [35.565196, 32.313585], [35.560313, 32.282904], [35.572032, 32.252143], [35.559011, 32.23786], [35.572032, 32.23786], [35.554698, 32.174628], [35.559011, 32.155341], [35.546153, 32.147244], [35.551362, 32.135443], [35.534679, 32.111029], [35.534109, 32.099433], [35.544688, 32.087022], [35.527843, 32.075263], [35.52239, 32.058051], [35.524099, 32.011908], [35.545421, 31.94477], [35.544688, 31.936835], [35.526947, 31.927558], [35.524099, 31.91946], [35.548595, 31.839382], [35.537852, 31.819525], [35.559011, 31.765489]], [[35.423432, 31.324815], [35.421804, 31.303249], [35.395274, 31.25788], [35.400645, 31.230496]]]}}, {"type": "Feature", "properties": {"name": "Dniester", "featurecla": "Lake Centerline", "scalerank": 6.0}, "geometry": {"type": "LineString", "coordinates": [[30.478282, 46.101142], [30.405528, 46.17239], [30.391612, 46.195583], [30.340587, 46.242011], [30.280284, 46.260565], [30.255463, 46.277615], [30.249278, 46.293036], [30.253917, 46.306952], [30.268809, 46.320014]]}}, {"type": "Feature", "properties": {"name": "Dniester", "featurecla": "River", "scalerank": 6.0}, "geometry": {"type": "MultiLineString", "coordinates": [[[28.533732269625467, 48.0], [28.537527, 47.994005], [28.56182089937107, 48.0]], [[28.71808380034627, 48.0], [28.753673, 47.979112], [28.784679, 47.982774], [28.812918, 47.965399], [28.83017, 47.941026], [28.828868, 47.91706], [28.86085, 47.899726], [28.980235, 47.875515], [29.018077, 47.853542], [29.017507, 47.826931], [28.980235, 47.765652], [28.975515, 47.743476], [28.980235, 47.687445], [28.995372, 47.650946], [28.98642, 47.62226], [28.992931, 47.604763], [29.015636, 47.582058], [29.024669, 47.533067], [29.03297, 47.518622], [29.092784, 47.487372], [29.110444, 47.463975], [29.090017, 47.437323], [29.082449, 47.40644], [29.138927, 47.376044], [29.164643, 47.347927], [29.139089, 47.329372], [29.122569, 47.329291], [29.087983, 47.351589], [29.078624, 47.347927], [29.080007, 47.332546], [29.093272, 47.310655], [29.163178, 47.23078], [29.178966, 47.197089], [29.163097, 47.191921], [29.14446, 47.162909], [29.111908, 47.149929], [29.094168, 47.134874], [29.069021, 47.101508], [29.098562, 47.092231], [29.124278, 47.074164], [29.147878, 47.096544], [29.156016, 47.113593], [29.189138, 47.111762], [29.193777, 47.123847], [29.178966, 47.156114], [29.187592, 47.162869], [29.212657, 47.158149], [29.22047, 47.149237], [29.23642, 47.162421], [29.290701, 47.140448], [29.294932, 47.122016], [29.329112, 47.108344], [29.371186, 47.078721], [29.381928, 47.041815], [29.380626, 47.028876], [29.36378, 47.03323], [29.37322, 47.011542], [29.377452, 47.012763], [29.370128, 47.002794], [29.324636, 46.988349], [29.294932, 46.992255], [29.315929, 46.958767], [29.34962, 46.937038], [29.37558, 46.935167], [29.435557, 46.957465], [29.459483, 46.953396], [29.470632, 46.941596], [29.476166, 46.889716], [29.493663, 46.861884], [29.494558, 46.82864], [29.501069, 46.820909], [29.497651, 46.801622], [29.511648, 46.787177], [29.530365, 46.782782], [29.542003, 46.793647], [29.562266, 46.787177], [29.608409, 46.839871], [29.617768, 46.837958], [29.616222, 46.827175], [29.610932, 46.827175], [29.619884, 46.815131], [29.651866, 46.813503], [29.664317, 46.801215], [29.697683, 46.727891], [29.666108, 46.676337], [29.695323, 46.675889], [29.703054, 46.664903], [29.727631, 46.670111], [29.748627, 46.665717], [29.775401, 46.629177], [29.747488, 46.617621], [29.727631, 46.594346], [29.775401, 46.580756], [29.823171, 46.601264], [29.839854, 46.582546], [29.867198, 46.580756], [29.898204, 46.553412], [29.901378, 46.531073], [29.915538, 46.51911], [29.959727, 46.506293], [29.9699, 46.492011], [29.988699, 46.498969], [30.002452, 46.494452], [30.021088, 46.470893], [30.013438, 46.462266], [30.076427, 46.423122], [30.101573, 46.430976], [30.145518, 46.41828], [30.158946, 46.429877], [30.167572, 46.42536], [30.203298, 46.443549], [30.236095, 46.436876], [30.249278, 46.427314], [30.257335, 46.394151], [30.282481, 46.368476], [30.288259, 46.352159], [30.283132, 46.324083], [30.268809, 46.320014]], [[30.478282, 46.101142], [30.498464, 46.084174]]]}}, {"type": "Feature", "properties": {"name": "Genale", "featurecla": "River", "scalerank": 6.0}, "geometry": {"type": "MultiLineString", "coordinates": [[[38.774018, 6.604804], [38.74407, 6.562323], [38.71575, 6.538194], [38.706716, 6.519599], [38.738048, 6.485175], [38.777843, 6.386786], [38.861908, 6.342719], [38.890391, 6.304877], [38.938487, 6.223171], [38.949962, 6.13581], [38.960216, 6.123603], [39.014252, 6.083197], [39.178803, 6.041775], [39.226817, 5.998887], [39.241954, 5.992743], [39.257742, 5.99376], [39.303315, 6.014675], [39.339122, 6.017646], [39.355561, 6.01142], [39.398855, 5.968451]], [[39.37558, 5.985216], [39.396007, 5.969591], [39.437022, 5.89643], [39.45753, 5.892768], [39.443858, 5.868516], [39.454356, 5.806179], [39.488536, 5.793402], [39.511974, 5.749132], [39.512136, 5.732001], [39.558035, 5.714382], [39.560557, 5.738145], [39.584076, 5.733832], [39.624278, 5.742133], [39.656261, 5.721951], [39.690847, 5.711493], [39.701427, 5.700954], [39.726329, 5.663113], [39.712169, 5.645128], [39.718272, 5.628363], [39.686127, 5.607937], [39.677257, 5.594794], [39.68157, 5.560248], [39.677257, 5.546413], [39.698741, 5.52912], [39.714285, 5.525417], [39.731863, 5.533311], [39.780203, 5.521308], [39.80071, 5.533311], [39.847341, 5.5185], [39.862234, 5.512885], [39.872081, 5.488349], [39.903087, 5.4713], [39.937429, 5.423448], [39.978933, 5.395575], [40.020763, 5.407253], [40.051199, 5.399766], [40.115326, 5.368842], [40.187511, 5.3546], [40.259369, 5.375067], [40.365896, 5.385565], [40.44044, 5.402615], [40.486827, 5.402533], [40.528819, 5.415595], [40.546641, 5.423611], [40.704356, 5.565497], [40.849701, 5.645941], [40.922455, 5.69953], [41.011485, 5.715847], [41.047293, 5.710313], [41.062266, 5.670762], [41.08253, 5.662055], [41.129649, 5.656277], [41.149994, 5.642605], [41.139171, 5.627753], [41.143321, 5.615302], [41.159272, 5.606513], [41.149994, 5.594794], [41.163666, 5.560655], [41.182384, 5.549018], [41.197358, 5.484483], [41.205333, 5.4713], [41.246593, 5.449978], [41.253184, 5.440253], [41.256358, 5.396023], [41.297455, 5.359076], [41.320567, 5.283515], [41.327159, 5.231716], [41.342459, 5.211249], [41.33017, 5.190701], [41.333263, 5.174384], [41.367279, 5.131944], [41.390391, 5.070339], [41.424408, 5.009141], [41.48642, 4.944363], [41.530854, 4.910224], [41.54184, 4.89586], [41.554779, 4.854315], [41.57545, 4.837755], [41.558197, 4.829535], [41.575206, 4.809923], [41.590261, 4.762152], [41.60255, 4.697292], [41.588878, 4.704128], [41.591238, 4.690741], [41.615733, 4.676215], [41.626882, 4.641791], [41.653412, 4.610663], [41.691335, 4.594265], [41.698741, 4.594265], [41.698741, 4.607937], [41.753429, 4.529079], [41.760753, 4.507148], [41.818289, 4.453966], [41.846202, 4.440009], [41.856456, 4.409939], [41.876964, 4.399034], [41.8838, 4.374538], [41.894786, 4.363349], [41.93157, 4.34101], [41.939464, 4.323188], [41.965831, 4.323676]]]}}, {"type": "Feature", "properties": {"name": "Danube", "featurecla": "River", "scalerank": 2.0}, "geometry": {"type": "MultiLineString", "coordinates": [[[17.32721779884711, 48.0], [17.36907, 47.981472], [17.471446, 47.889106], [17.526134, 47.872382], [17.572032, 47.829779], [17.60377, 47.834499], [17.639415, 47.819444], [17.676036, 47.789415], [17.741466, 47.765652], [17.825206, 47.750271], [18.112234, 47.762722], [18.235362, 47.754177], [18.272472, 47.756456], [18.347341, 47.776964], [18.552013, 47.793158], [18.596934, 47.79088], [18.663097, 47.77619], [18.692393, 47.778184], [18.7671, 47.822577], [18.789806, 47.826606], [18.898123, 47.823798], [18.911143, 47.819607], [18.927908, 47.802802], [18.948497, 47.803087], [19.013845, 47.828966], [19.039073, 47.83043], [19.063243, 47.826483], [19.106863, 47.802843], [19.123057, 47.775458], [19.128347, 47.736396], [19.124034, 47.693427], [19.11199, 47.65412], [19.054454, 47.540391], [19.050548, 47.506171], [19.06422, 47.478217], [19.046804, 47.425564], [19.036388, 47.412543], [18.974376, 47.379462], [18.952566, 47.357001], [18.920177, 47.29328], [18.907644, 47.237494], [18.886974, 47.208197], [18.881358, 47.189643], [18.879161, 47.149237], [18.896902, 47.090277], [18.968028, 47.03323], [18.954356, 47.005316], [18.966563, 46.917304], [18.948904, 46.903917], [18.930919, 46.877224], [18.926036, 46.835273], [18.933116, 46.820583], [18.984793, 46.775662], [19.00172, 46.708523], [18.981619, 46.676337], [18.952891, 46.656195], [18.885265, 46.635321], [18.858165, 46.614854], [18.877208, 46.591173], [18.920177, 46.498847], [18.922781, 46.468695], [18.898936, 46.414374], [18.892263, 46.378445], [18.913341, 46.330634], [18.914968, 46.195258], [18.903575, 46.173041], [18.872325, 46.183458], [18.813406, 46.126166], [18.785167, 46.11225], [18.762462, 46.087266], [18.700369, 46.044786], [18.691661, 46.0185], [18.721609, 45.984931], [18.806163, 45.923611], [18.831472, 45.895535], [18.831472, 45.875067], [18.847423, 45.873155], [18.853933, 45.859239], [18.85198, 45.830349], [18.844493, 45.815945], [18.848155, 45.809841], [18.899669, 45.765163], [18.908458, 45.719672], [18.916759, 45.706855], [18.962087, 45.683295], [18.968028, 45.668972], [18.962413, 45.660346], [18.911876, 45.619452], [18.903087, 45.57331], [18.941335, 45.539252], [18.959646, 45.539374], [19.017589, 45.567572], [19.040294, 45.545274], [19.094493, 45.526313], [19.105724, 45.511908], [19.076589, 45.491889], [19.009044, 45.498887], [18.99586, 45.474066], [19.002452, 45.455593], [19.031016, 45.43419], [19.036794, 45.422553], [19.028087, 45.412421], [18.975352, 45.395209], [19.003184, 45.3664], [19.020518, 45.357489], [19.091319, 45.350287], [19.098318, 45.320136], [19.124278, 45.298407], [19.16155, 45.285264], [19.362722, 45.248481], [19.406749, 45.248969], [19.529552, 45.266872], [19.557628, 45.255805], [19.580496, 45.23078], [19.598562, 45.227851], [19.658132, 45.234442], [19.698497, 45.24669], [19.741954, 45.245063], [19.810802, 45.227851], [19.838145, 45.242133], [19.862478, 45.272813], [19.88087, 45.282294], [19.914317, 45.268907], [19.965587, 45.198554], [19.985606, 45.189765], [20.064708, 45.175482], [20.184988, 45.185004], [20.222423, 45.175482], [20.28948, 45.13227], [20.345876, 45.073065], [20.356944, 45.034491], [20.333263, 45.010565], [20.303966, 44.993964], [20.298106, 44.977484], [20.290701, 44.977484], [20.318858, 44.934394], [20.396902, 44.864569], [20.455089, 44.840277], [20.545909, 44.839789], [20.580333, 44.857367], [20.636404, 44.849433], [20.628184, 44.788601], [20.633311, 44.765204], [20.671886, 44.743964], [20.720388, 44.696234], [20.763682, 44.668402], [20.826427, 44.660956], [20.88323, 44.672675], [20.989513, 44.716824], [21.07781, 44.726508], [21.112234, 44.744818], [21.163829, 44.74787], [21.188894, 44.778266], [21.26946, 44.813666], [21.319102, 44.825059], [21.360118, 44.826687], [21.37794, 44.816921], [21.395274, 44.790473], [21.411632, 44.785102], [21.577566, 44.777899], [21.594981, 44.766181], [21.619151, 44.714179], [21.655691, 44.687934], [21.7046, 44.677273], [21.756277, 44.677517], [21.854991, 44.698757], [21.961843, 44.662543], [21.993826, 44.6588], [22.003835, 44.651719], [22.031668, 44.603583], [22.039317, 44.577094], [22.075694, 44.550971], [22.086436, 44.52204], [22.10377, 44.509874], [22.147716, 44.501166], [22.171641, 44.505642], [22.184581, 44.515408], [22.298513, 44.661933], [22.304454, 44.677598], [22.380056, 44.700751], [22.425548, 44.733913], [22.468435, 44.730414], [22.586925, 44.649604], [22.620616, 44.637722], [22.699474, 44.630886], [22.764822, 44.583075], [22.7588, 44.564887], [22.74114, 44.55211], [22.699474, 44.5421], [22.620616, 44.569403], [22.579845, 44.565741], [22.565115, 44.555732], [22.556163, 44.521674], [22.547862, 44.51199], [22.483572, 44.500027], [22.476492, 44.464179], [22.504893, 44.435248], [22.504649, 44.404324], [22.522227, 44.375312], [22.548757, 44.349229], [22.582286, 44.328681], [22.681082, 44.305528], [22.688975, 44.291938], [22.684744, 44.243923], [22.690115, 44.229193], [22.905935, 44.123114], [23.030528, 44.093329], [23.039561, 44.062608], [23.022472, 44.031846], [22.987559, 44.01789], [22.905284, 44.004218], [22.885427, 43.994737], [22.850027, 43.897244], [22.850515, 43.874579], [22.862966, 43.855658], [22.888194, 43.839789], [22.919119, 43.834499], [23.131358, 43.848212], [23.233897, 43.877509], [23.324555, 43.886827]], [[23.324555, 43.886827], [23.326427, 43.88703], [23.319591, 43.88703], [23.324555, 43.886827]], [[23.324555, 43.886827], [23.484141, 43.880805], [23.592052, 43.837673], [23.635509, 43.832384], [23.720225, 43.846055], [23.742198, 43.842963], [23.79949, 43.818712], [24.158865, 43.753201], [24.357677, 43.760281], [24.430593, 43.794379], [24.46575, 43.80268], [24.499685, 43.79975], [24.705089, 43.743964], [24.752126, 43.739081], [24.963145, 43.749864], [25.081065, 43.719184], [25.251882, 43.704901], [25.358979, 43.654486], [25.402599, 43.650336], [25.466889, 43.667996], [25.556082, 43.670681], [25.615977, 43.688015], [25.670909, 43.717597], [25.739024, 43.719184], [25.780528, 43.732245], [25.805756, 43.763943], [25.838796, 43.788642], [25.868744, 43.801134], [25.916026, 43.844591], [25.933523, 43.870551], [26.053722, 43.934597], [26.078868, 43.969265], [26.115733, 43.999091], [26.309988, 44.052843], [26.613699, 44.08515], [26.708263, 44.108344], [26.753184, 44.108344], [26.788992, 44.116238], [26.883556, 44.156806], [27.001069, 44.165351], [27.026947, 44.177314], [27.09962, 44.144721], [27.205007, 44.129462], [27.226166, 44.120917], [27.292247, 44.151435], [27.444753, 44.133979], [27.461029, 44.137641], [27.499278, 44.155788], [27.51588, 44.172553], [27.568777, 44.195421], [27.607839, 44.205349], [27.732677, 44.209744], [27.788585, 44.239691], [27.933849, 44.265937], [27.967296, 44.280382], [27.993256, 44.304267], [28.047944, 44.398057], [28.109955, 44.44245], [28.10198, 44.478339], [28.085867, 44.504503], [28.020112, 44.522162], [28.003673, 44.53974], [28.021251, 44.552314], [28.021088, 44.587836], [28.034434, 44.630805], [28.030528, 44.636908], [27.977794, 44.679145], [27.916108, 44.694363], [27.898448, 44.707953], [27.87672, 44.744086], [27.883311, 44.756903], [27.877371, 44.765326], [27.828868, 44.77912], [27.814708, 44.812771], [27.859386, 44.855048], [27.878835, 44.882107], [27.87672, 44.90115], [27.889252, 44.926215], [27.894216, 44.956977], [27.890554, 44.985867], [27.87672, 45.004828], [27.907237, 45.053168], [27.917572, 45.08161], [27.951752, 45.128363], [27.93808, 45.161811], [27.941661, 45.224229], [28.018077, 45.343126], [28.034434, 45.402045], [28.066987, 45.422553], [28.106619, 45.429999], [28.185151, 45.415635], [28.201671, 45.443142], [28.212413, 45.450466], [28.237071, 45.452338], [28.266368, 45.440741], [28.285818, 45.421983], [28.280772, 45.402045], [28.310313, 45.34809], [28.329682, 45.323106], [28.352631, 45.31269], [28.404714, 45.295356], [28.493663, 45.27912], [28.576589, 45.248358], [28.709483, 45.22724], [28.747, 45.23074]]]}}, {"type": "Feature", "properties": {"name": "Atbara", "featurecla": "Lake Centerline", "scalerank": 6.0}, "geometry": {"type": "LineString", "coordinates": [[35.901541, 14.935574], [35.896088, 14.861151], [35.902843, 14.840033], [35.935476, 14.803575], [35.921967, 14.724962], [35.891368, 14.659776], [35.895437, 14.619656]]}}, {"type": "Feature", "properties": {"name": "Atbara", "featurecla": "River", "scalerank": 6.0}, "geometry": {"type": "MultiLineString", "coordinates": [[[35.585704, 16.00373], [35.587169, 15.986925], [35.613536, 15.955919], [35.599213, 15.92121], [35.606619, 15.884304], [35.599864, 15.871405], [35.5796, 15.858466], [35.595144, 15.830024], [35.623139, 15.703681], [35.626069, 15.666205], [35.61671, 15.637519], [35.621837, 15.619656], [35.675059, 15.531358], [35.715912, 15.490424], [35.71046, 15.46308], [35.747, 15.432074], [35.763682, 15.405951], [35.762462, 15.34748], [35.771088, 15.319159], [35.81894, 15.270697], [35.843516, 15.208686], [35.881847, 15.184109], [35.893158, 15.15644], [35.935639, 15.127305], [35.956472, 15.099718], [35.992198, 15.018622], [35.996511, 15.003241], [35.98406, 14.969346], [35.920502, 14.964423], [35.901541, 14.935574]], [[35.583425, 16.000027], [35.50587, 16.09516], [35.464366, 16.208441], [35.450694, 16.230536], [35.3803, 16.27029], [35.27532, 16.416693], [35.264903, 16.450629], [35.27296, 16.509955], [35.266205, 16.531195], [35.199148, 16.611599], [35.161876, 16.673122], [35.070079, 16.772488], [35.0053, 16.882839], [34.95989, 16.934272], [34.954356, 16.959662], [34.9546, 17.026679], [34.940684, 17.048285], [34.92099, 17.062771], [34.835053, 17.08279], [34.778087, 17.113308], [34.732921, 17.146186], [34.654714, 17.227729], [34.606863, 17.253852], [34.526785, 17.260769], [34.247162, 17.408759], [34.215912, 17.436062], [34.201427, 17.467841], [34.207286, 17.517401], [34.203705, 17.533271], [34.168386, 17.585517], [34.016124, 17.662177], [33.984793, 17.665961]]]}}, {"type": "Feature", "properties": {"name": "Don", "featurecla": "Lake Centerline", "scalerank": 6.0}, "geometry": {"type": "LineString", "coordinates": [[42.109793, 47.601752], [42.329112, 47.670681], [42.609874, 47.77558], [42.69337, 47.799913], [42.793549, 47.817735], [42.857839, 47.845079], [42.919363, 47.959418], [42.95140435900963, 48.0]]}}, {"type": "Feature", "properties": {"name": "Don", "featurecla": "River", "scalerank": 6.0}, "geometry": {"type": "LineString", "coordinates": [[42.109793, 47.601752], [42.043712, 47.566352], [42.006114, 47.558539], [41.983165, 47.546495], [41.862071, 47.561835], [41.844493, 47.586127], [41.795339, 47.582709], [41.7671, 47.595526], [41.721934, 47.602891], [41.513927, 47.601752], [41.462657, 47.616034], [41.434093, 47.611762], [41.383393, 47.567654], [41.360362, 47.55744], [41.28419, 47.560818], [41.239513, 47.546495], [41.220714, 47.548367], [41.197846, 47.57449], [41.174897, 47.582587], [41.112559, 47.560818], [41.068126, 47.562567], [41.017182, 47.549831], [41.006114, 47.560818], [41.018484, 47.593858], [41.009207, 47.614203], [40.984955, 47.618109], [40.899343, 47.573065], [40.85198, 47.563422], [40.780203, 47.533515], [40.635671, 47.525173], [40.58839, 47.512397], [40.523855, 47.470567], [40.475841, 47.459988], [40.465587, 47.446967], [40.458018, 47.402533], [40.444347, 47.38699], [40.399425, 47.363389], [40.382253, 47.333197], [40.363699, 47.318793], [40.253998, 47.262519], [40.235932, 47.235175], [40.218761, 47.225775], [40.191987, 47.221259], [40.143972, 47.232123], [40.062104, 47.21308], [40.005789, 47.233222], [39.925792, 47.21247], [39.864187, 47.222276], [39.793224, 47.212592], [39.751231, 47.197821], [39.711029, 47.197211], [39.580007, 47.170111], [39.530284, 47.135565], [39.478282, 47.129665], [39.447195, 47.11164], [39.411225, 47.101752], [39.37794, 47.110785]]}}, {"type": "Feature", "properties": {"name": "Lom", "featurecla": "River", "scalerank": 6.0}, "geometry": {"type": "LineString", "coordinates": [[14.665294, 6.698432], [14.700857, 6.697333], [14.717703, 6.671088], [14.717947, 6.648505], [14.645193, 6.569281], [14.604015, 6.451443], [14.595876, 6.393337], [14.588552, 6.381944], [14.541759, 6.35578], [14.504405, 6.307563], [14.429861, 6.271918], [14.404063, 6.214871], [14.405935, 6.200873], [14.428477, 6.187567], [14.436697, 6.161689], [14.438162, 6.129218], [14.425059, 6.105577], [14.433035, 6.074042], [14.417654, 6.047309], [14.397227, 6.054145], [14.386729, 6.039171], [14.397227, 6.019355], [14.376475, 6.012722], [14.363048, 5.998887], [14.383556, 5.967841], [14.369884, 5.944281], [14.307791, 5.89643], [14.27711, 5.89643], [14.192393, 5.86168], [14.166026, 5.873236], [14.145193, 5.871772], [14.158214, 5.848009], [14.113943, 5.797065], [14.100841, 5.770209], [14.116954, 5.719591], [14.115408, 5.711046], [14.09669, 5.718329], [14.09669, 5.697211], [14.109548, 5.683214], [14.102306, 5.662177], [14.068858, 5.628363], [14.04835, 5.65001], [14.03419, 5.63585], [14.010509, 5.63581], [14.006847, 5.594794], [14.0, 5.587505549874488]]}}, {"type": "Feature", "properties": {"name": "Omo", "featurecla": "River", "scalerank": 6.0}, "geometry": {"type": "LineString", "coordinates": [[37.03183, 9.151394], [37.042898, 9.124945], [37.018158, 9.065701], [37.030365, 9.019355], [37.059825, 8.986884], [37.089285, 8.988593], [37.107188, 8.982611], [37.149994, 8.927924], [37.170909, 8.935248], [37.177013, 8.930203], [37.199799, 8.861599], [37.205984, 8.81212], [37.199636, 8.767442], [37.189464, 8.753485], [37.144786, 8.733669], [37.141124, 8.709093], [37.145518, 8.700466], [37.169037, 8.68891], [37.168061, 8.659491], [37.174408, 8.641059], [37.203136, 8.61697], [37.248139, 8.606391], [37.299327, 8.534369], [37.319265, 8.493435], [37.351085, 8.467597], [37.35963, 8.433783], [37.385671, 8.386786], [37.46046, 8.322211], [37.48878, 8.271593], [37.5206, 8.253852], [37.604503, 8.2296], [37.593354, 8.131456], [37.592214, 8.059638], [37.619151, 7.991034], [37.619395, 7.97545], [37.593842, 7.874457], [37.593761, 7.806708], [37.584972, 7.760037], [37.555593, 7.696845], [37.533621, 7.681912], [37.504649, 7.618191], [37.466075, 7.571885], [37.43157, 7.505072], [37.404796, 7.469835], [37.394949, 7.40412], [37.352468, 7.31448], [37.36085, 7.273749], [37.369233, 7.263454], [37.400483, 7.23786], [37.425548, 7.226915], [37.451427, 7.202175], [37.470714, 7.198065], [37.511648, 7.219102], [37.524994, 7.216824], [37.544037, 7.201687], [37.491222, 7.164496], [37.462494, 7.129096], [37.44752, 7.066759], [37.422455, 7.010443], [37.4192, 6.90058], [37.40504, 6.87519], [37.374522, 6.86286], [37.326264, 6.868923], [37.31544, 6.846625], [37.250987, 6.776923], [37.233409, 6.693305], [37.221121, 6.675889], [37.199962, 6.670518], [37.141124, 6.671088], [37.110362, 6.64997], [37.061127, 6.650255], [36.997651, 6.608995], [36.984304, 6.61461], [36.97877, 6.625841], [36.965587, 6.685411], [36.954682, 6.699083], [36.939708, 6.704617], [36.887299, 6.709174], [36.867279, 6.690945], [36.833263, 6.677314], [36.802419, 6.698432], [36.730235, 6.712022], [36.691661, 6.711208], [36.662201, 6.694119], [36.56308, 6.606269], [36.521983, 6.558295], [36.479503, 6.537136], [36.471772, 6.525499], [36.452159, 6.522162], [36.377045, 6.4831], [36.320242, 6.466376], [36.295014, 6.452257], [36.242686, 6.404853], [36.216238, 6.404161], [36.140717, 6.439276], [36.109793, 6.444525], [36.010834, 6.341498], [36.027843, 6.328152], [36.027599, 6.304755], [36.016531, 6.282497], [35.979747, 6.26435], [35.972667, 6.244249], [35.982839, 6.197537], [35.95574, 6.1789], [35.945567, 6.163886], [35.95696, 6.137478], [35.959565, 6.108751], [35.980886, 6.108466], [35.990245, 6.095079], [35.982839, 6.054145], [36.003998, 6.016221], [36.004649, 5.994493], [36.000255, 5.97838], [35.976654, 5.957872], [35.967296, 5.863227], [35.949311, 5.820746], [35.956716, 5.735053], [35.935639, 5.65001], [35.935639, 5.581163], [35.90089, 5.540066], [35.895437, 5.522813], [35.917979, 5.433376], [35.901541, 5.409857], [35.935639, 5.381903], [35.943126, 5.334093], [35.976654, 5.348415], [35.972748, 5.362413], [35.980968, 5.369981], [36.028575, 5.376899], [36.038097, 5.3546], [36.072195, 5.375067], [36.093028, 5.37995], [36.106375, 5.375067], [36.116954, 5.390815], [36.112804, 5.434882], [36.134939, 5.451361], [36.124522, 5.464219], [36.109793, 5.458279], [36.101329, 5.461737], [36.120046, 5.505886], [36.134776, 5.516384], [36.149099, 5.517117], [36.154796, 5.505439], [36.148529, 5.498887], [36.126964, 5.497382], [36.126964, 5.484931], [36.161062, 5.478095], [36.158702, 5.463975], [36.178396, 5.452094], [36.18214, 5.43655], [36.211518, 5.457831], [36.216238, 5.454535], [36.209972, 5.403022], [36.175304, 5.371934], [36.179617, 5.357978], [36.198334, 5.337917], [36.202566, 5.323554], [36.196544, 5.30683], [36.161062, 5.30744], [36.161713, 5.297716], [36.177989, 5.276557], [36.18214, 5.238552], [36.202566, 5.218085], [36.175792, 5.197333], [36.18214, 5.183295], [36.164154, 5.184027], [36.147472, 5.167792], [36.130626, 5.163438], [36.076427, 5.183173], [36.058604, 5.177069], [36.061615, 5.152615], [36.072276, 5.149115], [36.070323, 5.127712], [36.086518, 5.128689], [36.082449, 5.11697], [36.071056, 5.113552], [36.044932, 5.122504], [36.050385, 5.086127], [36.027843, 5.068956], [36.031993, 5.046169], [36.044932, 5.05976], [36.06544, 5.039252], [36.044932, 5.015692], [36.050059, 4.991034], [36.06544, 4.977851], [36.067556, 5.009304], [36.076915, 5.012966], [36.085948, 4.979315], [36.079112, 4.971625], [36.106375, 4.964179], [36.08961, 4.950263], [36.081635, 4.929958], [36.079112, 4.878526], [36.058604, 4.875434], [36.055919, 4.848009], [35.98642, 4.785102], [35.976654, 4.761827], [35.973237, 4.700385], [35.982839, 4.683661], [36.010834, 4.666571], [36.014415, 4.60102], [36.044932, 4.539008]]}}, {"type": "Feature", "properties": {"name": "Ouham", "featurecla": "River", "scalerank": 6.0}, "geometry": {"type": "LineString", "coordinates": [[15.322683, 6.461941], [15.331472, 6.422065], [15.349783, 6.401557], [15.350027, 6.382432], [15.401134, 6.317247], [15.423839, 6.301785], [15.480398, 6.327826], [15.540701, 6.311347], [15.568777, 6.336859], [15.630544, 6.368842], [15.713634, 6.393337], [15.794607, 6.469346], [15.836599, 6.492296], [15.917247, 6.484931], [15.938975, 6.492296], [15.943126, 6.476996], [15.9699, 6.468573], [15.979991, 6.451361], [15.981212, 6.408555], [15.973806, 6.368842], [16.000255, 6.291368], [16.021658, 6.272569], [16.041189, 6.285671], [16.069347, 6.252753], [16.11085, 6.266384], [16.138845, 6.257392], [16.164317, 6.27143], [16.216726, 6.258979], [16.257742, 6.268012], [16.277354, 6.27912], [16.289073, 6.294298], [16.281668, 6.300564], [16.391531, 6.430854], [16.398936, 6.423407], [16.418956, 6.48253], [16.403982, 6.501492], [16.418712, 6.521999], [16.453543, 6.554389], [16.494558, 6.56745], [16.520681, 6.591579], [16.543468, 6.600938], [16.607432, 6.662055], [16.639659, 6.67532], [16.676524, 6.67947], [16.714854, 6.671088], [16.732595, 6.657172], [16.757986, 6.622667], [16.784923, 6.61286], [16.790782, 6.570665], [16.840099, 6.53616], [16.856863, 6.488796], [16.878673, 6.482489], [16.898611, 6.465644], [16.947032, 6.458197], [16.960704, 6.492296], [17.001638, 6.48489], [17.035818, 6.492296], [17.100597, 6.458197], [17.10963, 6.440863], [17.131602, 6.439276], [17.170909, 6.459093], [17.220714, 6.423407], [17.296397, 6.430854], [17.368175, 6.451361], [17.460948, 6.522081], [17.501964, 6.512803], [17.53655, 6.530585], [17.554454, 6.533149], [17.594168, 6.514716], [17.624441, 6.527045], [17.652761, 6.512803], [17.665782, 6.554389], [17.71046, 6.571153], [17.797862, 6.664903], [17.809744, 6.671088], [17.839773, 6.665066], [17.850352, 6.688259], [17.87672, 6.695176], [17.878103, 6.737494], [17.892833, 6.759833], [17.878673, 6.773505], [17.885509, 6.790229], [17.93336, 6.828152], [17.957937, 6.839911], [17.960948, 6.847357], [17.955007, 6.86286], [17.936778, 6.874132], [17.93336, 6.883368], [17.94752, 6.903876], [17.971121, 7.003038], [17.988536, 7.026719], [18.002696, 7.006293], [18.034923, 7.028266], [18.045339, 7.054023], [18.092947, 7.082058], [18.113699, 7.12519], [18.150808, 7.17947], [18.163748, 7.223456], [18.23113, 7.311835], [18.251964, 7.318223], [18.27589, 7.307929], [18.303233, 7.314765], [18.272716, 7.367051], [18.26588, 7.409044], [18.257823, 7.423774], [18.234874, 7.445095], [18.192149, 7.50434], [18.176687, 7.503445], [18.11199, 7.445095], [18.07838, 7.466173], [18.004161, 7.44538], [17.974864, 7.465603], [17.946544, 7.523261], [17.925059, 7.541449], [17.885509, 7.553738], [17.761974, 7.550605], [17.73463, 7.567979], [17.730398, 7.600043], [17.78297, 7.69892], [17.792491, 7.741523], [17.788097, 7.761176], [17.768809, 7.774034], [17.772716, 7.805447], [17.72877, 7.908555], [17.727794, 7.952175], [17.70753, 7.988105], [17.713634, 7.999335], [17.70045, 8.034735], [17.693614, 8.079128], [17.714366, 8.272569], [17.727794, 8.308458], [17.763682, 8.365424], [17.775645, 8.40587], [17.796886, 8.422716], [17.796641, 8.45185], [17.807058, 8.461249], [17.848643, 8.474433], [17.875011, 8.550971], [17.916189, 8.618272], [17.922862, 8.641954], [17.937429, 8.656317], [17.937918, 8.681423], [17.919607, 8.705675], [17.921641, 8.729438], [17.948253, 8.764838], [17.955007, 8.784532], [17.950857, 8.814154], [17.962901, 8.836249], [17.940684, 8.849677], [17.937511, 8.859727], [17.94752, 8.877631], [17.961192, 8.884467], [17.955007, 8.90119], [17.967459, 9.007392], [17.977794, 9.01789], [17.983897, 9.016628], [17.999034, 8.997423], [18.033458, 9.021023], [18.06422, 9.021023], [18.091482, 9.041205], [18.120535, 9.076239], [18.141856, 9.114691], [18.146169, 9.145128], [18.172862, 9.165066], [18.197439, 9.161566], [18.222423, 9.246527], [18.24171, 9.25377], [18.234874, 9.315863]]}}, {"type": "Feature", "properties": {"name": "Kadéï", "featurecla": "River", "scalerank": 6.0}, "geometry": {"type": "LineString", "coordinates": [[14.616954, 5.865098], [14.623546, 5.75849], [14.630626, 5.738145], [14.58961, 5.608466], [14.590994, 5.591132], [14.618419, 5.52558], [14.616954, 5.495469], [14.595876, 5.440253], [14.596934, 5.411648], [14.592214, 5.400214], [14.579112, 5.395575], [14.555431, 5.351508], [14.538992, 5.303738], [14.527517, 5.293158], [14.479747, 5.27265], [14.468191, 5.259223], [14.451915, 5.218085], [14.486583, 5.177069], [14.478933, 5.165595], [14.481456, 5.153184], [14.500255, 5.136094], [14.495616, 5.074897], [14.423513, 4.980333], [14.347423, 4.958848], [14.307791, 4.902777], [14.26002, 4.89586], [14.267263, 4.881781], [14.246349, 4.844102], [14.243093, 4.756537], [14.222179, 4.663153], [14.212169, 4.574652], [14.220632, 4.557156], [14.238943, 4.549994], [14.246349, 4.539008], [14.235362, 4.513536], [14.237071, 4.498358], [14.246349, 4.484402], [14.283865, 4.469916], [14.293875, 4.442735], [14.33196, 4.413031], [14.322032, 4.347235], [14.353201, 4.350369], [14.369884, 4.333564], [14.376882, 4.349433], [14.390391, 4.354682], [14.396169, 4.346462], [14.397227, 4.320583], [14.410574, 4.307807], [14.451915, 4.292589], [14.466075, 4.237372], [14.477468, 4.22309], [14.49171, 4.230251], [14.507091, 4.2237], [14.528982, 4.247829], [14.546316, 4.254218], [14.561778, 4.251654], [14.575938, 4.196357], [14.562185, 4.154079], [14.569102, 4.141791], [14.585948, 4.138739], [14.624929, 4.153876], [14.685802, 4.21072], [14.71754, 4.226508], [14.801199, 4.234483], [14.838145, 4.215888], [14.851003, 4.21544], [14.863292, 4.231147], [14.870128, 4.193305], [14.903575, 4.11933], [14.933035, 4.108344], [14.952647, 4.111355], [14.959483, 4.132025], [15.003917, 4.117865], [15.027599, 4.132392], [15.045177, 4.126329], [15.075613, 4.094021], [15.112234, 4.102729], [15.117198, 4.114447], [15.132335, 4.10871], [15.14796, 4.074083], [15.177257, 4.071641], [15.18922, 4.0633], [15.192882, 4.0456], [15.206798, 4.031765], [15.236095, 4.019477], [15.305919, 4.004584], [15.363699, 4.018866], [15.392263, 4.061103], [15.426768, 4.065253], [15.434988, 4.057807], [15.438731, 4.028835], [15.446056, 4.020941], [15.486583, 4.015448], [15.542003, 3.975694], [15.556163, 3.974555], [15.5713, 3.984158], [15.603282, 3.915147], [15.605968, 3.885443], [15.583995, 3.791693], [15.599864, 3.772488], [15.645437, 3.782172], [15.676199, 3.77912], [15.698497, 3.768744], [15.755544, 3.722439], [15.781912, 3.709784], [15.806163, 3.707343], [15.970714, 3.568874], [15.984386, 3.547471], [16.017751, 3.549343], [16.048839, 3.51793], [16.107188, 3.476996], [16.105235, 3.379462], [16.089854, 3.336737], [16.094168, 3.325019], [16.117686, 3.309434], [16.11085, 3.264716], [16.132986, 3.237128], [16.131521, 3.216335], [16.111827, 3.182929], [16.11085, 3.169135], [16.128184, 3.136298], [16.223562, 3.069525], [16.224539, 3.017035], [16.230398, 3.000922], [16.247244, 2.97956], [16.285818, 2.96894], [16.284597, 2.928046], [16.299327, 2.905056], [16.276622, 2.883246], [16.255382, 2.879665], [16.241222, 2.894843], [16.201671, 2.877956], [16.199718, 2.853217], [16.190929, 2.838406], [16.142019, 2.793647], [16.117686, 2.709825], [16.089854, 2.662055], [16.11085, 2.58629], [16.09075, 2.532904], [16.089854, 2.510565], [16.11085, 2.456], [16.112478, 2.41059], [16.132986, 2.365017], [16.158702, 2.333075], [16.165538, 2.294949], [16.186046, 2.277859], [16.17921, 2.247138], [16.207042, 2.223212], [16.158702, 2.182237], [16.140147, 2.200019], [16.119884, 2.203477], [16.103933, 2.193712], [16.085216, 2.149359], [16.09197, 2.107042], [16.089854, 2.092882], [16.076182, 2.086046], [16.081228, 2.046942], [16.066091, 2.02558], [16.06373751716773, 2.0]]}}, {"type": "Feature", "properties": {"name": "Helmand", "featurecla": "River", "scalerank": 6.0}, "geometry": {"type": "MultiLineString", "coordinates": [[[68.489268, 34.571641], [68.450694, 34.548936], [68.370697, 34.525417], [68.361746, 34.520087], [68.348888, 34.490587], [68.338471, 34.486029], [68.266694, 34.513292], [68.035655, 34.497097], [68.013113, 34.492458], [67.939708, 34.443712], [67.739187, 34.410264], [67.650401, 34.379218], [67.63087, 34.365587], [67.574718, 34.355048], [67.530284, 34.33515], [67.430675, 34.252631], [67.353608, 34.216335], [67.313487, 34.205634], [67.266205, 34.15705]], [[67.266205, 34.163194], [67.216075, 34.091335], [67.2588, 34.033515], [67.261648, 34.013617], [67.238292, 33.954372], [67.149506, 33.950954], [67.091401, 33.89289], [67.01295, 33.855333], [66.928966, 33.762803], [66.8956, 33.738715], [66.855235, 33.72602], [66.776866, 33.725369], [66.731212, 33.691514], [66.671886, 33.708808], [66.65504, 33.684109], [66.616466, 33.65823], [66.51474, 33.606879], [66.496674, 33.603461], [66.45753, 33.56741], [66.423269, 33.546902], [66.378917, 33.543484], [66.30657, 33.492255], [66.291026, 33.450954], [66.286143, 33.406602], [66.196707, 33.40351], [66.162201, 33.388861], [66.054861, 33.296942], [66.046479, 33.280056], [66.053315, 33.243964], [66.025401, 33.230658], [65.968028, 33.139228], [65.922781, 33.106798], [65.895518, 33.070176], [65.875255, 33.060248], [65.832612, 33.067003], [65.81308, 33.064236], [65.76474, 33.016628], [65.723074, 32.990587], [65.569347, 32.930691], [65.545665, 32.929958], [65.53948, 32.920518], [65.545665, 32.903266], [65.535737, 32.869981], [65.483165, 32.833035], [65.484874, 32.813259], [65.478038, 32.813259], [65.489757, 32.791531], [65.485769, 32.77086], [65.449229, 32.691026], [65.336192, 32.52029], [65.319753, 32.511583], [65.327566, 32.496405], [65.312999, 32.473415], [65.319753, 32.450751], [65.314138, 32.416205], [65.307628, 32.401557], [65.277436, 32.378201], [65.261322, 32.33808], [65.224132, 32.31977], [65.209483, 32.323269], [65.18214, 32.317328], [65.169444, 32.327257], [65.107432, 32.299913], [65.104991, 32.325751], [65.090261, 32.333116], [65.073741, 32.328152], [65.056407, 32.303982], [64.997569, 32.27265], [64.953543, 32.186957], [64.874766, 32.128607], [64.84905, 32.10163], [64.792084, 31.991482], [64.73585, 31.908149], [64.682221, 31.881619], [64.624929, 31.833319], [64.559093, 31.809394], [64.43214, 31.720811], [64.378673, 31.672471], [64.353933, 31.663113]], [[61.604096, 31.204413], [61.636811, 31.117743], [61.667003, 31.065985], [61.690684, 31.038031], [61.773448, 30.994005], [61.804128, 30.949978], [61.807872, 30.881659], [61.80185, 30.87877], [61.797862, 30.853705], [61.804128, 30.833279], [61.783702, 30.812771], [61.797862, 30.778632], [61.790538, 30.771796], [61.824718, 30.733954], [61.81837, 30.679307], [61.832123, 30.559516], [61.811534, 30.432237], [61.854503, 30.357367], [61.932384, 30.308783], [61.969005, 30.3039], [61.996593, 30.291368], [62.05185, 30.291368], [62.09905, 30.283067], [62.21575, 30.229926], [62.427989, 30.169989], [62.474539, 30.164984], [62.558849, 30.168524], [62.873057, 30.25788], [62.958995, 30.25788], [62.996511, 30.271511], [63.038097, 30.25788], [63.062592, 30.261664], [63.134288, 30.300645], [63.188975, 30.360297], [63.2553, 30.373887], [63.270925, 30.401964], [63.301199, 30.428168], [63.415457, 30.505683], [63.515147, 30.54267], [63.535248, 30.56505], [63.58839, 30.583686], [63.606537, 30.586859], [63.675385, 30.563585], [63.775076, 30.549018], [63.847585, 30.530951], [63.886729, 30.528917], [63.911388, 30.53498], [63.969737, 30.566352], [64.010509, 30.625271], [64.02825, 30.674384], [64.051687, 30.676215], [64.05714, 30.683458], [64.097179, 30.770535], [64.103282, 30.80504], [64.100108, 30.819607], [64.107839, 30.836208], [64.095714, 30.853135], [64.10198, 30.887397], [64.14088, 30.950222], [64.16505, 31.009833], [64.182628, 31.031846], [64.165131, 31.068142], [64.163015, 31.086493], [64.184662, 31.122667], [64.189464, 31.175849], [64.271414, 31.298774], [64.333507, 31.35696], [64.35963, 31.390692], [64.374441, 31.429145], [64.377452, 31.448554], [64.34905, 31.479926], [64.347179, 31.494574], [64.346772, 31.624457], [64.350597, 31.647244], [64.360769, 31.663113]]]}}, {"type": "Feature", "properties": {"featurecla": "River", "scalerank": 6.0}, "geometry": {"type": "MultiLineString", "coordinates": [[[24.17698929232957, 48.0], [24.188243, 47.978868], [24.187918, 47.958767], [24.169363, 47.938178], [24.169363, 47.923896], [24.148204, 47.91238]], [[21.128169893241164, 48.0], [21.106212, 47.938178], [21.056407, 47.89057], [21.055349, 47.839219], [21.029633, 47.823147]], [[24.148204, 47.91238], [24.130626, 47.914822], [24.094168, 47.938178], [24.008311, 47.961493], [23.976817, 47.96251], [23.87615, 47.934678], [23.854666, 47.934434], [23.84783, 47.949897], [23.779552, 47.987738], [23.709972, 47.985378], [23.60495640341256, 48.0]], [[21.029633, 47.823147], [21.024343, 47.820868], [21.030528, 47.828315], [21.029633, 47.823147]], [[21.029633, 47.823147], [21.033946, 47.779893], [20.979015, 47.773057], [20.942149, 47.718614], [20.8921, 47.684353], [20.774099, 47.67239], [20.750011, 47.642686], [20.709727, 47.627956], [20.715831, 47.616034], [20.709239, 47.605496], [20.695323, 47.601752], [20.689382, 47.577948], [20.51238, 47.496894], [20.503429, 47.488796], [20.498057, 47.467841], [20.48463, 47.459255], [20.448253, 47.450954], [20.421072, 47.430487], [20.383067, 47.420233], [20.375011, 47.402289], [20.434744, 47.383246], [20.441417, 47.32807], [20.462576, 47.317491], [20.460948, 47.281562], [20.450938, 47.268337], [20.427908, 47.259101], [20.387462, 47.255398], [20.352061, 47.273383], [20.332286, 47.245469], [20.294444, 47.228461], [20.279714, 47.206366], [20.254812, 47.20246], [20.242849, 47.184027], [20.177175, 47.159735], [20.167735, 47.145819], [20.16448, 47.118354], [20.193533, 47.10932], [20.188975, 47.057929], [20.195811, 47.038926], [20.23113, 47.051378], [20.256521, 47.051703], [20.277843, 47.045356], [20.284434, 47.03323], [20.271658, 47.026923], [20.225597, 47.023953], [20.111827, 46.961737], [20.105724, 46.953803], [20.11199, 46.945624], [20.154063, 46.937038], [20.154063, 46.930772], [20.109304, 46.889106], [20.09547, 46.882392], [20.059255, 46.879991], [20.044607, 46.871894], [20.036794, 46.854438], [20.038097, 46.835761], [20.053966, 46.810492], [20.057872, 46.789903], [20.081554, 46.778835], [20.088796, 46.757351], [20.133556, 46.73904], [20.133556, 46.717312], [20.177989, 46.717312], [20.188731, 46.712022], [20.198497, 46.683783], [20.208669, 46.680447], [20.159353, 46.615424], [20.140391, 46.570176], [20.16033, 46.53974], [20.177989, 46.492011], [20.196788, 46.484565], [20.188975, 46.41002], [20.198497, 46.365994], [20.215587, 46.347968], [20.210948, 46.331651], [20.229747, 46.289903], [20.221853, 46.275662], [20.178884, 46.26081]], [[24.86614, 47.737901], [24.794444, 47.756659], [24.715099, 47.796169], [24.668712, 47.803575], [24.620616, 47.796739], [24.539236, 47.754584], [24.448009, 47.725165], [24.425955, 47.723497], [24.351492, 47.738389], [24.31422, 47.748155], [24.2942, 47.762803], [24.209646, 47.848944], [24.18336, 47.891628], [24.148204, 47.91238]]]}}, {"type": "Feature", "properties": {"name": "Setit", "featurecla": "River", "scalerank": 6.0}, "geometry": {"type": "LineString", "coordinates": [[37.816661, 13.875312], [37.789073, 13.879747], [37.763927, 13.871609], [37.725841, 13.903103], [37.710378, 13.900214], [37.674246, 13.9112], [37.660574, 13.921495], [37.651378, 13.953966], [37.615896, 13.998481], [37.607921, 14.043647], [37.594249, 14.054226], [37.578868, 14.096747], [37.553233, 14.10574], [37.524913, 14.129014], [37.516043, 14.180732], [37.475027, 14.199774], [37.452159, 14.26081], [37.397227, 14.301947], [37.389659, 14.358344], [37.336518, 14.426581], [37.293224, 14.457587], [37.257823, 14.44831], [37.183849, 14.449734], [37.149099, 14.442084], [37.120616, 14.421007], [37.105398, 14.399359], [37.082937, 14.297919], [37.059825, 14.276964], [37.025645, 14.276964], [37.005056, 14.263373], [36.970307, 14.276964], [36.946544, 14.304958], [36.848155, 14.327948], [36.747569, 14.332221], [36.713145, 14.317939], [36.648041, 14.314765], [36.617117, 14.300645], [36.565196, 14.293077], [36.552664, 14.282904], [36.545177, 14.263373], [36.525971, 14.263739], [36.490652, 14.236029], [36.47405, 14.233507], [36.414806, 14.242865], [36.398448, 14.249335], [36.361501, 14.279853], [36.319265, 14.297471], [36.288015, 14.297634], [36.168468, 14.242865], [36.14796, 14.222357], [36.037852, 14.220974], [36.017182, 14.22366], [35.962332, 14.259955], [35.934581, 14.268378], [35.912039, 14.296576], [35.903087, 14.325995], [35.859955, 14.348985], [35.854259, 14.359971], [35.882091, 14.390245], [35.881847, 14.422227], [35.898448, 14.469062], [35.897553, 14.485216], [35.880951, 14.514187], [35.904877, 14.555121], [35.895437, 14.619656]]}}, {"type": "Feature", "properties": {"name": "Soroksari Duna", "featurecla": "River", "scalerank": 6.0}, "geometry": {"type": "LineString", "coordinates": [[19.063406, 47.472683], [19.085134, 47.458319], [19.104259, 47.405341], [18.993419, 47.282253], [18.954356, 47.210761], [18.949392, 47.177314], [18.957774, 47.148505], [19.002126, 47.101508], [18.970144, 47.08751], [18.956554, 47.072943], [18.961436, 47.056912], [18.975352, 47.053738], [18.968028, 47.03323]]}}, {"type": "Feature", "properties": {"name": "Ferenc Csatorna", "featurecla": "River", "scalerank": 6.0}, "geometry": {"type": "LineString", "coordinates": [[18.914968, 46.195258], [18.936941, 46.178249], [18.938975, 46.157091], [18.930837, 46.137152], [18.894542, 46.121283], [18.888113, 46.10456], [18.891775, 46.084337], [18.917003, 46.036322], [18.916759, 46.028917], [18.892263, 46.001654], [18.883718, 45.970282], [18.886485, 45.957384], [18.906505, 45.943915], [18.900808, 45.931423], [18.906505, 45.915961], [18.872325, 45.895535], [18.903494, 45.875922], [18.906505, 45.868191], [18.899181, 45.86164], [18.854747, 45.857611]]}}, {"type": "Feature", "properties": {"name": "Bahr el  Zeraf", "featurecla": "River", "scalerank": 6.0}, "geometry": {"type": "LineString", "coordinates": [[30.535737, 7.767198], [30.560151, 7.770046], [30.571544, 7.81505], [30.576671, 7.903754], [30.593679, 7.999457], [30.617686, 8.041571], [30.632091, 8.10045], [30.649099, 8.118516], [30.644786, 8.26321], [30.65797, 8.343207], [30.672293, 8.369249], [30.638194, 8.493435], [30.652273, 8.537218], [30.689464, 8.557074], [30.731944, 8.567328], [30.761729, 8.582831], [30.794363, 8.686103], [30.823741, 8.733669], [30.833914, 8.808702], [30.850841, 8.81623], [30.850515, 8.833279], [30.837413, 8.863349], [30.849213, 8.886542], [30.84905, 8.907782], [30.839366, 8.927843], [30.807546, 8.948676], [30.789561, 8.980048], [30.80836, 9.042263], [30.819916, 9.058539], [30.850515, 9.059638], [30.861339, 9.065701], [30.874278, 9.090033], [30.892019, 9.096137], [30.898041, 9.114325], [30.895763, 9.168402], [30.936615, 9.196357], [30.959727, 9.233262], [31.052745, 9.28852], [31.069591, 9.315863], [31.104259, 9.34337], [31.113699, 9.406195], [31.120128, 9.419623], [31.139089, 9.425727]]}}, {"type": "Feature", "properties": {"name": "Jubba", "featurecla": "River", "scalerank": 6.0}, "geometry": {"type": "LineString", "coordinates": [[41.965831, 4.323676], [41.979421, 4.313096], [42.002371, 4.317084], [42.029307, 4.303575], [42.050304, 4.279568], [42.052257, 4.236151], [42.032237, 4.228054], [42.066417, 4.201524], [42.076752, 4.178168], [42.161143, 4.149237], [42.177175, 4.152899], [42.171153, 4.17654], [42.186697, 4.179389], [42.204194, 4.159125], [42.212169, 4.162869], [42.226085, 4.156806], [42.23642, 4.13585], [42.267589, 4.146308], [42.305186, 4.111355], [42.318289, 4.072048], [42.367931, 4.066921], [42.398204, 4.053005], [42.456065, 3.936347], [42.516856, 3.915554], [42.533376, 3.895046], [42.548595, 3.902167], [42.563894, 3.87462], [42.571544, 3.832628], [42.5678, 3.799628], [42.548595, 3.79914], [42.562022, 3.809678], [42.55364, 3.822455], [42.537608, 3.825263], [42.528087, 3.805976], [42.544851, 3.78266], [42.546804, 3.761583], [42.53712, 3.746283], [42.526947, 3.695502], [42.517345, 3.681667], [42.504161, 3.676296], [42.507904, 3.629706], [42.500662, 3.614203], [42.507498, 3.601182], [42.477794, 3.554796], [42.528087, 3.521674], [42.514415, 3.48074], [42.52589, 3.477362], [42.555919, 3.422431], [42.547944, 3.411729], [42.5206, 3.408067], [42.490815, 3.343777], [42.465912, 3.326239], [42.490733, 3.28974], [42.499441, 3.249701], [42.500662, 3.161689], [42.493907, 3.141872], [42.514415, 3.134385], [42.538259, 3.106472], [42.571218, 3.106553], [42.58196, 3.095811], [42.562104, 3.079779], [42.555919, 2.994167], [42.507498, 2.942654], [42.465424, 2.884792], [42.438731, 2.859646], [42.371186, 2.831407], [42.338878, 2.785468], [42.33546, 2.77143], [42.345225, 2.698676], [42.36671, 2.641221], [42.362885, 2.627265], [42.347911, 2.618435], [42.316417, 2.615424], [42.302175, 2.599962], [42.281016, 2.531684], [42.287364, 2.506171], [42.336192, 2.415066], [42.323253, 2.397732], [42.281016, 2.374091], [42.265717, 2.320665], [42.253673, 2.305203], [42.230886, 2.296251], [42.220876, 2.308051], [42.212169, 2.346137], [42.154226, 2.362128], [42.143809, 2.356716], [42.120697, 2.314968], [42.116466, 2.294949], [42.130626, 2.283759], [42.200613, 2.266628], [42.228445, 2.237128], [42.232514, 2.219794], [42.226736, 2.21247], [42.17864, 2.236884], [42.133393, 2.188259], [42.133556, 2.171698], [42.149018, 2.144151], [42.174408, 2.136664], [42.179291, 2.125515], [42.171153, 2.099718], [42.17864, 2.086046], [42.198497, 2.092882], [42.215587, 2.065741], [42.223888, 2.075385], [42.30836, 2.024604], [42.281016, 2.003485], [42.28362080686116, 2.0]]}}, {"type": "Feature", "properties": {"name": "Tisa", "featurecla": "River", "scalerank": 6.0}, "geometry": {"type": "LineString", "coordinates": [[20.178884, 46.26081], [20.14324, 46.252305], [20.112559, 46.204617], [20.063243, 46.159206], [20.057872, 46.135688], [20.063162, 46.123481], [20.058279, 46.111884], [20.036794, 46.094753], [20.079763, 46.066677], [20.085867, 46.056586], [20.081228, 46.04088], [20.069347, 46.030097], [20.036794, 46.025214], [20.05657, 46.00377], [20.094412, 45.992621], [20.098888, 45.947333], [20.133556, 45.898871], [20.12615, 45.886908], [20.093272, 45.873236], [20.085867, 45.864447], [20.093028, 45.851671], [20.140391, 45.826606], [20.149181, 45.810736], [20.146658, 45.765163], [20.16212, 45.742499], [20.146658, 45.731635], [20.092052, 45.717353], [20.10491, 45.674628], [20.101817, 45.653144], [20.062918, 45.60338], [20.121755, 45.598253], [20.12615, 45.586982], [20.103038, 45.563829], [20.098888, 45.54914], [20.103038, 45.537624], [20.206472, 45.465644], [20.229747, 45.442979], [20.201915, 45.395209], [20.263927, 45.340603], [20.236013, 45.306464], [20.252371, 45.286973], [20.301443, 45.258572], [20.318614, 45.209255], [20.31658, 45.195665], [20.288829, 45.183661], [20.277599, 45.142035]]}}, {"type": "Feature", "properties": {"name": "Atshan", "featurecla": "River", "scalerank": 7.0}, "geometry": {"type": "LineString", "coordinates": [[44.786143, 31.463894], [44.823985, 31.457058], [44.853119, 31.401801], [45.012462, 31.369208], [45.033621, 31.361436], [45.050385, 31.332302], [45.068777, 31.322577], [45.125011, 31.30622], [45.138438, 31.316107], [45.178152, 31.283962], [45.186453, 31.281684], [45.189464, 31.305121], [45.198741, 31.316759], [45.234874, 31.326687]]}}, {"type": "Feature", "properties": {"name": "Morava", "featurecla": "River", "scalerank": 7.0}, "geometry": {"type": "LineString", "coordinates": [[21.345958, 42.241726], [21.366954, 42.356065], [21.358165, 42.372178], [21.36614, 42.381781], [21.436534, 42.40058], [21.494395, 42.439236], [21.59962, 42.465277], [21.583425, 42.492011], [21.59962, 42.513983], [21.633067, 42.525336], [21.667979, 42.519965], [21.691091, 42.501899], [21.702647, 42.478949], [21.717296, 42.47366], [21.771658, 42.478949], [21.792247, 42.475369], [21.921804, 42.541612], [22.031668, 42.637274], [22.05714, 42.71247], [22.128184, 42.861396], [22.04127, 42.954291], [22.044688, 42.966173], [22.029796, 43.021593], [21.982107, 43.053331], [21.950369, 43.120429], [21.848806, 43.215928], [21.819347, 43.278022], [21.826182, 43.284247], [21.791515, 43.312201], [21.787527, 43.333116], [21.777843, 43.338894], [21.78004, 43.35517], [21.764171, 43.39411], [21.764171, 43.401557], [21.776622, 43.410224], [21.757986, 43.435085], [21.750499, 43.476671], [21.759776, 43.490831], [21.750906, 43.507188], [21.716319, 43.531317], [21.640636, 43.544949], [21.642996, 43.557318], [21.634776, 43.571967], [21.640636, 43.579128], [21.622813, 43.587104], [21.586681, 43.593777], [21.544688, 43.618476], [21.489757, 43.613837], [21.503429, 43.627509], [21.482351, 43.633734], [21.486583, 43.653632], [21.476085, 43.668484], [21.455007, 43.650946], [21.419688, 43.659125], [21.405284, 43.718817], [21.37794, 43.728583], [21.366954, 43.764675], [21.374278, 43.77086], [21.367686, 43.784491], [21.374278, 43.798204], [21.339041, 43.805609], [21.360118, 43.839789], [21.349376, 43.84752], [21.339041, 43.894395], [21.352061, 43.897325], [21.346446, 43.929145], [21.351085, 43.938422], [21.374278, 43.949652], [21.374278, 43.956488], [21.354991, 43.959052], [21.360118, 43.976345], [21.344656, 43.978054], [21.336192, 43.988959], [21.339041, 44.01789], [21.329112, 44.023871], [21.304942, 44.01789], [21.277517, 44.052069], [21.211843, 44.068061], [21.195079, 44.079413], [21.188894, 44.127143], [21.179128, 44.146593], [21.160818, 44.154486], [21.143321, 44.153388], [21.139334, 44.185492], [21.154552, 44.195421], [21.133556, 44.209744], [21.154552, 44.209744], [21.147227, 44.217108], [21.153331, 44.229438], [21.147227, 44.243842], [21.168224, 44.250678], [21.168224, 44.258124], [21.152354, 44.263007], [21.134044, 44.286566], [21.119884, 44.292263], [21.119884, 44.29914], [21.12672, 44.29914], [21.119884, 44.312771], [21.137462, 44.311713], [21.145193, 44.317328], [21.141856, 44.32571], [21.12672, 44.332587], [21.131602, 44.345242], [21.113048, 44.360541], [21.110118, 44.370958], [21.131277, 44.425849], [21.146251, 44.435248], [21.17449, 44.435614], [21.165294, 44.448432], [21.147227, 44.456122], [21.154552, 44.47663], [21.162283, 44.47252], [21.17449, 44.47663], [21.154552, 44.484076], [21.160818, 44.504503], [21.147146, 44.500759], [21.135265, 44.521918], [21.119884, 44.52501], [21.119884, 44.531846], [21.140554, 44.551459], [21.140391, 44.563747], [21.117686, 44.598741], [21.085216, 44.600775], [21.08782, 44.619737], [21.066173, 44.643988], [21.079031, 44.655341], [21.050955, 44.675238], [21.05836, 44.696357], [21.040294, 44.702582], [21.037283, 44.721747]]}}, {"type": "Feature", "properties": {"name": "Evros", "featurecla": "River", "scalerank": 7.0}, "geometry": {"type": "LineString", "coordinates": [[23.675955, 42.277533], [23.740977, 42.321885], [23.858084, 42.319892], [23.908702, 42.28974], [23.924001, 42.258572], [24.003103, 42.225369], [24.035574, 42.223578], [24.094168, 42.243354], [24.145763, 42.229763], [24.230724, 42.225409], [24.377208, 42.166449], [24.404714, 42.150092], [24.505138, 42.146552], [24.535574, 42.159451], [24.93336, 42.160834], [24.946788, 42.16706], [24.963796, 42.153998], [24.997976, 42.160834], [25.029714, 42.149237], [25.059581, 42.166571], [25.115245, 42.18126], [25.152924, 42.160468], [25.149425, 42.146552], [25.16741, 42.14407], [25.193289, 42.124579], [25.214447, 42.1199], [25.241954, 42.137763], [25.308523, 42.131415], [25.365164, 42.113064], [25.398204, 42.113105], [25.417084, 42.10163], [25.449799, 42.098741], [25.501557, 42.069363], [25.522716, 42.065253], [25.601166, 42.072089], [25.634288, 42.067328], [25.739024, 42.023627], [25.810802, 42.023627], [25.852061, 42.044135], [25.88974, 42.016791], [25.905365, 41.961778], [25.92921, 41.947862], [25.971772, 41.900743], [26.062266, 41.887641], [26.102061, 41.845526], [26.141531, 41.821723], [26.156749, 41.818793], [26.160167, 41.794013], [26.190522, 41.773749], [26.211355, 41.7508], [26.233979, 41.746121], [26.273448, 41.715155], [26.294444, 41.710557], [26.35906, 41.715155], [26.376964, 41.710883], [26.403901, 41.692165], [26.475678, 41.675971], [26.491954, 41.681016], [26.499441, 41.667344], [26.534272, 41.666571], [26.560802, 41.654812], [26.5949, 41.612738], [26.601817, 41.585395], [26.597341, 41.573513], [26.601166, 41.547553], [26.5949, 41.537665], [26.605561, 41.523261], [26.635834, 41.399848], [26.63616, 41.37873], [26.622081, 41.340644], [26.609304, 41.331], [26.59075, 41.329535], [26.550222, 41.341986], [26.539643, 41.352078], [26.488862, 41.311103], [26.478282, 41.309841], [26.41155, 41.265937], [26.394542, 41.259223], [26.331147, 41.254421], [26.320079, 41.246446], [26.33546, 41.229193], [26.320567, 41.187852], [26.323741, 41.170111], [26.33546, 41.152777], [26.316824, 41.130683], [26.316824, 41.122504], [26.338959, 41.114773], [26.321869, 41.088813], [26.324636, 41.074286], [26.347179, 41.041205], [26.373627, 41.031358], [26.367605, 41.007921], [26.33546, 40.997382], [26.332612, 40.990994], [26.33546, 40.982123], [26.35849, 40.964911], [26.293956, 40.926866], [26.303477, 40.909288], [26.281668, 40.907497], [26.259776, 40.920681], [26.23878, 40.885932], [26.231863, 40.885932], [26.225597, 40.899604], [26.22462, 40.883857], [26.211355, 40.879706], [26.218191, 40.87226], [26.205333, 40.865261], [26.211436, 40.847724], [26.157725, 40.812364], [26.142507, 40.794013], [26.134044, 40.767361], [26.111827, 40.74726], [26.081065, 40.735785], [26.043956, 40.738471]]}}, {"type": "Feature", "properties": {"name": "Bomu", "featurecla": "River", "scalerank": 7.0}, "geometry": {"type": "LineString", "coordinates": [[22.42213, 4.134955], [22.456798, 4.149237], [22.492117, 4.17418], [22.545665, 4.237372], [22.538829, 4.278347], [22.568126, 4.331732], [22.599294, 4.352729], [22.613292, 4.374538], [22.593435, 4.402452], [22.588552, 4.422146], [22.591807, 4.473904], [22.609874, 4.484402], [22.675222, 4.48489], [22.688975, 4.491807], [22.696544, 4.512152], [22.696462, 4.535915], [22.713145, 4.551337], [22.730479, 4.587429], [22.723155, 4.629014], [22.756847, 4.660956], [22.785574, 4.724799], [22.802257, 4.730821], [22.853282, 4.711453], [22.864757, 4.738837], [22.89503, 4.76557], [22.881847, 4.788642], [22.882335, 4.800849], [22.897878, 4.823757], [22.92921, 4.820828], [22.964366, 4.835476], [22.97698, 4.834499], [22.985281, 4.826606], [23.016856, 4.750759], [23.054617, 4.737982], [23.098888, 4.711778], [23.123302, 4.715766], [23.168142, 4.738308], [23.208181, 4.690741], [23.251394, 4.663153], [23.264415, 4.635199], [23.294688, 4.627753], [23.315929, 4.607937], [23.353445, 4.603705], [23.387869, 4.587429], [23.413992, 4.590928], [23.426931, 4.601508], [23.429454, 4.629014], [23.447765, 4.659613], [23.505626, 4.676581], [23.566091, 4.724636], [23.587576, 4.734076], [23.633556, 4.745307], [23.67213, 4.767401], [23.759532, 4.787543], [23.798025, 4.814887], [23.816173, 4.820828], [23.854666, 4.813341], [23.881358, 4.827012], [23.947765, 4.817898], [23.942638, 4.851874], [23.950206, 4.867987], [23.962657, 4.868923], [23.97755, 4.854315], [24.046397, 4.889106], [24.089122, 4.920437], [24.107921, 4.923204], [24.152273, 4.902777], [24.19044, 4.944363], [24.208995, 4.956366], [24.229259, 4.96129], [24.245616, 4.95421], [24.252452, 4.93004], [24.258718, 4.93004], [24.2671, 4.935899], [24.28419, 4.992621], [24.296153, 5.003445], [24.367931, 5.012641], [24.398123, 5.0362], [24.396414, 5.048367], [24.371349, 5.053534], [24.360606, 5.063096], [24.367198, 5.084744], [24.395925, 5.122504], [24.410899, 5.082058], [24.430105, 5.067572], [24.436209, 5.100775], [24.459158, 5.107611], [24.513113, 5.087429], [24.5324, 5.073432], [24.552989, 5.039252], [24.600759, 5.026231], [24.60963, 5.016872], [24.615001, 4.985297], [24.670339, 4.957343], [24.653738, 4.929511], [24.729991, 4.917589], [24.749278, 4.918891], [24.765798, 4.93004], [24.777761, 4.918728], [24.788829, 4.92003], [24.81894, 4.944648], [24.847667, 4.936876], [24.903738, 4.966905], [24.926524, 4.971625], [24.95753, 4.991523], [25.00587, 4.981065], [25.039968, 4.962266], [25.075613, 4.951972], [25.084239, 4.954372], [25.100352, 4.994696], [25.128917, 5.018826], [25.163097, 5.005723], [25.227061, 5.009711], [25.247976, 5.024278], [25.307058, 5.032497], [25.320323, 5.052436], [25.324474, 5.088243], [25.341807, 5.111599], [25.348643, 5.141872], [25.34075, 5.155788], [25.313894, 5.163438], [25.307221, 5.185492], [25.334972, 5.228583], [25.342865, 5.27204], [25.355398, 5.286648], [25.375987, 5.293158], [25.363048, 5.310655], [25.395112, 5.334093], [25.41269, 5.323757], [25.434581, 5.328884], [25.481537, 5.357001], [25.503917, 5.342475], [25.540457, 5.3546], [25.532319, 5.372382], [25.543224, 5.375434], [25.58074, 5.375067], [25.600027, 5.340603], [25.622325, 5.340928], [25.608653, 5.320421], [25.622813, 5.310126], [25.649669, 5.320421], [25.668468, 5.306342], [25.690684, 5.299994], [25.743256, 5.250759], [25.771251, 5.245632], [25.780528, 5.258979], [25.768809, 5.265326], [25.777843, 5.269314], [25.791759, 5.263007], [25.794363, 5.238552], [25.814138, 5.244737], [25.810964, 5.231065], [25.825694, 5.194892], [25.848888, 5.218085], [25.872, 5.217231], [25.892345, 5.18537], [25.910411, 5.170233], [25.912039, 5.190538], [25.925059, 5.201931], [25.9428, 5.204291], [25.9581, 5.197577], [25.957937, 5.214952], [25.971446, 5.227851], [25.996104, 5.219428], [26.026459, 5.190131], [26.036713, 5.198106], [26.067393, 5.200995], [26.076671, 5.216498], [26.094656, 5.211249], [26.087901, 5.244737], [26.112071, 5.238552], [26.129487, 5.258979], [26.143809, 5.25198], [26.156749, 5.232611], [26.170421, 5.238552], [26.184093, 5.22545], [26.197765, 5.238552], [26.213145, 5.199327], [26.225597, 5.204413], [26.225597, 5.183295], [26.246186, 5.190131], [26.253429, 5.172471], [26.271983, 5.159247], [26.316905, 5.146552], [26.352794, 5.147895], [26.362234, 5.136094], [26.390147, 5.149115], [26.399506, 5.133816], [26.441335, 5.104438], [26.462169, 5.05976], [26.501964, 5.047634], [26.527843, 5.048204], [26.560802, 5.067206], [26.567638, 5.05976], [26.579519, 5.07453], [26.597748, 5.080837], [26.615001, 5.078396], [26.629161, 5.067206], [26.635265, 5.077826], [26.656993, 5.073432], [26.691173, 5.09455], [26.739024, 5.09455], [26.760183, 5.088324], [26.807872, 5.039252], [26.832042, 5.053534], [26.848888, 5.039252], [26.866466, 5.037706], [26.883556, 5.053534], [26.903412, 5.09455], [26.961192, 5.151313], [27.026947, 5.190131], [27.073171, 5.203477], [27.115815, 5.200507], [27.239187, 5.145046], [27.301362, 5.132148], [27.342296, 5.100775], [27.360606, 5.095567]]}}, {"type": "Feature", "properties": {"name": "Akobo", "featurecla": "River", "scalerank": 7.0}, "geometry": {"type": "LineString", "coordinates": [[35.853119, 6.739325], [35.836355, 6.711249], [35.794932, 6.678778], [35.741222, 6.667792], [35.72226, 6.653266], [35.688975, 6.646308], [35.647716, 6.622667], [35.642182, 6.633002], [35.619721, 6.636298], [35.606619, 6.663642], [35.572032, 6.704617], [35.578868, 6.731309], [35.563487, 6.750108], [35.538585, 6.756415], [35.517345, 6.745551], [35.482514, 6.749213], [35.400483, 6.713324], [35.387706, 6.671088], [35.36378, 6.636298], [35.33074, 6.612982], [35.305675, 6.581732], [35.312918, 6.569525], [35.331147, 6.558132], [35.322765, 6.543809], [35.289968, 6.536566], [35.277843, 6.52029], [35.229991, 6.52029], [35.204194, 6.50963], [35.18157, 6.52029], [35.177989, 6.504259], [35.130382, 6.506619], [35.092214, 6.465644], [35.075206, 6.467312], [35.048106, 6.492296], [34.976085, 6.506619], [34.93629, 6.54914], [34.898204, 6.558905], [34.86321, 6.605414], [34.831554, 6.615343], [34.774099, 6.615546], [34.726085, 6.642117], [34.714122, 6.655829], [34.703136, 6.685085], [34.634939, 6.730007], [34.596202, 6.739325], [34.553396, 6.739366], [34.524099, 6.752997], [34.510671, 6.81448], [34.524099, 6.824734], [34.522716, 6.844346], [34.503184, 6.890204], [34.438731, 6.935004], [34.296967, 6.968695], [34.280284, 6.980292], [34.270274, 7.003607], [34.197765, 7.064521], [34.195323, 7.129177], [34.181082, 7.167426], [34.16741, 7.175605], [34.131928, 7.163601], [34.08546, 7.211737], [34.033132, 7.250434], [34.030203, 7.348904], [34.023367, 7.382636], [34.005951, 7.410102], [33.881847, 7.5362], [33.852061, 7.553738], [33.811046, 7.561143], [33.760509, 7.598253], [33.715424, 7.657335], [33.636648, 7.691474], [33.571788, 7.68537], [33.550385, 7.691474], [33.516205, 7.726264], [33.461843, 7.74962], [33.39267, 7.739936], [33.359304, 7.719428], [33.34669, 7.719102], [33.291108, 7.733222], [33.233409, 7.783311], [33.163992, 7.801337], [33.131602, 7.794135], [33.120372, 7.783474], [33.057709, 7.798163], [33.050792, 7.801337], [33.040294, 7.825019], [33.02296, 7.835273], [32.989268, 7.917426]]}}, {"type": "Feature", "properties": {"name": "Congo", "featurecla": "River", "scalerank": 2.0}, "geometry": {"type": "MultiLineString", "coordinates": [[[22.671451095662636, 2.0], [22.625499, 2.043728], [22.601085, 2.082221], [22.508556, 2.149115], [22.464773, 2.150702], [22.283376, 2.18183], [22.234386, 2.171413], [22.191417, 2.183376], [22.092784, 2.187445], [21.59669, 2.148057], [21.517833, 2.116767], [21.344412, 2.091498], [21.24114, 2.033637], [21.206798, 2.005805], [21.12892367183538, 2.0]], [[21.02956427830065, 2.0], [20.907481, 2.016913], [20.73814349424417, 2.0]]]}}, {"type": "Feature", "properties": {"name": "Donets", "featurecla": "River", "scalerank": 7.0}, "geometry": {"type": "LineString", "coordinates": [[40.927890298026135, 48.0], [40.996593, 47.927598], [41.025808, 47.873725], [41.020112, 47.838202], [41.026541, 47.828315], [41.068289, 47.814032], [41.067963, 47.802029], [41.040131, 47.773057], [41.03004, 47.753038], [41.038097, 47.748806], [41.081716, 47.75255], [41.062592, 47.716254], [41.03712, 47.691189], [40.98878, 47.701972], [40.972667, 47.691189], [40.967296, 47.709011], [40.954519, 47.709011], [40.930919, 47.691189], [40.942312, 47.673163], [40.941173, 47.656358], [40.929779, 47.643337], [40.896658, 47.62995], [40.890554, 47.621039], [40.89503, 47.602729], [40.924815, 47.58808]]}}, {"type": "Feature", "properties": {"name": "Ituri", "featurecla": "River", "scalerank": 7.0}, "geometry": {"type": "LineString", "coordinates": [[30.130951, 2.024604], [30.115254753186168, 2.0]]}}, {"type": "Feature", "properties": {"name": "Kiz?lirmak", "featurecla": "River", "scalerank": 7.0}, "geometry": {"type": "LineString", "coordinates": [[37.660818, 39.879747], [37.47877, 39.869005], [37.139578, 39.793769], [37.002371, 39.75255], [36.909109, 39.708808], [36.890636, 39.713324], [36.880626, 39.732733], [36.860769, 39.737657], [36.791515, 39.72252], [36.735037, 39.719509], [36.694591, 39.705512], [36.613862, 39.691433], [36.535574, 39.636786], [36.463959, 39.609483], [36.408621, 39.556952], [36.395274, 39.523261], [36.371511, 39.494737], [36.253022, 39.409776], [36.111908, 39.325263], [36.065684, 39.27619], [35.961681, 39.231147], [35.951182, 39.217719], [35.955577, 39.188585], [35.947358, 39.174628], [35.846121, 39.126166], [35.798595, 39.075751], [35.760997, 39.065863], [35.732921, 39.043077], [35.690359, 39.034451], [35.560639, 39.041327], [35.549408, 39.01199], [35.526296, 38.987006], [35.49586, 38.971462], [35.390147, 38.976386], [35.318126, 38.957953], [35.29127, 38.93537], [35.292247, 38.902167], [35.241466, 38.886908], [35.205577, 38.853787], [35.161876, 38.828559], [35.091563, 38.799506], [35.024343, 38.758572], [34.969819, 38.756049], [34.905365, 38.738959], [34.807384, 38.752143], [34.750662, 38.778022], [34.634288, 38.773708], [34.593516, 38.787624], [34.529226, 38.82807], [34.368744, 38.863227], [34.355479, 38.86872], [34.317149, 38.908393], [34.23463, 38.955512], [34.194265, 38.969306], [34.184174, 38.9831], [34.178396, 39.009101], [34.156342, 39.022569], [34.104259, 39.028591], [34.022553, 39.063788], [33.991466, 39.069444], [33.961436, 39.062934], [33.946788, 39.069892], [33.917735, 39.101386], [33.901785, 39.105902], [33.8095, 39.109931], [33.673432, 39.170356], [33.504649, 39.308702], [33.455496, 39.32685], [33.453217, 39.372748], [33.444753, 39.387397], [33.408132, 39.399482], [33.398529, 39.407335], [33.395112, 39.425849], [33.407237, 39.495185], [33.403087, 39.51793], [33.433116, 39.603339], [33.452403, 39.631781], [33.48878, 39.646348], [33.488862, 39.6588], [33.4463, 39.681179], [33.473399, 39.706977], [33.485444, 39.779568], [33.461681, 39.803412], [33.482188, 39.82453], [33.418061, 39.871202], [33.413829, 39.892849], [33.425222, 39.932725], [33.413829, 39.947455], [33.43157, 39.960761], [33.441905, 39.980984], [33.451182, 40.063096], [33.460704, 40.08336], [33.5442, 40.134833], [33.563487, 40.153103], [33.583425, 40.21955], [33.619884, 40.249091], [33.612397, 40.262152], [33.625987, 40.27265], [33.626069, 40.290066], [33.638927, 40.285753], [33.651378, 40.294379], [33.659679, 40.311062], [33.660248, 40.331], [33.715424, 40.337836], [33.754812, 40.330634], [33.824311, 40.33869], [33.852143, 40.346869], [33.865652, 40.358954], [33.887462, 40.352118], [33.934174, 40.359931], [33.955089, 40.345282], [33.98878, 40.358262], [34.031993, 40.400824], [34.036876, 40.411322], [34.030203, 40.420437], [34.053966, 40.431464], [34.112804, 40.481879], [34.121837, 40.476386], [34.127045, 40.481879], [34.240896, 40.486192], [34.269623, 40.498358], [34.353038, 40.552802], [34.404796, 40.568549], [34.532644, 40.634345], [34.617117, 40.636827], [34.646251, 40.645779], [34.672374, 40.676296], [34.720307, 40.707099], [34.716075, 40.721462], [34.724376, 40.732123], [34.765066, 40.755561], [34.819835, 40.808621], [34.843761, 40.81684], [34.855561, 40.831814], [34.866222, 40.868842], [34.861908, 40.878445], [34.838878, 40.882839], [34.849539, 40.898017], [34.866222, 40.906358], [34.854421, 40.915351], [34.853038, 40.947374], [34.832774, 40.975287], [34.781261, 40.988715], [34.765554, 41.002387], [34.746104, 40.987331], [34.727306, 40.985541], [34.462657, 41.100531], [34.444591, 41.112494], [34.437266, 41.126532], [34.450694, 41.141181], [34.47047, 41.147162], [34.553152, 41.139716], [34.754649, 41.148871], [34.808035, 41.175238], [34.876069, 41.2331], [34.888113, 41.269843], [34.941824, 41.299872], [34.934581, 41.317939], [34.943858, 41.326036], [34.991222, 41.334906], [35.023936, 41.358913], [35.102468, 41.385321], [35.113292, 41.399848], [35.132823, 41.377143], [35.147227, 41.332221], [35.195811, 41.311103], [35.184825, 41.299099], [35.239757, 41.289252], [35.296316, 41.258328], [35.339854, 41.254503], [35.383067, 41.260199], [35.413178, 41.275702], [35.436941, 41.313666], [35.451915, 41.324897], [35.505951, 41.30744], [35.556082, 41.321967], [35.626231, 41.364325], [35.759044, 41.371039], [35.783132, 41.386176], [35.807058, 41.420925], [35.840912, 41.437079], [35.846934, 41.434638], [35.840017, 41.482367], [35.845876, 41.513861], [35.896658, 41.587104], [35.911225, 41.615831], [35.915294, 41.646267]]}}, {"type": "Feature", "properties": {"name": "Kotto", "featurecla": "River", "scalerank": 7.0}, "geometry": {"type": "LineString", "coordinates": [[23.422048, 9.12405], [23.426524, 9.083319], [23.397146, 9.022406], [23.362966, 8.92711], [23.358572, 8.882595], [23.352712, 8.867133], [23.299083, 8.798163], [23.297374, 8.755072], [23.278005, 8.719346], [23.287283, 8.689399], [23.27532, 8.617255], [23.278005, 8.582831], [23.297293, 8.543036], [23.306814, 8.505886], [23.339854, 8.467963], [23.35255, 8.435411], [23.387869, 8.390977], [23.401866, 8.343207], [23.412039, 8.335761], [23.458751, 8.256212], [23.484141, 8.24018], [23.483328, 8.220974], [23.521658, 8.197537], [23.559825, 8.14704], [23.559825, 8.038153], [23.552745, 8.025906], [23.532156, 8.015815], [23.529063, 7.948676], [23.501394, 7.912665], [23.492442, 7.87877], [23.443126, 7.86282], [23.405691, 7.800971], [23.372, 7.791571], [23.360606, 7.767198], [23.323171, 7.742621], [23.319591, 7.726264], [23.268077, 7.743354], [23.229015, 7.729438], [23.204275, 7.710801], [23.163097, 7.702012], [23.124766, 7.681505], [23.100597, 7.657335], [23.052013, 7.650499], [23.032644, 7.633612], [22.984548, 7.547471], [22.968516, 7.550727], [22.943777, 7.525336], [22.936046, 7.507148], [22.938975, 7.461615], [22.932628, 7.448798], [22.901866, 7.445095], [22.898448, 7.430772], [22.872569, 7.444648], [22.854015, 7.445095], [22.846609, 7.40412], [22.840343, 7.40412], [22.832205, 7.42947], [22.824474, 7.435574], [22.795584, 7.432074], [22.769054, 7.394314], [22.764822, 7.372748], [22.772227, 7.340155], [22.769054, 7.331], [22.750418, 7.320909], [22.773936, 7.290229], [22.757986, 7.19184], [22.773611, 7.16238], [22.76946, 7.155788], [22.750418, 7.164496], [22.740408, 7.145616], [22.721853, 7.133002], [22.68214, 7.116075], [22.615164, 7.074327], [22.552501, 7.013048], [22.527029, 6.941107], [22.486257, 6.925889], [22.476248, 6.927354], [22.4699, 6.938015], [22.377371, 6.869086], [22.332286, 6.845282], [22.305919, 6.855089], [22.290538, 6.851345], [22.271251, 6.828152], [22.259288, 6.787421], [22.243337, 6.773505], [22.191091, 6.749091], [22.174734, 6.758979], [22.130382, 6.735663], [22.103445, 6.686794], [22.085704, 6.677314], [22.082774, 6.651638], [22.06365, 6.615749], [22.048106, 6.598456], [21.996511, 6.57628], [21.990164, 6.561225], [22.040212, 6.498236], [22.04127, 6.481757], [22.026622, 6.454779], [22.000418, 6.44953], [21.998953, 6.444037], [22.004405, 6.423407], [21.998546, 6.355821], [22.013845, 6.320624], [21.990164, 6.266384], [21.987966, 6.224473], [22.059011, 6.122382], [22.062511, 6.031358], [22.11671, 5.962755], [22.113455, 5.941921], [22.079356, 5.903266], [22.07252, 5.873236], [22.076427, 5.801052], [22.072032, 5.76614], [22.053396, 5.729112], [22.051524, 5.708075], [22.075694, 5.676703], [22.085704, 5.642605], [22.03004, 5.636501], [22.024832, 5.615302], [22.043142, 5.618272], [22.033702, 5.600531], [22.000173, 5.567939], [21.973888, 5.555365], [21.955984, 5.533311], [21.901378, 5.488349], [21.898936, 5.425157], [21.901378, 5.38935], [21.908214, 5.375067], [21.894542, 5.33751], [21.892345, 5.230048], [21.88087, 5.173651], [21.875173, 5.156806], [21.832449, 5.128689], [21.791515, 5.087714], [21.794688, 5.071804], [21.832449, 5.026231], [21.833018, 5.005154], [21.781668, 4.929267], [21.771658, 4.82392], [21.744395, 4.759345], [21.750255, 4.734442], [21.736257, 4.714382], [21.742361, 4.697943], [21.756847, 4.688992], [21.773367, 4.688422], [21.78533, 4.697292], [21.802501, 4.683702], [21.818126, 4.691474], [21.826182, 4.669989], [21.846609, 4.65705], [21.85906, 4.655463], [21.874034, 4.663153], [21.894542, 4.635199], [21.915538, 4.642646], [21.917654, 4.636501], [21.908214, 4.625312], [21.914561, 4.604193], [21.945079, 4.582953], [21.955984, 4.566352], [21.941335, 4.541612], [21.942312, 4.532782], [22.000743, 4.519314], [22.059011, 4.539008], [22.098562, 4.541531], [22.131521, 4.534206], [22.146902, 4.512315], [22.133474, 4.471381], [22.097179, 4.41946], [22.090017, 4.393988], [22.064871, 4.363145], [22.067882, 4.300971], [22.037852, 4.249457], [22.037852, 4.231147]]}}, {"type": "Feature", "properties": {"name": "Bratul Chillia", "featurecla": "River", "scalerank": 2.0}, "geometry": {"type": "LineString", "coordinates": [[29.658702, 45.216498], [29.665945, 45.230902], [29.658702, 45.244412], [29.671804, 45.27322], [29.666596, 45.31212], [29.649669, 45.346381], [29.569347, 45.395209], [29.430105, 45.430609], [29.321707, 45.444119], [29.281342, 45.422553], [29.22755, 45.424018], [29.191173, 45.406521], [29.173839, 45.389228], [29.149669, 45.388129], [29.127045, 45.374783], [29.069021, 45.361111], [29.004161, 45.326361], [28.973237, 45.32392], [28.959972, 45.311591], [28.952403, 45.285346], [28.929291, 45.279364], [28.880382, 45.306464], [28.857677, 45.309353], [28.831309, 45.322537], [28.815684, 45.326361], [28.789317, 45.321641], [28.789643, 45.292304], [28.76116, 45.282091], [28.759044, 45.274441], [28.766694, 45.258083], [28.802175, 45.244412], [28.77825, 45.231309], [28.747, 45.23074], [28.794688, 45.202826], [28.795502, 45.184678], [28.805186, 45.182318], [28.828868, 45.196601], [28.847341, 45.196479], [28.883067, 45.179999]]}}, {"type": "Feature", "properties": {"name": "Atrek", "featurecla": "River", "scalerank": 7.0}, "geometry": {"type": "LineString", "coordinates": [[58.909272, 37.123969], [58.892507, 37.129747], [58.850352, 37.17239], [58.765554, 37.192816], [58.720876, 37.188503], [58.693289, 37.164862], [58.622813, 37.127224], [58.538503, 37.123725], [58.452647, 37.140815], [58.361501, 37.172675], [58.241466, 37.261746], [58.182058, 37.278428], [58.164806, 37.30622], [58.146007, 37.322211], [58.046153, 37.379706], [57.543956, 37.489854], [57.515717, 37.518256], [57.48878, 37.528388], [57.432628, 37.569607], [57.386322, 37.623318], [57.367198, 37.631049], [57.329356, 37.634711], [57.307058, 37.647773], [57.274425, 37.644639], [57.253998, 37.66706], [57.237315, 37.675645], [57.212901, 37.678534], [57.031993, 37.665147], [57.004975, 37.669704], [56.946056, 37.706732], [56.904389, 37.716742], [56.689138, 37.720079], [56.651459, 37.739814], [56.589773, 37.754503], [56.52296, 37.817003], [56.377452, 37.854193], [56.367768, 37.86933], [56.325694, 37.880154], [56.296397, 37.920193], [56.251231, 37.933214], [56.200694, 37.934841], [56.164561, 37.925238], [56.145925, 37.933905], [55.947358, 37.915839], [55.90325, 37.901719], [55.811534, 37.892524], [55.787852, 37.884223], [55.746593, 37.893988], [55.732514, 37.912177], [55.679861, 37.92296], [55.643891, 37.942328], [55.607432, 37.952012], [55.486827, 37.960028], [55.448741, 37.990017], [55.366303, 38.015245], [55.295502, 38.007758], [55.228445, 37.986029], [55.219249, 37.970242], [55.129893, 37.952501], [55.103282, 37.919013], [55.066173, 37.908637], [55.053152, 37.88463], [55.006358, 37.843329], [54.856049, 37.761339], [54.813243, 37.718858], [54.786876, 37.652126], [54.787852, 37.631049], [54.809011, 37.603583], [54.804698, 37.565253], [54.787852, 37.524929], [54.697846, 37.466579], [54.67335, 37.477118], [54.646088, 37.478949], [54.561941, 37.467353], [54.401459, 37.422471], [54.260265, 37.418158], [54.220876, 37.404486], [54.198822, 37.406358], [54.152924, 37.424872], [54.122569, 37.466579], [54.074636, 37.471788], [54.007416, 37.457587], [53.943777, 37.432725], [53.90504, 37.406317]]}}, {"type": "Feature", "properties": {"name": "Sava", "featurecla": "River", "scalerank": 7.0}, "geometry": {"type": "LineString", "coordinates": [[15.229503, 46.045844], [15.247, 46.04031], [15.296641, 46.043524], [15.364513, 46.024766], [15.435313, 46.017768], [15.456309, 46.009955], [15.473562, 45.995307], [15.489187, 45.963446], [15.500011, 45.956855], [15.545665, 45.941433], [15.597097, 45.936835], [15.687511, 45.869981], [15.773855, 45.840644], [15.809988, 45.840888], [15.866954, 45.791612], [15.983897, 45.788275], [16.048839, 45.765163], [16.083018, 45.792426], [16.140391, 45.793402], [16.155284, 45.771999], [16.208507, 45.754462], [16.22698, 45.758897], [16.228282, 45.742621], [16.213308, 45.731635], [16.22698, 45.718329], [16.213308, 45.709906], [16.213308, 45.703721], [16.247569, 45.703721], [16.252615, 45.672431], [16.285411, 45.67239], [16.292898, 45.669989], [16.306082, 45.647773], [16.341807, 45.644884], [16.336843, 45.621772], [16.356212, 45.620469], [16.343679, 45.600653], [16.363292, 45.596991], [16.405772, 45.57331], [16.379812, 45.536811], [16.385265, 45.52558], [16.42628, 45.52558], [16.405772, 45.498236], [16.398936, 45.504462], [16.405772, 45.511908], [16.385265, 45.511908], [16.387706, 45.48489], [16.39088, 45.475531], [16.415212, 45.465033], [16.439871, 45.442979], [16.511404, 45.41352], [16.536632, 45.409206], [16.561209, 45.413398], [16.583263, 45.429999], [16.595144, 45.413153], [16.610606, 45.415635], [16.625011, 45.404161], [16.679454, 45.388983], [16.675792, 45.373399], [16.687022, 45.364814], [16.704031, 45.363715], [16.730968, 45.377061], [16.775076, 45.354275], [16.774669, 45.342719], [16.789317, 45.340603], [16.782481, 45.320136], [16.809825, 45.31269], [16.821788, 45.317328], [16.824148, 45.306464], [16.802989, 45.27912], [16.854259, 45.269884], [16.880382, 45.28205], [16.896414, 45.268378], [16.923839, 45.284857], [16.93214, 45.278998], [16.946788, 45.235948], [16.967459, 45.237576], [16.960704, 45.251166], [16.998057, 45.231635], [17.007823, 45.244412], [17.013113, 45.230821], [17.007823, 45.216498], [17.035818, 45.23074], [17.055186, 45.20071], [17.09783, 45.177924], [17.186534, 45.14879], [17.244884, 45.155626], [17.268565, 45.189765], [17.382009, 45.139838], [17.433604, 45.14879], [17.4428, 45.162299], [17.45753, 45.14643], [17.447276, 45.134548], [17.47169, 45.133002], [17.495779, 45.142035], [17.481456, 45.114691], [17.571951, 45.120673], [17.629405, 45.157579], [17.651052, 45.165595], [17.684337, 45.164252], [17.740896, 45.13349], [17.797048, 45.082221], [17.835216, 45.064765], [17.910655, 45.081366], [17.987966, 45.14407], [18.00294, 45.149604], [18.034434, 45.143622], [18.089773, 45.108222], [18.153087, 45.097846], [18.191905, 45.108751], [18.201834, 45.144355], [18.21282, 45.154079], [18.237315, 45.157742], [18.321788, 45.123114], [18.41155, 45.112657], [18.465505, 45.074327], [18.516531, 45.056098], [18.540538, 45.055528], [18.534434, 45.090684], [18.549083, 45.094997], [18.581309, 45.09162], [18.608653, 45.100369], [18.648204, 45.062934], [18.657481, 45.066596], [18.670828, 45.087104], [18.683604, 45.085069], [18.737804, 45.01614], [18.788503, 45.005968], [18.804128, 44.974066], [18.801036, 44.964219], [18.772146, 44.942735], [18.782888, 44.914008], [18.817149, 44.887803], [18.889171, 44.861436], [19.004405, 44.863593], [19.067882, 44.875067], [19.18629, 44.927802], [19.201345, 44.908637], [19.238943, 44.915391], [19.283376, 44.908637], [19.309744, 44.912624], [19.3296, 44.898993], [19.349783, 44.897284], [19.358897, 44.90115], [19.32488, 44.922309], [19.386404, 44.915391], [19.397472, 44.923529], [19.395681, 44.93183], [19.372569, 44.943386], [19.410085, 44.96015], [19.447765, 44.956366], [19.44988, 44.971706], [19.484874, 44.983832], [19.646414, 44.963568], [19.656668, 44.959784], [19.667491, 44.936103], [19.756847, 44.915391], [19.753184, 44.892117], [19.709972, 44.830268], [19.700694, 44.807644], [19.705007, 44.788764], [19.729015, 44.757758], [19.79656, 44.751573], [19.846202, 44.733466], [19.913992, 44.695421], [19.982595, 44.695909], [20.01002, 44.68891], [19.930837, 44.659288], [19.920665, 44.647895], [19.94044, 44.631781], [19.973399, 44.641181], [20.045421, 44.690253], [20.12615, 44.716824], [20.154063, 44.710639], [20.16033, 44.68891], [20.186534, 44.682725], [20.201915, 44.686103], [20.214122, 44.711982], [20.237478, 44.723741], [20.242849, 44.71369], [20.236095, 44.690294], [20.274343, 44.66474], [20.29241, 44.679023], [20.321788, 44.743923], [20.361257, 44.784125], [20.441173, 44.81037], [20.455089, 44.840277]]}}, {"type": "Feature", "properties": {"name": "Bratul Sfintu Gheorghe", "featurecla": "River", "scalerank": 2.0}, "geometry": {"type": "LineString", "coordinates": [[28.883067, 45.179999], [28.96282, 45.14057], [29.052257, 45.114691], [29.139415, 45.073269], [29.158376, 45.087348], [29.130382, 45.093573], [29.130382, 45.10102], [29.168712, 45.116767], [29.2046, 45.091864], [29.206147, 45.065619], [29.190847, 45.058621], [29.1963, 45.049831], [29.217459, 45.039862], [29.281342, 45.038926], [29.274506, 45.032172], [29.294932, 45.018419], [29.288178, 45.004828], [29.30714, 44.990017], [29.312511, 44.970242], [29.335378, 44.98371], [29.360362, 44.970038], [29.391856, 44.98371], [29.379161, 44.96251], [29.381602, 44.953396], [29.394949, 44.94953], [29.425304, 44.970038], [29.456065, 44.970323], [29.524099, 44.9442], [29.610932, 44.888129]]}}, {"type": "Feature", "properties": {"name": "Nile", "featurecla": "Lake Centerline", "scalerank": 1.0}, "geometry": {"type": "LineString", "coordinates": [[32.879405, 23.987657], [32.863292, 23.893826], [32.871186, 23.867865], [32.918549, 23.785183], [32.918468, 23.748725], [32.88974, 23.661811], [32.872976, 23.6317], [32.856375, 23.538926], [32.894054, 23.491767], [32.900971, 23.454535], [32.898692, 23.425808], [32.91212, 23.396186], [32.938731, 23.362494], [32.94573, 23.335313], [32.9428, 23.306749], [32.929617, 23.289374], [32.881114, 23.250922], [32.866466, 23.225613], [32.841401, 23.205024], [32.800873, 23.196601], [32.75294, 23.109687], [32.70517, 23.055528], [32.68336, 22.994574], [32.667572, 22.971625], [32.634044, 22.936835], [32.592296, 22.910264], [32.582042, 22.888454], [32.583263, 22.822618], [32.570811, 22.771755], [32.454194, 22.708564], [32.437999, 22.696072], [32.394216, 22.626532], [32.373464, 22.620307], [32.340424, 22.619696], [32.291515, 22.634101], [32.275401, 22.653835], [32.273448, 22.682685], [32.253022, 22.709662], [32.216563, 22.738064], [32.184662, 22.750678], [32.135346, 22.745469], [32.074474, 22.725857], [31.99407, 22.681912], [31.914154, 22.601671], [31.883067, 22.539618], [31.87794, 22.50019], [31.860769, 22.473822], [31.827566, 22.454291], [31.757335, 22.428534], [31.602306, 22.312567], [31.530772, 22.241034], [31.418875, 22.149766], [31.375418, 22.075303], [31.343354, 21.923122], [31.295421, 21.84988], [31.247325, 21.820868], [31.200857, 21.766669], [31.176362, 21.672797], [31.159434, 21.655707], [31.10963, 21.63463], [31.090587, 21.609198]]}}, {"type": "Feature", "properties": {"name": "Nile", "featurecla": "River", "scalerank": 1.0}, "geometry": {"type": "MultiLineString", "coordinates": [[[32.879405, 23.987657], [32.872651, 24.07331], [32.886241, 24.126247], [32.870535, 24.199042], [32.872651, 24.230984], [32.906749, 24.303005], [32.907237, 24.410468], [32.924246, 24.442003], [32.899343, 24.453192], [32.877859, 24.489854], [32.88323, 24.529853], [32.920421, 24.610867], [32.934011, 24.688585], [32.927257, 24.76911], [32.914154, 24.809272], [32.865245, 24.905056], [32.864838, 24.927558], [32.881358, 24.956855], [32.885671, 24.977647], [32.882091, 25.01496], [32.857188, 25.082628], [32.836192, 25.104926], [32.741222, 25.154161], [32.686453, 25.195339], [32.616222, 25.231553], [32.583425, 25.253445], [32.559581, 25.283149], [32.550548, 25.324042], [32.557384, 25.402208], [32.553722, 25.42414], [32.497813, 25.508653], [32.482839, 25.549831], [32.487885, 25.585964], [32.523204, 25.612006], [32.59547, 25.63642], [32.666026, 25.758124], [32.68214, 25.775417], [32.74879, 25.789333], [32.764415, 25.801703], [32.769542, 25.823676], [32.762462, 25.839179], [32.734793, 25.865668], [32.728526, 25.882025], [32.731619, 25.906317], [32.762787, 25.94713], [32.785818, 26.006619], [32.770518, 26.04503], [32.762787, 26.11164], [32.731619, 26.138536], [32.678152, 26.159776], [32.649099, 26.180487], [32.625499, 26.173692], [32.605724, 26.139594], [32.569753, 26.133857], [32.552257, 26.121121], [32.434093, 26.11164], [32.374604, 26.068305], [32.343761, 26.083808], [32.323985, 26.084337], [32.307221, 26.070583], [32.291108, 26.036485], [32.26588, 26.029731], [32.248139, 26.035671], [32.235037, 26.091173], [32.227061, 26.102362], [32.196707, 26.127305], [32.165701, 26.142646], [32.132091, 26.207872], [32.117117, 26.218329], [32.060476, 26.221503], [32.052989, 26.185899], [32.041515, 26.169949], [32.016124, 26.180528], [32.009207, 26.197699], [32.018077, 26.240505], [32.012706, 26.258734], [31.963878, 26.30622], [31.89267, 26.350694], [31.877452, 26.381049], [31.824229, 26.413357], [31.811127, 26.451199], [31.80836, 26.541327], [31.790131, 26.564154], [31.775808, 26.566718], [31.735444, 26.544949], [31.703868, 26.543647], [31.698253, 26.555976], [31.714366, 26.625596], [31.702647, 26.641181], [31.660655, 26.637722], [31.635671, 26.649766], [31.628347, 26.690741], [31.597097, 26.714952], [31.523367, 26.799384], [31.481537, 26.906806], [31.467865, 26.925238], [31.381602, 26.991889], [31.352794, 27.023749], [31.30364, 27.098578], [31.297374, 27.137559], [31.279796, 27.157904], [31.198497, 27.174384], [31.17628, 27.215277], [31.163829, 27.219102], [31.141694, 27.20657], [31.114513, 27.201606], [31.111095, 27.269884], [31.035411, 27.283515], [30.995046, 27.331326], [30.966238, 27.346788], [30.963145, 27.355902], [30.973888, 27.37226], [30.907319, 27.401068], [30.878184, 27.420762], [30.848888, 27.459784], [30.864757, 27.499538], [30.85019, 27.554389], [30.851085, 27.577704], [30.878917, 27.65001], [30.899425, 27.67768], [30.885753, 27.722357], [30.885753, 27.801134], [30.862234, 27.815538], [30.844249, 27.852078], [30.841563, 27.870469], [30.851085, 27.917263], [30.849132, 27.973904], [30.837413, 28.037665], [30.808849, 28.071397], [30.761729, 28.105902], [30.746349, 28.133246], [30.742117, 28.179389], [30.75644, 28.207546], [30.737885, 28.262152], [30.741222, 28.322292], [30.769054, 28.380316], [30.816905, 28.41531], [30.835216, 28.447781], [30.836192, 28.471055], [30.819835, 28.507636], [30.832612, 28.573065], [30.844493, 28.597602], [30.837413, 28.626736], [30.86671, 28.669623], [30.873627, 28.708116], [30.907319, 28.759955], [30.910085, 28.829657], [30.939708, 28.873725], [31.010509, 28.941962], [31.029226, 28.969306], [31.052989, 29.028754], [31.117931, 29.072333], [31.159434, 29.123114], [31.220876, 29.2331], [31.212006, 29.348212], [31.227794, 29.393866], [31.213471, 29.428575], [31.244151, 29.473171], [31.261811, 29.531684], [31.280284, 29.547187], [31.28297, 29.558946], [31.268647, 29.599921], [31.270437, 29.62519], [31.277273, 29.644558], [31.30364, 29.668809], [31.280365, 29.69656], [31.268647, 29.733425], [31.272472, 29.754177], [31.296804, 29.805365], [31.288666, 29.884955], [31.261811, 29.948798], [31.225352, 29.989366], [31.220876, 30.007758], [31.236908, 30.123847]], [[33.693044, 18.489], [33.685069, 18.500922], [33.683849, 18.521755], [33.701427, 18.594265], [33.699962, 18.653388], [33.688243, 18.690985], [33.660248, 18.724229], [33.624929, 18.727322], [33.615001, 18.738145], [33.570242, 18.741482], [33.559581, 18.760037], [33.564708, 18.8074], [33.550385, 18.844672], [33.553152, 18.906684], [33.579845, 18.976589], [33.577159, 19.141425], [33.561615, 19.178982], [33.533946, 19.206977], [33.424815, 19.26911], [33.418386, 19.309434], [33.391531, 19.355902], [33.379649, 19.423163], [33.350597, 19.443671], [33.284272, 19.476182], [33.057709, 19.529161], [33.016612, 19.516059], [32.999278, 19.502265], [32.969656, 19.461249], [32.940929, 19.464057], [32.898692, 19.455512], [32.869558, 19.436103], [32.796886, 19.334337], [32.773936, 19.341579], [32.745046, 19.304307], [32.720795, 19.285427], [32.683116, 19.18891], [32.656749, 19.165107], [32.620046, 19.152533], [32.525401, 19.154364], [32.508718, 19.147528], [32.500011, 19.101386], [32.475352, 19.06684], [32.461681, 19.032742], [32.416759, 19.002021], [32.383393, 18.96247], [32.358002, 18.923448], [32.353038, 18.896267], [32.34433, 18.88935], [32.320404, 18.889757], [32.308604, 18.893866], [32.294526, 18.913031], [32.273529, 18.913682], [32.191987, 18.89171], [32.036713, 18.784776], [32.029714, 18.768907], [32.034109, 18.748114], [32.063894, 18.710557], [32.066661, 18.661322], [32.046479, 18.619249], [32.011241, 18.588487], [31.968272, 18.573432], [31.942393, 18.572781], [31.919851, 18.580878], [31.878917, 18.567206], [31.803722, 18.456244], [31.786143, 18.410427], [31.77825, 18.366156], [31.766368, 18.350613], [31.728038, 18.327582], [31.703705, 18.303656], [31.691661, 18.28795], [31.679698, 18.251492], [31.625011, 18.196641], [31.562999, 18.108181], [31.528819, 18.080593], [31.450694, 18.044216], [31.407807, 18.036648], [31.325206, 18.042589], [31.207286, 17.984402], [31.171886, 17.999335], [31.114675, 18.008653], [31.044037, 18.046698], [30.98406, 18.046454], [30.961518, 18.053819], [30.926036, 18.107856], [30.893077, 18.130398], [30.807546, 18.144395], [30.769054, 18.169298], [30.700206, 18.327582], [30.714447, 18.405544], [30.702729, 18.467556], [30.682384, 18.497138], [30.624034, 18.546658], [30.586925, 18.593451], [30.576671, 18.615587], [30.559174, 18.709174], [30.535737, 18.752143], [30.515391, 18.823269], [30.491628, 18.841824], [30.485362, 18.86046], [30.466807, 18.971259], [30.487885, 19.049831], [30.490977, 19.222113], [30.473074, 19.279853], [30.477957, 19.323798], [30.490001, 19.352322], [30.48878, 19.370632], [30.471934, 19.420111], [30.466807, 19.478339], [30.455577, 19.506659], [30.403738, 19.570014], [30.398529, 19.584174], [30.398529, 19.663357], [30.395274, 19.681708], [30.371186, 19.724799], [30.365652, 19.772732], [30.350678, 19.786892], [30.307384, 19.80683], [30.302989, 19.827501], [30.312022, 19.867214], [30.336029, 19.8817], [30.404796, 19.896755], [30.459972, 19.930854], [30.539154, 19.930854], [30.56544, 19.942979], [30.587169, 19.972439], [30.601003, 20.008328], [30.604015, 20.040107], [30.576671, 20.094753], [30.562429, 20.170111], [30.586843, 20.272244], [30.547374, 20.330919], [30.523204, 20.347276], [30.453136, 20.355414], [30.401947, 20.349921], [30.388276, 20.361884], [30.358165, 20.423692], [30.330577, 20.523139], [30.298839, 20.582058], [30.306163, 20.615668], [30.370128, 20.717149], [30.371186, 20.732204], [30.338308, 20.769558], [30.348888, 20.801622], [30.374441, 20.82099], [30.409679, 20.814643], [30.542572, 20.838324], [30.566987, 20.857856], [30.576671, 20.896999], [30.577647, 20.974921], [30.597911, 20.997016], [30.604015, 21.027615], [30.699229, 21.073594], [30.714447, 21.092475], [30.70517, 21.126166], [30.678966, 21.17296], [30.69337, 21.205146], [30.716319, 21.226386], [30.809093, 21.285712], [30.845795, 21.284776], [30.905854, 21.31741], [30.972585, 21.380927], [30.987397, 21.396348], [30.993582, 21.413194], [30.961925, 21.453681], [30.979991, 21.481391], [31.054291, 21.538398], [31.090587, 21.609198]], [[33.693044, 18.489], [33.693289, 18.489814]], [[33.790538, 18.352403], [33.774099, 18.375027], [33.695323, 18.443468], [33.686941, 18.465644], [33.693044, 18.489]], [[32.490164, 15.634548], [32.530284, 15.781114], [32.518484, 15.844306], [32.549897, 15.882839], [32.550304, 15.919135], [32.536876, 15.990098], [32.540294, 16.137803], [32.550548, 16.175645], [32.581554, 16.205756], [32.607921, 16.251044], [32.625499, 16.26378], [32.667084, 16.273627], [32.681407, 16.282904], [32.689545, 16.326606], [32.697276, 16.335761], [32.728526, 16.346381], [32.72991, 16.371609], [32.741791, 16.386054], [32.779796, 16.411892], [32.793549, 16.439032], [32.831065, 16.46308], [32.862559, 16.498969], [32.973888, 16.544704], [32.995209, 16.547878], [33.028331, 16.53144], [33.068858, 16.523057], [33.12672, 16.53498], [33.278575, 16.659613], [33.392019, 16.686387], [33.454845, 16.716905], [33.497162, 16.746894], [33.598725, 16.764716], [33.62379, 16.790229], [33.680756, 16.895087], [33.729503, 16.963568], [33.74171, 17.003852], [33.735362, 17.045925], [33.705984, 17.086778], [33.701915, 17.103949], [33.70696, 17.129706], [33.749034, 17.18244], [33.752859, 17.293524], [33.778575, 17.331244], [33.852306, 17.405788], [33.872325, 17.441921], [33.902354, 17.556505], [33.939871, 17.574246], [33.97462, 17.613471], [33.983653, 17.65705], [33.975597, 17.720567], [33.989268, 17.80622], [33.97405, 18.023546], [33.927989, 18.264716], [33.897227, 18.317084], [33.817475, 18.318061], [33.791596, 18.351142], [33.751069, 18.462429], [33.742768, 18.471015], [33.698497, 18.480902], [33.693044, 18.489]]]}}, {"type": "Feature", "properties": {"name": "Vina", "featurecla": "River", "scalerank": 7.0}, "geometry": {"type": "LineString", "coordinates": [[14.0, 7.55561782550551], [14.054617, 7.567979], [14.087169, 7.564521], [14.157481, 7.590888], [14.192393, 7.58161], [14.249766, 7.6164], [14.414561, 7.6164], [14.450938, 7.587266], [14.472911, 7.58161], [14.514903, 7.585517], [14.606944, 7.612331], [14.644216, 7.630072], [14.685802, 7.663601], [14.791677, 7.705146], [14.795095, 7.726264], [14.832693, 7.734442], [14.894054, 7.770616], [14.910899, 7.774197], [14.986827, 7.770616], [14.997976, 7.78144], [15.024181, 7.785956], [15.075613, 7.78087], [15.092947, 7.770616], [15.102957, 7.754177], [15.117198, 7.754177], [15.117198, 7.739936], [15.137706, 7.719428], [15.16505, 7.74669], [15.181163, 7.745388], [15.220225, 7.726264], [15.252126, 7.744208], [15.268077, 7.74669], [15.295339, 7.7331], [15.319509, 7.74669], [15.373546, 7.739936], [15.41448, 7.757188], [15.496104, 7.769477]]}}, {"type": "Feature", "properties": {"name": "Bratul Sulina", "featurecla": "River", "scalerank": 2.0}, "geometry": {"type": "LineString", "coordinates": [[28.882742, 45.179796], [28.969493, 45.196601], [29.010997, 45.175482], [29.483653, 45.169257], [29.531505, 45.189765], [29.548839, 45.175482], [29.655284, 45.160997], [29.68214, 45.14879]]}}, {"type": "Feature", "properties": {"name": "Borcea", "featurecla": "River", "scalerank": 2.0}, "geometry": {"type": "LineString", "coordinates": [[27.292247, 44.151435], [27.327566, 44.185492], [27.34905, 44.195421], [27.390147, 44.195421], [27.410818, 44.207831], [27.460948, 44.21369], [27.653412, 44.275336], [27.698009, 44.326361], [27.806163, 44.342841], [27.835704, 44.360541], [27.869395, 44.408271], [27.908621, 44.419989], [27.927664, 44.433132], [27.938894, 44.452663], [27.934093, 44.485378], [27.895925, 44.502305], [27.898529, 44.513739], [27.925222, 44.545478], [27.917572, 44.565985], [27.923595, 44.582221], [27.93808, 44.593329], [27.925222, 44.620429], [27.925222, 44.630805], [27.936941, 44.645331], [27.907725, 44.658759], [27.897065, 44.682685], [27.864268, 44.717556], [27.863292, 44.7296], [27.87672, 44.744086]]}}, {"type": "Feature", "properties": {"name": "Prut", "featurecla": "River", "scalerank": 7.0}, "geometry": {"type": "LineString", "coordinates": [[27.134500036309962, 48.0], [27.143158, 47.987128], [27.156749, 47.992214], [27.168386, 47.983262], [27.1692, 47.973985], [27.150483, 47.958075], [27.177745, 47.944403], [27.177745, 47.938178], [27.160167, 47.921983], [27.211925, 47.889757], [27.211925, 47.848212], [27.245372, 47.836859], [27.25294, 47.828315], [27.218761, 47.814032], [27.244395, 47.792833], [27.264171, 47.764757], [27.287039, 47.75255], [27.294444, 47.718451], [27.271495, 47.715196], [27.280691, 47.693223], [27.368663, 47.608507], [27.396576, 47.589382], [27.427826, 47.581244], [27.441498, 47.536892], [27.458914, 47.533515], [27.472667, 47.492011], [27.506765, 47.478217], [27.547537, 47.474555], [27.57545, 47.460639], [27.58253, 47.450954], [27.568777, 47.438788], [27.562022, 47.416815], [27.579845, 47.406277], [27.571788, 47.375434], [27.599539, 47.360948], [27.636485, 47.306952], [27.671153, 47.300116], [27.732839, 47.275906], [27.753184, 47.251654], [27.751964, 47.239203], [27.787852, 47.204535], [27.807221, 47.162665], [27.794037, 47.156114], [27.805919, 47.144843], [27.849376, 47.12877], [27.843272, 47.11461], [27.937918, 47.061347], [27.93808, 47.04682], [28.007823, 47.026557], [28.027436, 47.03323], [28.03655, 47.01671], [28.068614, 46.988796], [28.101817, 46.93537], [28.104991, 46.917914], [28.096446, 46.902899], [28.11321, 46.895046], [28.112722, 46.871649], [28.123627, 46.861884], [28.121104, 46.83454], [28.177745, 46.758857], [28.177419, 46.740058], [28.23349, 46.662665], [28.246593, 46.607449], [28.224864, 46.56977], [28.23349, 46.553412], [28.220632, 46.541449], [28.218516, 46.503974], [28.23349, 46.478339], [28.245372, 46.475857], [28.245535, 46.428087], [28.225515, 46.415595], [28.232677, 46.402045], [28.212413, 46.388983], [28.206635, 46.358425], [28.189871, 46.351386], [28.192393, 46.311469], [28.177257, 46.287299], [28.134695, 46.269599], [28.131602, 46.240098], [28.10849, 46.234402], [28.144216, 46.183458], [28.126882, 46.135565], [28.100352, 46.082221], [28.08961, 46.073594], [28.096446, 46.060004], [28.082123, 46.01496], [28.124522, 45.918647], [28.116791, 45.895535], [28.130463, 45.871649], [28.109955, 45.854519], [28.112804, 45.825548], [28.154552, 45.76203], [28.161225, 45.645697], [28.167491, 45.632676], [28.107188, 45.62462], [28.061615, 45.593858], [28.140391, 45.560492], [28.164968, 45.52851], [28.165457, 45.494818], [28.212413, 45.450466]]}}, {"type": "Feature", "properties": {"name": "Kuban", "featurecla": "River", "scalerank": 7.0}, "geometry": {"type": "LineString", "coordinates": [[42.07252, 43.24254], [42.0171, 43.268744], [42.009369, 43.279161], [41.996104, 43.382676], [41.99822, 43.41002], [42.085704, 43.474473], [42.098725, 43.494208], [42.105724, 43.536689], [42.133067, 43.582058], [42.131602, 43.613959], [42.118256, 43.633734], [42.10019, 43.646308], [41.982188, 43.662462], [41.933686, 43.67947], [41.918468, 43.696397], [41.914236, 43.743923], [41.902436, 43.756537], [41.93157, 43.784491], [41.918468, 43.811835], [41.913097, 43.87877], [41.897472, 43.947577], [41.905691, 43.983344], [42.046886, 44.231269], [42.04713, 44.253038], [42.027761, 44.29914], [42.052664, 44.311062], [42.059337, 44.327338], [42.038015, 44.363959], [42.018077, 44.3758], [41.97226, 44.385077], [41.944591, 44.40294], [41.918468, 44.473212], [41.938975, 44.515082], [41.936127, 44.602973], [41.927175, 44.624864], [41.888601, 44.642686], [41.817963, 44.710761], [41.801199, 44.768337], [41.811697, 44.792019], [41.780772, 44.833523], [41.736908, 44.852973], [41.595144, 44.840277], [41.421153, 44.842149], [41.397227, 44.847195], [41.341319, 44.882921], [41.2942, 44.893988], [41.253184, 44.943386], [41.162852, 44.992947], [41.116466, 45.084296], [41.098888, 45.10102], [41.065359, 45.111436], [41.068289, 45.134548], [41.028575, 45.173651], [41.015391, 45.197943], [41.031668, 45.233466], [41.026541, 45.285346], [41.034272, 45.296902], [41.013601, 45.31269], [41.001394, 45.331488], [41.008067, 45.384874], [40.978119, 45.410102], [40.903331, 45.433702], [40.83546, 45.422553], [40.780203, 45.429999], [40.745128, 45.422919], [40.732432, 45.429999], [40.710948, 45.422919], [40.663666, 45.430976], [40.631114, 45.417792], [40.584076, 45.415391], [40.574718, 45.408881], [40.561046, 45.381537], [40.523529, 45.395209], [40.470714, 45.377265], [40.435802, 45.395697], [40.414561, 45.393866], [40.348725, 45.354275], [40.342459, 45.359442], [40.340017, 45.37755], [40.331472, 45.381537], [40.311697, 45.377305], [40.273041, 45.347439], [40.170665, 45.347439], [40.13974, 45.336249], [40.069591, 45.334093], [40.039643, 45.326361], [40.002696, 45.296251], [39.946707, 45.28498], [39.920177, 45.261501], [39.905691, 45.230821], [39.875255, 45.237576], [39.84075, 45.214057], [39.786632, 45.207384], [39.715587, 45.183539], [39.634858, 45.193549], [39.612071, 45.192979], [39.597179, 45.182644], [39.563975, 45.182318], [39.54005, 45.155626], [39.45989, 45.098456], [39.387462, 45.050971], [39.344493, 45.035224], [39.324229, 45.001288], [39.223643, 44.987657], [39.190684, 44.973904], [39.129161, 44.98371], [39.077647, 44.963813], [39.042247, 44.96601], [39.008718, 44.98371], [38.985037, 44.98371], [38.970795, 45.004828], [38.920909, 45.016547], [38.923106, 45.032172], [38.90797, 45.039822], [38.864757, 45.018419], [38.855724, 44.995429], [38.806407, 44.98371], [38.770112, 44.997626], [38.723888, 45.046983], [38.683523, 45.059394], [38.613048, 45.052924], [38.592052, 45.072211], [38.511241, 45.093858], [38.49171, 45.093573], [38.463145, 45.078152], [38.448985, 45.099921], [38.358165, 45.125027], [38.293061, 45.169257], [38.276785, 45.158881], [38.24407, 45.175482], [38.225352, 45.174384], [38.155854, 45.134548], [38.142589, 45.135688], [38.12851, 45.14879], [38.112804, 45.152411], [38.043224, 45.145616], [38.001557, 45.128363], [37.930105, 45.142035], [37.850597, 45.128363], [37.806651, 45.108466], [37.792084, 45.114691], [37.794363, 45.137763], [37.765391, 45.147569], [37.693289, 45.14879], [37.584483, 45.132107], [37.546397, 45.142035], [37.503429, 45.169867], [37.421153, 45.18537], [37.381358, 45.212348], [37.374522, 45.234158], [37.382091, 45.307969]]}}, {"type": "Feature", "properties": {"name": "Shebele", "featurecla": "River", "scalerank": 7.0}, "geometry": {"type": "LineString", "coordinates": [[38.802989, 6.941352], [38.823253, 6.94892], [38.888927, 6.931179], [38.923106, 6.959052], [38.960948, 6.965277], [39.019216, 7.019884], [39.205658, 7.071357], [39.350678, 7.131171], [39.379324, 7.1553], [39.404226, 7.161322], [39.411632, 7.180121], [39.441335, 7.190863], [39.45753, 7.205512], [39.448334, 7.21662], [39.452647, 7.226996], [39.47169, 7.246446], [39.488373, 7.282416], [39.511974, 7.294867], [39.495372, 7.335232], [39.519542, 7.369412], [39.54005, 7.376166], [39.553722, 7.389838], [39.560557, 7.410346], [39.579519, 7.433051], [39.620046, 7.44831], [39.649913, 7.472357], [39.658376, 7.458564], [39.677257, 7.452501], [39.690847, 7.465603], [39.696707, 7.463894], [39.746674, 7.430365], [39.784434, 7.450873], [39.816661, 7.455105], [39.835541, 7.472357], [39.898204, 7.484402], [39.91684, 7.493476], [39.973399, 7.478217], [40.009207, 7.459093], [40.074474, 7.465603], [40.10377, 7.432074], [40.123057, 7.421169], [40.37672, 7.58161], [40.419444, 7.617947], [40.455496, 7.626776], [40.492198, 7.657335], [40.526947, 7.663601], [40.548269, 7.697618], [40.629405, 7.763251], [40.641856, 7.785427], [40.684581, 7.807563], [40.70989, 7.857693], [40.766856, 7.928819], [40.787039, 7.944688], [40.829682, 7.958319], [40.915294, 7.957465], [40.958995, 7.965847], [41.015391, 8.013943], [41.053966, 8.028184], [41.196381, 8.130642], [41.241628, 8.132595], [41.273529, 8.150173], [41.314138, 8.157416], [41.404063, 8.123481], [41.483002, 8.136542], [41.49879, 8.129584], [41.521983, 8.092882], [41.527436, 8.07571], [41.527761, 8.001492], [41.556895, 7.949408], [41.572683, 7.940009], [41.567882, 7.903754], [41.596934, 7.904608], [41.617279, 7.887722], [41.61435, 7.796942], [41.623546, 7.749823], [41.683849, 7.701972], [41.688487, 7.676052], [41.712413, 7.663601], [41.699636, 7.652533], [41.732921, 7.622585], [41.726003, 7.606472], [41.72934, 7.599311], [41.748139, 7.587429], [41.808604, 7.567979], [41.814871, 7.547471], [41.835378, 7.547471], [41.856456, 7.535509], [41.891856, 7.538113], [41.912852, 7.523953], [41.945242, 7.534451], [41.958914, 7.547471], [41.979421, 7.534451], [42.036388, 7.569159], [42.055105, 7.513373], [42.085216, 7.508083], [42.096121, 7.499701], [42.094249, 7.472357], [42.099701, 7.462185], [42.132416, 7.457099], [42.139252, 7.433905], [42.175792, 7.407823], [42.17864, 7.338935], [42.185476, 7.31741], [42.214366, 7.285264], [42.227061, 7.222724], [42.222341, 7.175157], [42.208425, 7.129991], [42.184581, 7.091091], [42.182872, 7.044704], [42.152354, 6.981798], [42.134776, 6.964179], [42.136974, 6.951687], [42.103526, 6.933702], [42.093028, 6.919216], [42.075613, 6.859158], [42.077729, 6.826972], [42.068777, 6.81448], [42.079112, 6.795762], [42.041433, 6.73196], [42.014171, 6.643134], [42.036143, 6.595811], [42.112559, 6.535224], [42.122976, 6.464382], [42.19101, 6.429999], [42.215587, 6.381619], [42.241466, 6.370388], [42.281016, 6.327826], [42.345876, 6.308702], [42.370697, 6.314276], [42.409679, 6.286566], [42.462901, 6.287177], [42.472748, 6.294298], [42.488536, 6.288398], [42.722585, 6.266384], [42.782319, 6.212958], [42.817963, 6.161892], [42.833751, 6.152777], [42.880789, 6.14289], [42.961925, 6.087348], [43.017833, 6.074571], [43.033946, 6.063096], [43.062429, 6.056749], [43.228038, 5.962429], [43.272878, 5.955146], [43.449718, 5.957872], [43.476329, 5.965196], [43.503022, 5.942003], [43.549083, 5.929999], [43.605072, 5.878119], [43.688487, 5.866319], [43.708425, 5.858181], [43.738536, 5.824001], [43.80657, 5.789659], [43.918224, 5.694403], [44.034434, 5.678005], [44.053803, 5.668769], [44.098237, 5.628201], [44.185313, 5.590603], [44.232188, 5.601752], [44.263438, 5.597846], [44.308604, 5.573513], [44.421804, 5.473944], [44.449718, 5.478095], [44.48406, 5.464464], [44.517996, 5.470486], [44.529063, 5.464464], [44.535411, 5.423448], [44.580333, 5.392442], [44.611095, 5.326687], [44.653331, 5.296007], [44.667898, 5.266059], [44.73463, 5.244737], [44.751394, 5.230048], [44.795421, 5.138983], [44.836518, 5.084052], [44.854584, 5.073432], [44.953054, 5.049872], [44.974132, 5.029364], [44.974132, 5.002387], [44.983002, 4.977566], [45.008311, 4.964179]]}}, {"type": "Feature", "properties": {"name": "Indus", "featurecla": "River", "scalerank": 3.0}, "geometry": {"type": "MultiLineString", "coordinates": [[[70.0, 28.58648946981141], [69.940929, 28.581651], [69.91505, 28.569525], [69.882498, 28.542263], [69.801768, 28.528428], [69.762218, 28.509101], [69.746349, 28.489773], [69.716563, 28.40119], [69.6692, 28.366034], [69.64503, 28.320624], [69.573334, 28.250271], [69.523529, 28.234971], [69.487804, 28.21601], [69.419526, 28.232449], [69.410574, 28.225775], [69.395763, 28.176052], [69.378998, 28.152371], [69.365896, 28.146308], [69.338308, 28.150458], [69.288097, 28.169745], [69.25058, 28.12934], [69.180756, 28.11876], [69.1692, 28.110175], [69.153331, 28.073432], [69.131358, 28.056179], [69.06129, 28.065619], [69.034923, 28.06269], [69.036225, 28.034939], [69.026134, 28.001776], [69.016124, 27.984076], [68.998953, 27.972113], [68.922537, 27.98432], [68.917491, 27.974229], [68.920421, 27.962917], [68.953624, 27.915229], [68.949962, 27.868272], [68.933197, 27.858588], [68.882742, 27.849433], [68.870372, 27.837917], [68.860769, 27.807563], [68.863048, 27.794989], [68.87794, 27.782538], [68.890717, 27.780219], [68.898204, 27.770535], [68.940684, 27.758653], [68.955577, 27.745876], [68.951752, 27.726426], [68.932628, 27.710273], [68.835867, 27.667996], [68.813406, 27.663113], [68.791026, 27.666938], [68.749929, 27.699734], [68.734386, 27.721706], [68.717052, 27.766872], [68.699229, 27.784857], [68.676524, 27.790351], [68.65797, 27.781684], [68.65211, 27.757188], [68.653738, 27.721137], [68.646576, 27.711046], [68.623057, 27.703192], [68.565522, 27.70954], [68.542572, 27.696397], [68.510671, 27.66474], [68.48878, 27.662462], [68.449718, 27.676581], [68.416596, 27.627387], [68.352794, 27.617743], [68.325287, 27.581366], [68.291108, 27.556912], [68.289236, 27.534613], [68.326182, 27.499294], [68.331472, 27.477647], [68.305675, 27.442328], [68.296967, 27.418769], [68.326671, 27.374132], [68.316987, 27.364081], [68.296641, 27.361151], [68.232921, 27.369656], [68.20989, 27.363105], [68.15325, 27.300727], [68.146495, 27.27912], [68.162201, 27.259792], [68.205496, 27.235948], [68.201671, 27.214871], [68.182384, 27.202257], [68.108979, 27.198757], [68.094168, 27.185858], [68.120697, 27.120632], [68.113292, 27.094102], [68.051036, 27.021918], [68.000011, 26.991563], [67.976085, 26.969672], [67.955333, 26.962348], [67.92213, 26.972032], [67.913015, 26.965644], [67.908132, 26.947089], [67.917084, 26.90294], [67.891694, 26.83279], [67.905284, 26.768256], [67.902436, 26.717393], [67.884939, 26.681952], [67.878998, 26.643826], [67.884858, 26.624538], [67.926036, 26.573676], [67.922374, 26.530056], [67.927013, 26.498969], [67.913503, 26.442003], [67.886322, 26.401801], [67.889903, 26.385688], [67.927419, 26.34394], [67.939057, 26.26907], [67.952566, 26.255194], [68.012136, 26.238145], [68.039968, 26.190741], [68.110362, 26.166327], [68.132091, 26.134711], [68.127208, 26.079291], [68.13616, 26.062079], [68.221446, 25.999823], [68.271088, 25.903266], [68.318451, 25.878241], [68.347097, 25.847846], [68.391368, 25.82685], [68.397716, 25.809597], [68.385753, 25.795274], [68.331391, 25.765815], [68.321869, 25.750515], [68.322683, 25.732937], [68.33489, 25.714789], [68.353445, 25.702908], [68.41627, 25.678656], [68.426362, 25.661241], [68.382335, 25.621161], [68.378835, 25.603461], [68.393972, 25.567816], [68.39267, 25.54918], [68.380382, 25.535346], [68.325857, 25.512885], [68.314464, 25.498806], [68.327891, 25.451036], [68.309825, 25.395331], [68.344168, 25.352851], [68.349132, 25.279324], [68.343516, 25.265977], [68.30836, 25.236029], [68.301199, 25.208319], [68.311615, 25.188178], [68.355561, 25.16474], [68.370535, 25.141791], [68.358002, 25.131619], [68.306651, 25.135606], [68.294688, 25.129096], [68.287039, 25.093126], [68.266368, 25.053656], [68.273692, 24.992743], [68.260834, 24.969265], [68.245128, 24.963731], [68.237071, 24.968207], [68.215424, 25.002631], [68.197765, 25.006374], [68.165457, 24.98432], [68.134776, 24.941474], [68.132253, 24.925238], [68.146495, 24.888861], [68.140636, 24.874091], [68.115001, 24.86579], [68.060639, 24.877305], [68.044037, 24.868354], [68.037527, 24.853461], [68.053315, 24.809516], [68.047455, 24.790717], [68.001069, 24.732245], [67.970307, 24.656317], [67.968761, 24.64114], [68.010509, 24.587348], [68.002045, 24.562323], [67.966889, 24.53852], [67.957937, 24.524482], [67.974132, 24.464301], [67.970307, 24.442898], [67.956716, 24.43122], [67.920095, 24.436713], [67.843354, 24.411892], [67.842052, 24.403388], [67.867931, 24.366034], [67.870046, 24.346462], [67.854747, 24.333319], [67.805431, 24.348456], [67.788097, 24.3463], [67.784679, 24.336046], [67.794363, 24.314724], [67.826101, 24.284857], [67.830333, 24.273871], [67.824799, 24.255194], [67.80657, 24.252387], [67.778087, 24.271308], [67.766531, 24.269314], [67.758067, 24.261013], [67.753184, 24.20539], [67.737804, 24.17414], [67.719819, 24.163682], [67.676768, 24.175605], [67.65504, 24.159125], [67.651296, 24.14289], [67.663585, 24.106431]], [[67.663585, 24.106431], [67.661388, 24.1081]], [[67.663585, 24.106431], [67.658132, 24.083808], [67.63974, 24.070828], [67.616466, 24.065212], [67.552338, 24.066596], [67.532319, 24.060492]], [[67.71339, 24.066433], [67.663585, 24.106431]], [[67.71339, 24.066433], [67.760183, 24.052843]], [[67.925873, 23.982449], [67.95574, 23.994493], [67.924246, 24.055976], [67.868907, 24.076443], [67.811127, 24.062771], [67.764903, 24.071845], [67.759695, 24.059353], [67.7671, 24.023017], [67.786713, 24.002956], [67.815196, 23.994737], [67.883311, 23.993964], [67.925873, 23.982449]], [[67.925873, 23.982449], [67.926768, 23.984931]], [[68.024506, 23.933661], [68.013927, 24.00963], [67.990733, 24.018581], [67.956391, 23.999457]], [[67.65089, 23.93122], [67.668712, 23.943712], [67.725515, 23.953559], [67.731375, 23.965155], [67.71339, 24.066433]], [[67.857514, 23.909491], [67.868175, 23.944525], [67.915538, 23.960883], [67.925873, 23.982449]]]}}, {"type": "Feature", "properties": {"name": "Logone", "featurecla": "River", "scalerank": 7.0}, "geometry": {"type": "LineString", "coordinates": [[15.496104, 7.769477], [15.514415, 7.78087], [15.562185, 7.754177], [15.576345, 7.762274], [15.656423, 7.756537], [15.706309, 7.78087], [15.7199, 7.815009], [15.750499, 7.83279], [15.768321, 7.931708], [15.844005, 8.054633], [15.857921, 8.139472], [15.862722, 8.336127], [15.857677, 8.376736], [15.867849, 8.413438], [15.892751, 8.438666], [15.979991, 8.486599], [16.003917, 8.510932], [16.098643, 8.560655], [16.14503, 8.597439], [16.287364, 8.640326], [16.364757, 8.648505], [16.379649, 8.657579], [16.392263, 8.693712], [16.409353, 8.70657], [16.490245, 8.732367], [16.513194, 8.753119], [16.596934, 8.881049], [16.595958, 8.902615], [16.592296, 8.917426], [16.569591, 8.945339], [16.549083, 8.952094], [16.542247, 8.980048], [16.520518, 8.980048], [16.463796, 9.061387], [16.453543, 9.096137], [16.435069, 9.127509], [16.433035, 9.151394], [16.420339, 9.180732], [16.378917, 9.224962], [16.337657, 9.29621], [16.315196, 9.308702], [16.306814, 9.324042], [16.263194, 9.458564], [16.219168, 9.52851], [16.193126, 9.546454], [16.147227, 9.558417], [16.031912, 9.628119], [15.912039, 9.731147], [15.823009, 9.754665], [15.815196, 9.771267], [15.823009, 9.829169], [15.803396, 9.87698], [15.754161, 9.906033], [15.742117, 9.926459], [15.706309, 9.932807], [15.714366, 9.962673], [15.63738, 10.030137], [15.602468, 10.041124], [15.535574, 10.080756], [15.475841, 10.13288], [15.438731, 10.185411], [15.300955, 10.311957], [15.283702, 10.349473], [15.277843, 10.394395], [15.240733, 10.433051], [15.217703, 10.487372], [15.186046, 10.506049], [15.153087, 10.512152], [15.137706, 10.521837], [15.131847, 10.565538], [15.149425, 10.623318], [15.065359, 10.79328], [15.062511, 10.830919], [15.078624, 10.898301], [15.034679, 10.994818], [15.020763, 11.182685], [15.032888, 11.260443], [15.062511, 11.310126], [15.049001, 11.337429], [15.060069, 11.416287], [15.075613, 11.453477], [15.121837, 11.503445], [15.135183, 11.531033], [15.123464, 11.563341], [15.084727, 11.616034], [15.065929, 11.680772], [15.075613, 11.721625], [15.09669, 11.727851], [15.083018, 11.748358], [15.110362, 11.783067], [15.079356, 11.851345], [15.050548, 11.861762], [15.043712, 11.877468], [15.041515, 11.902533], [15.062755, 11.927436], [15.047862, 11.962958], [15.08074, 11.971788], [15.049001, 12.012071], [15.052501, 12.038194], [15.04005, 12.055854], [15.049001, 12.084744]]}}, {"type": "Feature", "properties": {"name": "Victoria Nile", "featurecla": "River", "scalerank": 1.0}, "geometry": {"type": "LineString", "coordinates": [[31.365733, 2.192898], [31.398855, 2.205105], [31.448497, 2.241726], [31.497, 2.254259], [31.531179, 2.273505], [31.61435, 2.277859], [31.642507, 2.264228], [31.661143, 2.266628], [31.755382, 2.298367], [31.803152, 2.346137], [31.878917, 2.367214], [31.919851, 2.359809], [31.976085, 2.327257], [32.016124, 2.291531], [32.057058, 2.284695], [32.123464, 2.257514], [32.156749, 2.231553], [32.179861, 2.230658], [32.223725, 2.259304], [32.259044, 2.257351], [32.276541, 2.249132], [32.310313, 2.195909], [32.320567, 2.125922], [32.346772, 2.072699], [32.351817, 2.03144], [32.33795770154542, 2.0]]}}, {"type": "Feature", "properties": {"name": "Sio", "featurecla": "River", "scalerank": 7.0}, "geometry": {"type": "LineString", "coordinates": [[18.043224, 46.916531], [18.078298, 46.900946], [18.139415, 46.89293], [18.234141, 46.86404], [18.253835, 46.855048], [18.271414, 46.836046], [18.398611, 46.763943], [18.440196, 46.750515], [18.481944, 46.745185], [18.561697, 46.754177], [18.596446, 46.747382], [18.625987, 46.717312], [18.632335, 46.695868], [18.598643, 46.566474], [18.604259, 46.523139], [18.616222, 46.505886], [18.648448, 46.488837], [18.65325, 46.429877], [18.634776, 46.41531], [18.635753, 46.398017], [18.738699, 46.382148], [18.769298, 46.361029], [18.803477, 46.361029], [18.817638, 46.347968], [18.831472, 46.361029], [18.840505, 46.358954], [18.851003, 46.351142], [18.85198, 46.341132], [18.906505, 46.347968]]}}, {"type": "Feature", "properties": {"name": "Sobat", "featurecla": "River", "scalerank": 7.0}, "geometry": {"type": "MultiLineString", "coordinates": [[[33.207774, 8.438178], [33.146983, 8.445624], [33.160248, 8.492377], [33.122162, 8.507432], [33.112804, 8.530951], [33.112885, 8.565456], [33.105072, 8.572699], [33.084972, 8.561713], [33.075776, 8.600531], [33.054291, 8.621609], [33.046397, 8.622992], [33.032481, 8.613227], [32.978526, 8.615098], [32.965017, 8.606391], [32.947683, 8.569159], [32.934662, 8.561713], [32.920339, 8.611436], [32.858328, 8.61994], [32.831065, 8.637478], [32.817393, 8.623806], [32.766368, 8.63406], [32.758393, 8.61518], [32.739187, 8.609442], [32.714936, 8.657904], [32.691173, 8.650987], [32.67335, 8.66474], [32.672537, 8.679714], [32.696218, 8.710069], [32.704112, 8.736762], [32.719656, 8.756293], [32.692882, 8.797919], [32.671804, 8.811062], [32.602143, 8.832384], [32.591726, 8.883124], [32.577729, 8.904324], [32.561127, 8.876532], [32.526541, 8.863349], [32.501964, 8.881049], [32.501964, 8.918565], [32.493175, 8.925482], [32.454194, 8.918565], [32.44337, 8.929633], [32.414561, 8.936387], [32.401785, 8.949652], [32.39739, 8.969509], [32.408376, 9.031521], [32.406179, 9.05268], [32.378673, 9.068223], [32.368663, 9.098822], [32.351817, 9.110419], [32.281505, 9.108588], [32.269216, 9.113471], [32.265066, 9.124701], [32.238536, 9.099799], [32.220632, 9.098741], [32.194021, 9.126247], [32.20045, 9.151394], [32.16627, 9.17182], [32.15683, 9.201931], [32.125011, 9.21072], [32.135183, 9.238105], [32.125255, 9.25377], [32.070079, 9.246934], [32.070567, 9.264675], [32.033376, 9.302191], [31.887706, 9.334296], [31.851003, 9.363593], [31.830089, 9.36518], [31.825125, 9.331732], [31.813731, 9.322618], [31.786143, 9.327745], [31.778575, 9.301052], [31.756602, 9.294745], [31.738292, 9.302191], [31.720632, 9.281684], [31.706635, 9.287543], [31.684093, 9.310655], [31.591319, 9.32807], [31.576671, 9.343126], [31.592052, 9.349636], [31.596772, 9.360175], [31.591238, 9.370795], [31.576671, 9.377265], [31.542898, 9.364691], [31.536225, 9.377265]], [[32.989268, 7.917426], [33.021088, 7.965399], [33.030691, 7.996446], [33.100108, 8.071234], [33.116954, 8.104315], [33.164154, 8.117255], [33.184662, 8.141221], [33.187266, 8.161078], [33.16741, 8.181505], [33.169444, 8.205675], [33.181082, 8.225898], [33.206309, 8.240912], [33.207774, 8.253852], [33.185313, 8.264716], [33.163829, 8.292914], [33.160655, 8.304755], [33.173595, 8.343207], [33.160655, 8.356269], [33.173595, 8.404649], [33.209727, 8.420966], [33.200857, 8.438178]]]}}, {"type": "Feature", "properties": {"name": "Ubangi", "featurecla": "River", "scalerank": 3.0}, "geometry": {"type": "LineString", "coordinates": [[18.59669, 3.678656], [18.625987, 3.463324], [18.625987, 3.476996], [18.634044, 3.449408], [18.641856, 3.324042], [18.630626, 3.179145], [18.612559, 3.128282], [18.540945, 3.082953], [18.528005, 3.064968], [18.46697, 2.899034], [18.424734, 2.822292], [18.417898, 2.781928], [18.392751, 2.713813], [18.313243, 2.576117], [18.302989, 2.572699], [18.232595, 2.502753], [18.207286, 2.408149], [18.173513, 2.33629], [18.163259, 2.321234], [18.146169, 2.316107], [18.110606, 2.265448], [18.071951, 2.160183], [18.080251, 2.084296], [18.076020426773432, 2.0]]}}, {"type": "Feature", "properties": {"name": "Hindiyah Channel", "featurecla": "River", "scalerank": 7.0}, "geometry": {"type": "LineString", "coordinates": [[44.353933, 32.240994], [44.358816, 32.210395], [44.384939, 32.14171], [44.433035, 32.100694], [44.497325, 32.079128], [44.531016, 32.053087], [44.53948, 32.020697], [44.549734, 32.005723], [44.583751, 31.97781], [44.588878, 31.965155], [44.583751, 31.933132], [44.601329, 31.883328], [44.611095, 31.867947], [44.63144, 31.854926], [44.611095, 31.840644], [44.598888, 31.822943], [44.597341, 31.809882], [44.610932, 31.761786], [44.572276, 31.724799], [44.566824, 31.712755], [44.563243, 31.614691]]}}, {"type": "Feature", "properties": {"name": "Shatt al Hillah", "featurecla": "River", "scalerank": 7.0}, "geometry": {"type": "LineString", "coordinates": [[44.268484, 32.731309], [44.315929, 32.693915], [44.3296, 32.663601], [44.348155, 32.643175], [44.337413, 32.628241], [44.37086, 32.601589], [44.401378, 32.613227], [44.437999, 32.484646], [44.458588, 32.452094], [44.488699, 32.427436], [44.529063, 32.409776], [44.666026, 32.394395], [44.686697, 32.395535], [44.715261, 32.413886], [44.727794, 32.409776], [44.734304, 32.399359], [44.737885, 32.364529], [44.78297, 32.299913], [44.817149, 32.278835], [44.805431, 32.261054], [44.824229, 32.152167], [44.809662, 32.070014], [44.825694, 32.057074], [44.896088, 32.030219], [44.953054, 31.97781], [44.971934, 31.971503], [44.980968, 31.929389], [44.94337, 31.864529], [44.940684, 31.848985], [44.98406, 31.788845], [44.987885, 31.727362], [44.99407, 31.714708], [45.036225, 31.669298], [45.070323, 31.655626], [45.087983, 31.62519], [45.114757, 31.614569], [45.180186, 31.545762], [45.274669, 31.486396], [45.298269, 31.456651], [45.316824, 31.402411], [45.279226, 31.382921], [45.262218, 31.381293], [45.223725, 31.39529], [45.207042, 31.388129]]}}, {"type": "Feature", "properties": {"featurecla": "River", "scalerank": 7.0}, "geometry": {"type": "LineString", "coordinates": [[27.986501, 45.292182], [28.041108, 45.258246], [28.075287, 45.248114], [28.109955, 45.258083], [28.122081, 45.24962], [28.130463, 45.237576], [28.102794, 45.203396], [28.097585, 45.184027], [28.152354, 45.16116], [28.177745, 45.134548], [28.162608, 45.108181], [28.131277, 45.088894], [28.144216, 45.04267], [28.130463, 45.018419], [28.141124, 44.959662], [28.123953, 44.944688], [28.124766, 44.891466], [28.079845, 44.840644], [28.069835, 44.795762], [28.034434, 44.763129], [28.013764, 44.757758], [27.945567, 44.778266], [27.90919, 44.77497], [27.883556, 44.757758]]}}, {"type": "Feature", "properties": {"name": "Shabeelle", "featurecla": "River", "scalerank": 7.0}, "geometry": {"type": "LineString", "coordinates": [[45.008311, 4.964179], [45.018077, 4.946723], [45.030528, 4.888129], [45.052989, 4.875434], [45.073497, 4.889106], [45.0831, 4.886339], [45.083995, 4.867987], [45.145518, 4.867987], [45.15976, 4.853827], [45.177338, 4.803819], [45.189871, 4.792914], [45.185069, 4.774115], [45.193289, 4.745063], [45.205577, 4.731472], [45.207042, 4.721218], [45.193289, 4.697292], [45.201671, 4.691189], [45.207042, 4.663153], [45.225515, 4.646308], [45.228038, 4.632148], [45.248546, 4.604519], [45.280284, 4.509385], [45.286225, 4.465115], [45.384044, 4.333604], [45.378917, 4.309638], [45.410167, 4.269843], [45.420421, 4.237372], [45.406179, 4.220567], [45.423839, 4.180732], [45.454031, 4.17654], [45.489513, 4.14114], [45.50172, 4.141791], [45.500987, 4.12698], [45.515391, 4.10456], [45.517833, 4.012763], [45.506358, 3.969428], [45.560313, 3.924099], [45.577566, 3.847602], [45.574799, 3.820868], [45.577566, 3.81448], [45.590587, 3.819648], [45.611501, 3.785509], [45.621349, 3.745225], [45.661876, 3.708564], [45.66741, 3.673529], [45.661632, 3.663601], [45.645763, 3.662624], [45.663178, 3.626573], [45.65919, 3.591091], [45.638276, 3.525417], [45.642996, 3.465155], [45.615815, 3.447781], [45.608816, 3.427436], [45.611501, 3.387641], [45.592459, 3.385769], [45.582286, 3.374579], [45.566905, 3.298896], [45.55421, 3.290147], [45.53476, 3.229844], [45.531993, 3.204535], [45.548595, 3.166693], [45.535737, 3.14997], [45.556407, 3.120714], [45.557872, 3.104031], [45.543549, 3.061103], [45.515066, 3.043728], [45.535818, 2.983588], [45.549571, 2.905056], [45.535818, 2.870632], [45.542898, 2.838813], [45.538585, 2.813544], [45.508556, 2.78559], [45.508556, 2.743964], [45.522227, 2.713243], [45.515391, 2.634792], [45.494558, 2.564643], [45.503673, 2.529975], [45.493663, 2.506659], [45.467703, 2.469672], [45.460867, 2.445421], [45.423432, 2.418769], [45.416433, 2.386257], [45.401541, 2.376085], [45.358409, 2.312567], [45.337332, 2.303575], [45.303966, 2.303046], [45.279226, 2.291531], [45.249929, 2.296739], [45.24114, 2.291531], [45.232514, 2.2508], [45.214854, 2.239447], [45.193289, 2.20893], [45.136485, 2.171088], [45.125011, 2.147528], [45.113536, 2.153266], [45.059825, 2.147528], [45.012299, 2.122504], [44.99464, 2.134467], [44.920909, 2.117947], [44.912608, 2.068874], [44.878673, 2.051947], [44.84565398904281, 2.0]]}}, {"type": "Feature", "properties": {"name": "Euphrates", "featurecla": "River", "scalerank": 3.0}, "geometry": {"type": "MultiLineString", "coordinates": [[[40.992605, 34.428494], [41.006114, 34.430772], [41.105724, 34.36933], [41.161225, 34.374132], [41.219005, 34.396023], [41.219005, 34.403428], [41.178152, 34.417751], [41.178152, 34.423936], [41.223888, 34.449164], [41.239513, 34.451239], [41.26767, 34.416327], [41.288015, 34.423936], [41.288015, 34.451239], [41.296967, 34.456814], [41.343679, 34.446804], [41.369721, 34.430772], [41.380789, 34.446112], [41.415538, 34.423163], [41.431895, 34.423936], [41.42921, 34.435818], [41.403819, 34.459784], [41.424408, 34.472357], [41.445567, 34.458686], [41.43808, 34.451239], [41.451101, 34.428168], [41.464854, 34.422187], [41.513927, 34.437567], [41.527436, 34.423936], [41.554779, 34.437567], [41.588878, 34.445014], [41.583588, 34.469794], [41.595144, 34.479193], [41.611339, 34.479519], [41.690847, 34.453884], [41.71339, 34.456488], [41.769542, 34.491767], [41.773936, 34.51671], [41.780284, 34.521552], [41.842052, 34.474555], [41.89739, 34.480658], [41.91505, 34.467068], [41.967784, 34.471706], [41.986827, 34.458686], [41.979421, 34.451239], [42.030365, 34.389268], [42.055105, 34.36933], [42.125255, 34.332465], [42.130951, 34.324815], [42.130056, 34.297309], [42.144542, 34.279242], [42.176768, 34.287299], [42.229503, 34.314073], [42.244721, 34.314887], [42.249278, 34.314154], [42.251964, 34.273546], [42.263927, 34.266791], [42.277599, 34.271267], [42.288503, 34.28738], [42.282725, 34.305609], [42.296886, 34.346991], [42.311697, 34.355048], [42.335704, 34.349636], [42.349864, 34.331732], [42.384044, 34.320909], [42.385346, 34.290107], [42.37794, 34.273953], [42.366954, 34.266913], [42.325125, 34.25727], [42.313406, 34.244574], [42.315196, 34.225898], [42.348399, 34.202948], [42.387462, 34.191189], [42.382091, 34.181952], [42.384044, 34.116034], [42.370046, 34.097113], [42.371023, 34.088162], [42.404552, 34.071357], [42.412039, 34.032904], [42.424571, 34.016954], [42.446056, 34.012397], [42.493907, 34.047187], [42.505626, 34.037421], [42.5206, 33.999376], [42.555919, 33.971462], [42.561046, 33.947699], [42.556244, 33.925727], [42.542491, 33.907782], [42.5206, 33.896308], [42.533214, 33.881944], [42.528087, 33.869005], [42.551687, 33.852566], [42.582612, 33.847968], [42.599132, 33.856635], [42.61671, 33.896308], [42.644054, 33.901679], [42.679454, 33.895616], [42.733409, 33.875841], [42.759288, 33.853461], [42.752859, 33.836453], [42.719249, 33.806952], [42.7199, 33.79088], [42.747162, 33.765977], [42.747488, 33.746649], [42.712413, 33.718207], [42.747162, 33.697781], [42.762136, 33.704535], [42.801768, 33.663601], [42.850027, 33.635769], [42.863862, 33.622626], [42.887462, 33.578233], [42.926768, 33.548163], [42.93214, 33.529853], [42.973725, 33.526435], [42.990652, 33.536078], [43.010997, 33.532579], [43.065684, 33.493842], [43.097179, 33.533271], [43.118744, 33.536973], [43.168875, 33.518988], [43.264659, 33.449164], [43.284679, 33.444444], [43.308035, 33.449042], [43.356619, 33.471788], [43.384532, 33.45128], [43.398204, 33.457546], [43.41505, 33.444444], [43.436697, 33.450466], [43.444347, 33.428005], [43.480724, 33.423407], [43.480724, 33.430854], [43.486908, 33.430854], [43.480479, 33.415107], [43.483897, 33.407009], [43.494884, 33.403998], [43.52711, 33.405097], [43.555268, 33.423407], [43.566417, 33.400824], [43.575287, 33.397569], [43.583914, 33.40351], [43.606619, 33.388007], [43.607677, 33.375556], [43.630463, 33.373481], [43.641043, 33.379218], [43.644623, 33.396674], [43.693451, 33.372097], [43.727143, 33.334581], [43.73463, 33.334581], [43.74114, 33.351508], [43.754487, 33.348904], [43.761322, 33.300482], [43.785248, 33.303575], [43.808523, 33.252061], [43.815929, 33.252061], [43.815929, 33.265692], [43.836681, 33.260688], [43.843272, 33.204901], [43.860932, 33.182807], [43.878998, 33.181749], [43.88795, 33.192247], [43.878022, 33.204901], [43.90683, 33.212185], [43.93629, 33.168524], [43.956147, 33.155829], [43.971934, 33.167344], [43.988862, 33.169501], [44.069835, 33.142198], [44.069835, 33.136013], [44.047944, 33.139228], [44.035655, 33.129177], [44.059093, 33.121161], [44.07545, 33.099392], [44.102143, 33.089423], [44.11085, 33.080756], [44.097179, 33.080756], [44.124522, 33.054063], [44.138438, 33.030829], [44.146414, 33.025743], [44.158621, 33.032335], [44.178396, 32.986274], [44.175304, 32.934353], [44.202159, 32.925605], [44.214936, 32.888617], [44.253022, 32.879462], [44.289561, 32.799628], [44.278819, 32.785183], [44.265066, 32.724473], [44.255626, 32.716173], [44.220307, 32.607693], [44.222585, 32.570258], [44.239187, 32.536322], [44.295421, 32.466579], [44.302419, 32.446479], [44.288015, 32.410102], [44.316335, 32.35456], [44.333588, 32.295844], [44.35434, 32.274604], [44.343516, 32.203721], [44.357188, 32.118028], [44.388113, 32.088487], [44.398204, 32.052924], [44.446707, 32.001899], [44.458263, 31.96369], [44.477794, 31.935655], [44.487559, 31.816433], [44.504161, 31.765937], [44.501231, 31.745063], [44.479015, 31.726833], [44.474213, 31.704454], [44.494233, 31.659247], [44.549734, 31.620917], [44.614024, 31.600124], [44.624604, 31.59044], [44.626882, 31.577419], [44.648692, 31.562852], [44.679291, 31.525336], [44.758556, 31.491156], [44.776541, 31.468126], [44.789154, 31.463894], [44.81544, 31.486029], [44.851736, 31.491156], [44.905772, 31.445665], [44.934988, 31.430691], [44.953054, 31.429145], [44.987885, 31.443386], [45.045909, 31.416083], [45.132498, 31.428005], [45.200287, 31.401801], [45.237641, 31.327663]], [[45.237641, 31.327663], [45.269054, 31.333523], [45.336436, 31.325507], [45.440359, 31.298774], [45.466889, 31.305203]], [[45.237641, 31.327663], [45.237804, 31.327338], [45.234874, 31.326687], [45.237641, 31.327663]], [[45.463145, 31.305203], [45.474539, 31.30744], [45.493175, 31.296454], [45.531993, 31.287787], [45.529063, 31.251573], [45.549571, 31.210639], [45.566661, 31.203233], [45.578298, 31.20128], [45.593761, 31.213813], [45.616791, 31.206163], [45.687429, 31.162177], [45.706472, 31.173407], [45.743175, 31.176378], [45.790701, 31.152859], [45.802257, 31.16238], [45.86085, 31.148301], [45.894542, 31.128689], [45.99586, 31.114366], [46.008556, 31.125841], [46.040538, 31.126288], [46.104421, 31.071885], [46.168549, 31.055284], [46.251964, 31.04446], [46.283783, 31.02501], [46.310476, 30.997097], [46.363048, 30.965399], [46.427175, 30.949978], [46.467377, 30.901801], [46.511485, 30.883653], [46.536143, 30.884304], [46.564464, 30.902167], [46.74822, 30.961778], [46.95045, 30.959825], [46.972097, 30.962185], [47.009044, 30.979315], [47.117931, 30.964952], [47.25587, 30.970404], [47.297374, 30.949978], [47.307058, 30.954901], [47.320893, 30.97663], [47.43336, 31.016425], [47.453217, 31.01496], [47.468516, 30.968451]]]}}, {"type": "Feature", "properties": {"featurecla": "River", "scalerank": 7.0}, "geometry": {"type": "LineString", "coordinates": [[30.754893, 30.76435], [30.684988, 30.873603], [30.409434, 31.099473], [30.317475, 31.122423], [30.168386, 31.137763], [30.045665, 31.187567], [29.958263, 31.249376]]}}, {"type": "Feature", "properties": {"name": "Firat", "featurecla": "Lake Centerline", "scalerank": 3.0}, "geometry": {"type": "MultiLineString", "coordinates": [[[38.767833, 38.812812], [38.778087, 38.845038], [38.812592, 38.875027], [38.777843, 38.904975], [38.773855, 38.936469], [38.78655, 38.981269], [38.739513, 39.078437]], [[38.471283, 38.74079], [38.478038, 38.72545], [38.46046, 38.69245], [38.42213, 38.682685], [38.387136, 38.660346], [38.348888, 38.595649], [38.373546, 38.536566], [38.402924, 38.508083], [38.414154, 38.516791], [38.468679, 38.479275], [38.566661, 38.464667], [38.587657, 38.449897], [38.607839, 38.453437], [38.688975, 38.420762], [38.717703, 38.418728], [38.810476, 38.440375], [38.834402, 38.426093], [38.826915, 38.418728], [38.860932, 38.39879], [38.885509, 38.364081], [38.911143, 38.360704], [38.957286, 38.330512], [38.992198, 38.326117], [39.073334, 38.347968]], [[38.982677, 37.899359], [38.989187, 37.878038], [38.970795, 37.850775], [38.977957, 37.830268], [38.970795, 37.822821], [38.936697, 37.829657], [38.921397, 37.825141], [38.908376, 37.81684], [38.888927, 37.788682], [38.930593, 37.807563], [38.943614, 37.809149], [38.953868, 37.801378], [38.952566, 37.775255], [38.964773, 37.761339], [38.901866, 37.752753], [38.888927, 37.740912], [38.923106, 37.713568], [38.899669, 37.706244], [38.882416, 37.714911], [38.849376, 37.693305], [38.835948, 37.69477], [38.82073, 37.706732], [38.800385, 37.697048], [38.868337, 37.651475], [38.6456, 37.624213], [38.587901, 37.579535], [38.575287, 37.56155], [38.515391, 37.511094], [38.494884, 37.500678], [38.372325, 37.483954], [38.340831, 37.494452], [38.326915, 37.490302]]]}}, {"type": "Feature", "properties": {"name": "Firat", "featurecla": "River", "scalerank": 3.0}, "geometry": {"type": "MultiLineString", "coordinates": [[[41.455496, 40.180203], [41.445242, 40.172227], [41.417572, 40.11872], [41.366303, 40.074327], [41.319021, 40.00495], [41.292979, 39.985053], [41.276947, 39.981553], [41.026541, 39.961046], [40.910655, 39.925116], [40.870209, 39.919501], [40.802745, 39.926581], [40.768565, 39.940619], [40.711925, 39.919501], [40.688975, 39.920722], [40.652843, 39.936103], [40.468516, 39.95364], [40.427664, 39.940009], [40.382904, 39.940009], [40.382904, 39.933783], [40.351329, 39.944403], [40.302989, 39.940375], [40.160411, 39.89997], [40.146414, 39.889106], [40.136811, 39.870225], [40.140147, 39.855658], [40.163829, 39.830756], [40.223155, 39.790473], [40.251069, 39.763617], [40.259369, 39.728339], [40.227306, 39.686876], [40.198985, 39.673774], [40.183686, 39.592556], [40.171967, 39.581244], [40.101817, 39.560126], [40.081309, 39.556993], [39.994395, 39.565009], [39.909923, 39.584337], [39.749278, 39.645046], [39.669363, 39.655463], [39.575125, 39.693956], [39.535655, 39.700507], [39.450694, 39.701036], [39.408946, 39.693956], [39.327729, 39.638983], [39.306407, 39.630683], [39.242117, 39.625312], [39.201182, 39.61164], [39.156505, 39.617865], [39.047944, 39.616075], [38.976003, 39.591864], [38.906749, 39.585883], [38.875255, 39.57685], [38.865815, 39.582221], [38.826915, 39.556993], [38.755626, 39.545274], [38.711518, 39.500312], [38.639903, 39.512803], [38.570811, 39.49494], [38.522472, 39.457384], [38.510183, 39.452704], [38.4581, 39.453966], [38.36142, 39.399359], [38.368175, 39.371446], [38.425059, 39.318468], [38.462006, 39.306464], [38.50294, 39.266954], [38.58074, 39.224921], [38.599701, 39.206081], [38.607839, 39.183376], [38.619884, 39.171698], [38.711436, 39.165961], [38.71461, 39.121283], [38.735606, 39.105251], [38.739513, 39.078477]], [[38.767833, 38.812812], [38.743256, 38.803005], [38.716401, 38.780463], [38.677013, 38.764594], [38.654226, 38.766547], [38.642345, 38.781684], [38.635753, 38.781765], [38.631765, 38.752305], [38.618663, 38.748318], [38.508881, 38.756863], [38.48349, 38.753119], [38.471283, 38.74079]], [[39.073334, 38.347968], [39.114838, 38.343573], [39.132416, 38.329698], [39.14503, 38.307929], [39.148529, 38.284247], [39.114838, 38.192735], [39.141368, 38.178656], [39.221934, 38.205105], [39.252533, 38.179714], [39.256358, 38.153144], [39.224701, 38.090359], [39.23463, 38.076117], [39.224864, 38.063788], [39.149913, 38.020779], [39.072276, 37.999579], [39.060313, 37.987901], [39.050385, 37.939765], [39.040457, 37.925238], [38.978282, 37.906033], [38.982677, 37.899359]], [[38.326915, 37.490302], [38.271983, 37.476426], [38.265717, 37.454454], [38.249929, 37.448554], [38.206716, 37.453559], [38.198009, 37.448025], [38.197195, 37.423651], [38.180186, 37.411933], [38.170177, 37.425605], [38.125499, 37.433783], [38.094493, 37.453559], [38.065522, 37.436876], [38.054128, 37.436469], [38.039968, 37.446072], [37.989675, 37.44477], [37.896414, 37.363837], [37.885509, 37.350653], [37.878917, 37.325141], [37.852143, 37.303819], [37.840587, 37.26789], [37.866791, 37.249376], [37.874766, 37.213324], [37.85255, 37.226508], [37.844249, 37.219306], [37.840587, 37.20307], [37.843516, 37.186632], [37.876231, 37.130886], [37.869395, 37.065212], [37.881602, 37.054999], [37.893809, 37.060167], [37.922537, 37.042019], [37.967459, 37.054999], [37.97877, 37.050116], [37.964122, 37.014106], [37.963878, 36.998847], [37.981212, 36.976833], [38.007904, 36.957099], [38.018647, 36.904161], [38.040538, 36.880479], [38.021088, 36.871121], [38.025808, 36.835639]]]}}, {"type": "Feature", "properties": {"name": "Awash", "featurecla": "Lake Centerline", "scalerank": 8.0}, "geometry": {"type": "MultiLineString", "coordinates": [[[41.651378, 11.522569], [41.649913, 11.570014], [41.621674, 11.592963]], [[41.577078, 11.367296], [41.595307, 11.402859]], [[39.010509, 8.400336], [39.020925, 8.391466], [39.048432, 8.386664], [39.0713, 8.393134], [39.110362, 8.460801], [39.138682, 8.470079]]]}}, {"type": "Feature", "properties": {"name": "Awash", "featurecla": "River", "scalerank": 8.0}, "geometry": {"type": "MultiLineString", "coordinates": [[[41.595307, 11.402859], [41.632498, 11.462836], [41.651378, 11.522406]], [[41.576752, 11.367011], [41.527599, 11.320746], [41.532237, 11.286566], [41.554291, 11.242214], [41.585053, 11.218085], [41.683849, 11.199652]], [[38.075206, 8.970649], [38.127859, 9.009589], [38.150971, 9.008857], [38.212006, 8.985216], [38.264252, 8.928087], [38.381847, 8.872178], [38.418061, 8.826199], [38.413992, 8.800116], [38.437755, 8.78205], [38.453868, 8.746446], [38.490815, 8.710557], [38.511322, 8.70543], [38.543468, 8.714911], [38.570323, 8.71369], [38.586681, 8.70657], [38.627696, 8.665107], [38.659434, 8.64997], [38.732514, 8.631537], [38.75823, 8.60753], [38.761811, 8.586249], [38.737559, 8.473415], [38.762218, 8.384833], [38.779063, 8.383165], [38.822846, 8.398261], [38.877208, 8.386013], [38.915538, 8.406846], [38.947276, 8.414415], [38.979096, 8.413398], [39.010509, 8.400336]], [[39.138682, 8.470079], [39.192149, 8.471462], [39.22755, 8.454779], [39.29713, 8.403754], [39.331309, 8.388454], [39.368093, 8.385606], [39.383311, 8.412543], [39.456554, 8.426337], [39.528087, 8.491319], [39.671316, 8.584744], [39.703298, 8.62755], [39.721446, 8.638699], [39.779063, 8.654568], [39.826915, 8.69127], [39.864024, 8.738349], [39.875662, 8.800645], [39.90089, 8.842556], [39.922537, 8.856798], [39.975597, 8.864691], [39.987804, 8.858995], [40.00058, 8.839301], [40.019786, 8.836493], [40.039073, 8.842963], [40.120128, 8.904364], [40.182872, 9.018622], [40.182709, 9.040839], [40.106537, 9.202704], [40.083507, 9.280097], [40.086029, 9.298651], [40.099864, 9.309841], [40.150401, 9.329413], [40.157725, 9.339464], [40.149669, 9.379462], [40.16627, 9.44241], [40.269949, 9.532091], [40.296967, 9.592312], [40.301199, 9.624864], [40.290538, 9.653591], [40.248546, 9.687934], [40.232921, 9.725206], [40.225841, 9.765896], [40.228526, 9.800401], [40.239513, 9.835557], [40.276459, 9.89879], [40.36378, 9.97366], [40.417491, 9.966864], [40.451182, 9.974962], [40.48935, 9.971259], [40.553966, 10.013739], [40.600027, 10.071804], [40.605886, 10.10102], [40.59669, 10.122911], [40.567149, 10.142035], [40.552826, 10.178005], [40.546886, 10.20893], [40.572358, 10.251899], [40.572765, 10.28323], [40.541596, 10.368923], [40.545421, 10.441718], [40.511729, 10.590684], [40.501475, 10.617255], [40.464285, 10.658067], [40.437429, 10.747097], [40.435557, 10.777777], [40.451671, 10.8935], [40.449636, 10.964138], [40.454356, 10.98664], [40.482188, 11.033759], [40.523692, 11.070339], [40.57366, 11.094794], [40.671804, 11.112901], [40.766043, 11.140326], [40.796316, 11.182563], [40.857921, 11.233995], [40.86964, 11.260118], [40.868175, 11.296983], [40.882742, 11.319119], [40.932221, 11.352484], [40.947032, 11.37462], [40.938406, 11.415147], [40.947846, 11.451239], [40.937755, 11.529975], [40.958914, 11.624579], [40.95753, 11.697455], [40.964854, 11.711737], [41.003835, 11.725287], [41.02003, 11.740831], [41.045421, 11.720038], [41.08253, 11.721951], [41.149425, 11.683173], [41.176524, 11.642279], [41.199229, 11.626776], [41.2671, 11.617743], [41.300059, 11.638251], [41.320567, 11.637519], [41.442882, 11.562323], [41.47698, 11.559149], [41.511974, 11.564399], [41.600108, 11.592882], [41.623057, 11.5928]]]}}, {"type": "Feature", "properties": {"name": "Southern Bug", "featurecla": "River", "scalerank": 8.0}, "geometry": {"type": "LineString", "coordinates": [[31.00087892163153, 48.0], [31.02589, 47.976996], [31.080658, 47.893012], [31.117931, 47.869249], [31.117931, 47.841986], [31.12672, 47.823594], [31.165619, 47.807196], [31.17864, 47.795193], [31.190033, 47.715399], [31.268647, 47.683702], [31.248953, 47.663845], [31.228119, 47.654405], [31.224376, 47.639594], [31.179454, 47.595526], [31.200776, 47.578192], [31.289317, 47.560818], [31.344493, 47.533515], [31.399099, 47.519843], [31.532319, 47.401313], [31.556244, 47.388454], [31.599864, 47.37995], [31.648529, 47.342963], [31.700694, 47.32807], [31.762218, 47.300238], [31.767345, 47.285102], [31.764089, 47.268907], [31.748546, 47.259101]]}}, {"type": "Feature", "properties": {"name": "Abay", "featurecla": "Lake Centerline", "scalerank": 3.0}, "geometry": {"type": "LineString", "coordinates": [[37.113048, 11.855007], [37.111827, 11.872097], [37.130382, 11.897284], [37.162852, 11.906806], [37.258067, 11.926947], [37.298106, 11.901638], [37.345714, 11.858344], [37.365652, 11.810126], [37.381114, 11.751044], [37.385265, 11.703437], [37.376475, 11.65119], [37.387218, 11.63227]]}}, {"type": "Feature", "properties": {"name": "Abay", "featurecla": "River", "scalerank": 3.0}, "geometry": {"type": "LineString", "coordinates": [[37.178966, 11.035753], [37.162364, 11.04324], [37.134695, 11.076117], [37.098888, 11.092719], [37.073334, 11.151801], [37.045665, 11.190375], [37.024018, 11.200141], [36.997651, 11.192816], [36.994558, 11.21369], [36.969656, 11.243923], [36.963471, 11.265408], [36.976166, 11.297431], [36.973155, 11.325466], [36.983979, 11.343614], [37.018158, 11.371527], [37.010183, 11.404853], [37.0171, 11.43244], [36.998546, 11.47602], [36.997651, 11.494452], [37.018158, 11.51557], [37.024425, 11.540473], [37.043468, 11.550727], [37.073334, 11.59809], [37.058849, 11.625108], [37.061453, 11.634711], [37.089854, 11.638495], [37.109793, 11.648301], [37.120616, 11.66295], [37.122162, 11.678046], [37.162201, 11.721625], [37.18808, 11.712592], [37.20224, 11.721462], [37.189464, 11.734687], [37.175222, 11.769395], [37.162364, 11.778876], [37.142019, 11.78266], [37.115489, 11.809149], [37.113048, 11.855048]]}}, {"type": "Feature", "properties": {"featurecla": "River", "scalerank": 8.0}, "geometry": {"type": "LineString", "coordinates": [[39.088145, 3.53266], [39.115245, 3.497382], [39.124115, 3.442654], [39.217865, 3.341254], [39.25172, 3.317654], [39.354584, 3.270941], [39.399343, 3.236518], [39.420421, 3.186632], [39.410411, 3.109687], [39.449799, 3.059841], [39.560639, 2.551785], [39.546641, 2.446234], [39.557221, 2.305487], [39.555431, 2.255194], [39.562266, 2.242214], [39.654307, 2.154853], [39.746638906543886, 2.0]]}}, {"type": "Feature", "properties": {"name": "Volga", "featurecla": "River", "scalerank": 3.0}, "geometry": {"type": "MultiLineString", "coordinates": [[[46.1241237505353, 48.0], [46.12322, 47.984442], [46.142182, 47.935655], [46.149099, 47.930732], [46.225597, 47.891913], [46.326671, 47.8758], [46.346121, 47.863349], [46.358897, 47.841986], [46.363862, 47.781684], [46.411632, 47.761542], [46.503184, 47.765245], [46.542491, 47.746894], [46.593272, 47.703192], [46.612234, 47.656358], [46.6421, 47.633328], [46.688894, 47.609442], [46.762706, 47.538113], [46.80714, 47.475165], [46.838145, 47.450954], [46.88323, 47.438829], [46.96461, 47.433905], [46.984467, 47.424831], [47.080577, 47.336941], [47.0949, 47.301622], [47.075694, 47.213324], [47.086518, 47.201483], [47.146414, 47.195828], [47.192312, 47.183051], [47.33074, 47.092719], [47.402599, 47.031684], [47.456309, 47.015408], [47.503835, 47.014838], [47.589122, 46.971381], [47.602061, 46.953884], [47.598562, 46.934149], [47.573334, 46.897488], [47.564138, 46.872748], [47.572358, 46.85456], [47.618663, 46.836046], [47.642507, 46.837714], [47.710541, 46.85871], [47.729584, 46.854682], [47.740896, 46.843329], [47.759369, 46.795844], [47.775645, 46.774115], [47.826915, 46.738593], [47.841563, 46.734931]], [[47.841563, 46.734931], [47.85906, 46.73904], [47.940196, 46.717719], [47.981049, 46.729926], [48.009776, 46.725043], [48.154552, 46.668972], [48.204682, 46.666042], [48.230561, 46.617947], [48.238048, 46.548163], [48.268158, 46.511013], [48.254975, 46.460761], [48.265554, 46.422878], [48.298839, 46.407416], [48.326752, 46.385281], [48.366222, 46.382148], [48.431733, 46.339423], [48.458995, 46.333686], [48.482351, 46.293321], [48.5171, 46.266059], [48.509776, 46.249457], [48.534923, 46.19241], [48.553722, 46.171983], [48.565033, 46.133816], [48.583018, 46.111111], [48.626964, 46.087266]], [[47.841563, 46.734931], [47.870616, 46.69949], [47.909434, 46.603461], [47.95045, 46.565456], [47.996104, 46.545925], [48.012462, 46.527045], [48.015066, 46.50434], [47.972097, 46.461859], [47.971121, 46.44245], [48.013682, 46.402899], [48.021088, 46.383734], [48.017996, 46.363959], [48.007335, 46.345771], [47.970632, 46.315131], [47.951427, 46.277126], [47.899669, 46.214219], [47.809337, 46.144395], [47.793956, 46.111518], [47.756765, 46.094753], [47.740815, 46.074734], [47.747325, 46.034776], [47.739024, 46.01496], [47.718191, 46.000434], [47.674083, 45.98432], [47.643647, 45.961249], [47.640636, 45.938178], [47.647472, 45.929633], [47.625418, 45.880154], [47.637218, 45.869737], [47.63323, 45.834052], [47.603445, 45.822455], [47.563975, 45.818671], [47.538666, 45.806993], [47.555756, 45.766059]]]}}, {"type": "Feature", "properties": {"name": "Al Furat", "featurecla": "Lake Centerline", "scalerank": 3.0}, "geometry": {"type": "LineString", "coordinates": [[38.561127, 35.862616], [38.556407, 35.868476], [38.530365, 35.871039], [38.49464, 35.859687], [38.460053, 35.858751], [38.430919, 35.874132], [38.300059, 35.916815], [38.174897, 35.972968], [38.134939, 35.999864], [38.08489, 36.054226], [38.063487, 36.098334], [38.058116, 36.126654], [38.061941, 36.140815], [38.119884, 36.225043], [38.189382, 36.264919], [38.194591, 36.284044], [38.183849, 36.342475]]}}, {"type": "Feature", "properties": {"name": "Al Furat", "featurecla": "River", "scalerank": 3.0}, "geometry": {"type": "MultiLineString", "coordinates": [[[38.025808, 36.835639], [38.033132, 36.821804], [38.032481, 36.781317], [38.050873, 36.75495], [38.04599, 36.740343], [38.066498, 36.740343], [38.062022, 36.718126], [38.066661, 36.709581], [38.083588, 36.701972], [38.097585, 36.6789], [38.142019, 36.672553], [38.21046, 36.648139], [38.217296, 36.630479], [38.233409, 36.617011], [38.293061, 36.528022], [38.2671, 36.512274], [38.256114, 36.462836], [38.203136, 36.438829], [38.183849, 36.342475]], [[38.559988, 35.863308], [38.571544, 35.856879], [38.607839, 35.870144], [38.659597, 35.849677], [38.721446, 35.849677], [38.740896, 35.853217], [38.759207, 35.883816], [38.746593, 35.894314], [38.73878, 35.890001], [38.734793, 35.902208], [38.742931, 35.910264], [38.772227, 35.918524], [38.799571, 35.911689], [38.813243, 35.931586], [38.906016, 35.92475], [39.034272, 35.929267], [39.057546, 35.921413], [39.076101, 35.906602], [39.088145, 35.883816], [39.108328, 35.888739], [39.122325, 35.87755], [39.141205, 35.886298], [39.197358, 35.863308], [39.244233, 35.859687], [39.283376, 35.82921], [39.324311, 35.829169], [39.350841, 35.841579], [39.367117, 35.836005], [39.396088, 35.849677], [39.399832, 35.811469], [39.416515, 35.801215], [39.492279, 35.808661], [39.553722, 35.780788], [39.568126, 35.792304], [39.591075, 35.792914], [39.582123, 35.765815], [39.594737, 35.760281], [39.60963, 35.768988], [39.622325, 35.794623], [39.696218, 35.762478], [39.720307, 35.741563], [39.742605, 35.731757], [39.766043, 35.753445], [39.805268, 35.735175], [39.835541, 35.681749], [39.828136, 35.657904], [39.832286, 35.625596], [39.851085, 35.605007], [39.855968, 35.588935], [39.875418, 35.595486], [39.889415, 35.588935], [39.878022, 35.577989], [39.877533, 35.569363], [39.899425, 35.561632], [39.91684, 35.527452], [39.948497, 35.534776], [39.961192, 35.520697], [40.000255, 35.502387], [40.007904, 35.489203], [40.026541, 35.486599], [40.059337, 35.461046], [40.07724, 35.418077], [40.109304, 35.395331], [40.101817, 35.3699], [40.143321, 35.356228], [40.170177, 35.326606], [40.226654, 35.308946], [40.232026, 35.287909], [40.266856, 35.307807], [40.271658, 35.298936], [40.253184, 35.266872], [40.277843, 35.26793], [40.293549, 35.280463], [40.327647, 35.266872], [40.338471, 35.236396], [40.417735, 35.211615], [40.420421, 35.198757], [40.397227, 35.184882], [40.428722, 35.135321], [40.430675, 35.082465], [40.438569, 35.06684], [40.458018, 35.075019], [40.471121, 35.066718], [40.444428, 35.034857], [40.451182, 35.030626], [40.455577, 35.037787], [40.465017, 35.030707], [40.492198, 34.986274], [40.528331, 34.989325], [40.556407, 34.958075], [40.565684, 34.958604], [40.580984, 34.883246], [40.597585, 34.870714], [40.622569, 34.883246], [40.618256, 34.833564], [40.638276, 34.79682], [40.681895, 34.778428], [40.698253, 34.780829], [40.752696, 34.738389], [40.766531, 34.718126], [40.79005, 34.713975], [40.80421, 34.728827], [40.828624, 34.698269], [40.828624, 34.691474], [40.80071, 34.677191], [40.807872, 34.670437], [40.838878, 34.649848], [40.86964, 34.670437], [40.88323, 34.66352], [40.891694, 34.627305], [40.927175, 34.618476], [40.917979, 34.578192], [40.944753, 34.527615], [40.922293, 34.5008], [40.938406, 34.475775], [40.930593, 34.468329], [40.992605, 34.428494]]]}}, {"type": "Feature", "properties": {"name": "Olt", "featurecla": "River", "scalerank": 8.0}, "geometry": {"type": "LineString", "coordinates": [[25.783702, 46.683783], [25.794688, 46.675116], [25.800548, 46.62169], [25.773041, 46.55683], [25.756358, 46.540554], [25.753347, 46.529161], [25.760671, 46.468695], [25.759858, 46.38406], [25.766368, 46.359565], [25.780528, 46.341132], [25.845307, 46.313259], [25.855072, 46.30268], [25.865489, 46.268012], [25.897227, 46.22016], [25.901378, 46.185329], [25.876231, 46.14765], [25.861827, 46.100898], [25.838145, 46.057318], [25.842052, 46.038845], [25.82545, 46.021918], [25.834483, 46.000515], [25.86321, 45.970567], [25.855072, 45.923407], [25.825125, 45.881537], [25.807384, 45.871649], [25.804698, 45.832587], [25.762625, 45.758897], [25.718679, 45.751817], [25.704356, 45.758897], [25.670665, 45.751532], [25.668875, 45.784857], [25.637462, 45.807929], [25.567149, 45.840888], [25.553803, 45.869574], [25.552338, 45.93476], [25.560802, 45.970567], [25.558116, 45.98786], [25.570811, 46.021308], [25.567149, 46.038845], [25.554617, 46.045478], [25.514171, 46.048936], [25.488048, 46.020209], [25.398692, 46.019599], [25.361746, 46.011542], [25.375987, 45.99433], [25.369395, 45.985053], [25.355561, 45.983181], [25.343028, 46.004014], [25.331309, 46.004218], [25.258311, 45.975409], [25.225108, 45.943915], [25.22991, 45.938178], [25.225108, 45.929633], [25.212332, 45.93419], [25.206065, 45.928005], [25.211436, 45.902289], [25.192149, 45.897488], [25.197195, 45.881863], [25.148692, 45.857611], [25.053233, 45.854519], [25.033295, 45.840888], [25.012218, 45.847032], [24.945079, 45.844591], [24.83961, 45.819648], [24.534923, 45.787543], [24.414724, 45.764716], [24.355724, 45.726833], [24.354259, 45.709906], [24.278575, 45.627997], [24.258718, 45.618028], [24.265554, 45.597235], [24.246755, 45.571601], [24.24879, 45.562812], [24.266287, 45.548651], [24.280772, 45.512071], [24.307628, 45.480821], [24.299571, 45.457302], [24.312429, 45.443183], [24.304373, 45.404486], [24.310476, 45.37755], [24.301036, 45.358181], [24.278087, 45.349718], [24.282725, 45.321397], [24.309744, 45.269802], [24.323904, 45.260118], [24.34075, 45.223944], [24.356212, 45.206895], [24.361095, 45.190375], [24.354259, 45.175482], [24.382009, 45.139838], [24.374766, 45.124579], [24.374766, 45.093573], [24.348155, 45.079901], [24.340017, 45.050076], [24.309011, 45.035915], [24.304698, 45.013617], [24.286062, 44.997992], [24.268077, 44.944119], [24.245128, 44.915391], [24.260509, 44.893866], [24.253673, 44.860663], [24.261729, 44.850857], [24.286062, 44.840277], [24.278575, 44.826687], [24.286876, 44.785712], [24.286062, 44.737331], [24.304373, 44.672431], [24.299571, 44.655341], [24.322765, 44.624294], [24.33074, 44.601386], [24.330496, 44.549425], [24.32073, 44.52501], [24.299001, 44.507514], [24.299571, 44.490912], [24.323416, 44.464179], [24.332286, 44.439805], [24.355724, 44.423041], [24.361095, 44.412055], [24.361095, 44.367377], [24.37908, 44.35281], [24.383962, 44.333604], [24.395925, 44.326361], [24.388438, 44.319607], [24.395925, 44.312771], [24.387869, 44.293891], [24.44988, 44.211208], [24.475841, 44.197781], [24.492442, 44.181016], [24.477794, 44.148261], [24.515066, 44.125596], [24.587657, 44.031562], [24.580251, 44.025417], [24.591319, 44.013536], [24.580251, 43.997382], [24.623057, 43.944648], [24.638845, 43.890489], [24.677908, 43.829657], [24.73406, 43.80683], [24.774343, 43.740505]]}}, {"type": "Feature", "properties": {"name": "Tekeze", "featurecla": "River", "scalerank": 8.0}, "geometry": {"type": "LineString", "coordinates": [[39.266368, 11.97488], [39.135997, 11.940131], [39.076671, 11.916531], [39.043224, 11.910671], [38.933686, 11.920233], [38.91505, 11.90823], [38.892996, 11.906928], [38.860932, 11.920233], [38.8331, 11.944892], [38.826915, 11.954413], [38.825694, 11.990343], [38.808035, 12.000759], [38.798269, 12.024115], [38.789561, 12.029486], [38.762218, 12.031602], [38.759207, 12.043158], [38.717703, 12.029486], [38.627452, 12.042914], [38.553152, 12.077257], [38.529552, 12.10456], [38.485362, 12.110785], [38.473399, 12.123318], [38.455089, 12.176622], [38.431407, 12.209784], [38.429617, 12.224677], [38.4581, 12.310085], [38.461436, 12.355414], [38.455089, 12.376736], [38.430186, 12.393866], [38.416026, 12.454657], [38.428152, 12.559027], [38.4581, 12.619167], [38.443289, 12.704454], [38.448822, 12.727973], [38.463308, 12.741563], [38.505382, 12.756293], [38.557628, 12.791938], [38.633718, 12.803656], [38.66505, 12.82628], [38.646007, 12.900824], [38.636485, 12.909532], [38.601573, 12.919542], [38.584239, 12.935614], [38.581716, 12.952338], [38.617198, 13.001532], [38.656179, 13.086208], [38.686697, 13.134874], [38.730561, 13.292548], [38.725108, 13.310614], [38.725108, 13.374945], [38.721446, 13.386298], [38.705007, 13.393663], [38.698171, 13.411689], [38.667491, 13.536078], [38.640717, 13.556016], [38.635753, 13.591742], [38.587901, 13.656928], [38.487804, 13.692654], [38.365489, 13.795518], [38.328298, 13.80447], [38.304454, 13.773017], [38.284272, 13.76671], [38.236501, 13.732123], [38.193126, 13.728949], [38.133393, 13.746202], [38.0088, 13.765408], [38.000011, 13.773139], [37.98463, 13.810858], [37.969249, 13.826483], [37.916433, 13.851833], [37.892019, 13.881171], [37.877452, 13.889106], [37.867931, 13.872911], [37.848888, 13.884304], [37.826264, 13.887234], [37.816661, 13.875312]]}}, {"type": "Feature", "properties": {"name": "Karkheh", "featurecla": "River", "scalerank": 8.0}, "geometry": {"type": "LineString", "coordinates": [[48.983165, 33.947821], [48.954519, 33.97309], [48.928396, 34.02619], [48.887625, 34.079372], [48.875662, 34.13699], [48.865815, 34.15705], [48.871511, 34.194363], [48.844819, 34.235297], [48.777761, 34.294216], [48.742442, 34.316433], [48.695811, 34.331488], [48.680268, 34.345649], [48.660411, 34.348985], [48.643565, 34.342597], [48.620128, 34.355048], [48.408295, 34.346015], [48.3838, 34.340522], [48.367279, 34.325263], [48.331472, 34.328315], [48.283702, 34.314073], [48.23935, 34.320909], [48.229991, 34.317206], [48.212576, 34.290798], [48.197683, 34.28266], [48.180431, 34.282335], [48.08196, 34.300401], [48.064871, 34.307969], [48.031993, 34.341254], [47.948497, 34.36933], [47.758393, 34.377265], [47.72877, 34.389757], [47.709239, 34.381374], [47.651866, 34.40998], [47.650483, 34.454942], [47.633881, 34.463324], [47.611908, 34.461615], [47.590261, 34.453192], [47.546641, 34.417507], [47.491791, 34.40587], [47.434011, 34.376166], [47.405854, 34.331651], [47.396658, 34.283962], [47.33839, 34.198025], [47.364268, 34.159125], [47.388194, 34.152655], [47.409109, 34.124091], [47.415701, 34.104519], [47.414073, 34.075059], [47.430919, 34.04088], [47.479584, 33.986518], [47.496674, 33.950954], [47.487071, 33.944281], [47.509695, 33.855333], [47.503347, 33.844916], [47.475597, 33.834906], [47.398855, 33.752061], [47.358897, 33.738715], [47.295828, 33.731798], [47.249522, 33.742051], [47.235362, 33.738715], [47.208018, 33.718207], [47.173839, 33.732489], [47.146007, 33.711371], [47.099701, 33.705024], [47.057872, 33.711371], [47.047781, 33.698594], [47.051036, 33.684109], [47.002533, 33.639716], [47.013194, 33.593614], [46.995697, 33.602118], [46.977468, 33.595282], [46.934337, 33.622626], [46.889415, 33.623887], [46.8449, 33.61518], [46.827891, 33.553738], [46.843516, 33.546169], [46.865896, 33.512885], [46.897472, 33.49905], [46.923595, 33.471259], [47.009369, 33.433417], [47.011811, 33.41474], [47.000418, 33.397284], [47.029389, 33.365912], [47.085053, 33.348904], [47.098725, 33.334581], [47.123627, 33.339952], [47.201182, 33.293036], [47.201101, 33.279853], [47.21933, 33.264228], [47.244884, 33.251288], [47.287364, 33.242499], [47.410411, 33.190863], [47.426524, 33.167914], [47.465343, 33.159532], [47.521658, 33.092393], [47.555431, 33.081366], [47.606537, 33.039822], [47.721934, 32.998847], [47.74586, 33.005683], [47.76295, 32.9914], [47.796641, 32.981798], [47.824474, 32.948065], [47.920665, 32.903266], [47.973562, 32.855902], [48.027843, 32.830878], [48.065196, 32.77912], [48.065196, 32.758612], [48.085053, 32.727891], [48.061697, 32.697211], [47.983409, 32.66706], [47.965424, 32.65351], [47.973643, 32.617743], [47.938975, 32.610541], [47.90976, 32.572211], [47.909434, 32.561387], [47.933116, 32.561387], [47.937999, 32.542914], [47.959565, 32.530219], [47.967052, 32.518744], [47.996186, 32.539496], [48.009858, 32.538194], [48.023692, 32.51907], [48.054698, 32.497911], [48.119151, 32.505398], [48.147227, 32.478095], [48.149506, 32.417833], [48.160737, 32.360785], [48.154552, 32.327257], [48.171397, 32.299913], [48.194916, 32.231635], [48.222748, 32.186957], [48.211029, 32.144965], [48.215912, 32.135443], [48.209972, 32.121446], [48.215912, 32.052924], [48.23585, 32.039862], [48.27003, 31.998318], [48.247162, 31.964464], [48.263764, 31.950507], [48.253673, 31.934109], [48.254324, 31.890489], [48.260183, 31.881619], [48.298839, 31.872016], [48.317556, 31.86872], [48.338308, 31.874132], [48.352306, 31.841864], [48.383311, 31.826972], [48.41212, 31.801785], [48.420909, 31.785997], [48.441905, 31.785997], [48.451915, 31.75495], [48.479096, 31.744696], [48.490001, 31.714464], [48.544363, 31.6824], [48.593191, 31.643378], [48.595632, 31.631781], [48.579519, 31.618516], [48.458588, 31.565009], [48.441824, 31.544298], [48.455577, 31.512274], [48.396495, 31.476833], [48.379161, 31.492865], [48.324636, 31.504828], [48.275808, 31.540554], [48.189545, 31.560614], [48.168224, 31.559434], [48.134695, 31.540351], [48.119395, 31.524848], [48.105968, 31.488308], [48.08961, 31.488145], [48.04835, 31.508083], [48.016856, 31.512274], [47.996186, 31.504828], [47.978933, 31.5185], [47.886322, 31.531521], [47.846121, 31.526313], [47.817312, 31.510443], [47.728282, 31.456855], [47.671479, 31.407253], [47.661143, 31.378241], [47.625418, 31.334337], [47.637706, 31.299425], [47.640147, 31.275173], [47.633881, 31.253485], [47.61614, 31.244167], [47.571788, 31.186387], [47.556651, 31.150662], [47.530203, 31.128038], [47.54127, 31.102484], [47.521902, 31.02794], [47.496674, 31.01142], [47.478608, 30.978868], [47.466075, 30.97602]]}}, {"type": "Feature", "properties": {"name": "El Bahr el Azraq", "featurecla": "Lake Centerline", "scalerank": 3.0}, "geometry": {"type": "LineString", "coordinates": [[34.379649, 11.783067], [34.386485, 11.734402], [34.3803, 11.690619], [34.390391, 11.645372], [34.419037, 11.590766], [34.459727, 11.552436], [34.513438, 11.522773], [34.578624, 11.462958], [34.683197, 11.388292], [34.720714, 11.328966], [34.744558, 11.307237], [34.777599, 11.296454]]}}, {"type": "Feature", "properties": {"name": "El Bahr el Azraq", "featurecla": "River", "scalerank": 3.0}, "geometry": {"type": "MultiLineString", "coordinates": [[[34.379649, 11.783067], [34.362315, 11.952704], [34.316824, 12.06155], [34.305431, 12.136583], [34.305756, 12.154324], [34.348888, 12.224677], [34.338145, 12.242987], [34.352306, 12.296413], [34.352306, 12.365302], [34.330496, 12.393012], [34.284109, 12.420478], [34.260509, 12.45779], [34.243663, 12.467312], [34.187755, 12.474473], [34.147472, 12.515489], [34.143972, 12.537543], [34.151296, 12.552069], [34.178233, 12.574164], [34.186046, 12.590684], [34.180593, 12.606024], [34.137462, 12.65351], [34.140066, 12.704291], [34.133311, 12.756293], [34.142589, 12.774766], [34.126557, 12.79621], [34.110362, 12.80154], [34.064871, 12.836453], [34.03948, 12.89289], [33.991628, 12.865343], [33.996104, 12.886054], [34.021251, 12.928249], [34.013438, 12.944688], [33.978526, 12.971706], [33.975597, 12.992214], [33.989268, 13.01203], [33.98585, 13.019802], [33.955089, 13.036892], [33.942882, 13.070746], [33.976329, 13.123074], [33.972179, 13.160102], [33.960948, 13.164374], [33.927826, 13.160509], [33.920909, 13.170274], [33.927419, 13.18769], [33.953298, 13.210517], [33.950694, 13.236925], [33.934011, 13.242947], [33.913585, 13.269599], [33.879405, 13.276435], [33.869558, 13.321153], [33.858165, 13.323025], [33.836192, 13.303087], [33.8213, 13.307481], [33.791026, 13.330878], [33.776947, 13.333197], [33.715343, 13.322455], [33.701915, 13.338487], [33.701915, 13.372016], [33.661876, 13.418524], [33.674571, 13.454617], [33.673106, 13.47252], [33.654063, 13.522895], [33.626069, 13.544623], [33.626069, 13.578152], [33.570079, 13.594021], [33.593272, 13.649726], [33.602143, 13.663764], [33.618744, 13.672797], [33.619151, 13.693874], [33.605561, 13.722113], [33.561534, 13.724189], [33.550385, 13.735785], [33.551036, 13.751329], [33.566498, 13.756781], [33.605561, 13.755642], [33.622651, 13.761054], [33.624929, 13.773017], [33.615815, 13.78498], [33.560476, 13.79918], [33.547374, 13.811957], [33.5442, 13.831977], [33.551524, 13.849066], [33.598725, 13.851833], [33.609874, 13.862494], [33.619884, 13.913601], [33.614513, 13.930854], [33.590587, 13.947821], [33.585216, 13.962266], [33.631114, 13.977078], [33.640391, 13.996446], [33.612397, 14.037421], [33.652354, 14.060981], [33.660248, 14.078396], [33.660248, 14.112494], [33.680756, 14.140448], [33.681163, 14.15823], [33.646576, 14.181423], [33.640391, 14.208686], [33.609793, 14.210761], [33.608897, 14.235907], [33.626069, 14.276679], [33.621023, 14.290717], [33.54892, 14.350287], [33.5442, 14.359198], [33.550059, 14.416938], [33.5442, 14.434638], [33.514659, 14.420478], [33.504161, 14.434638], [33.496349, 14.4831], [33.459402, 14.499823], [33.452729, 14.534695], [33.427419, 14.565009], [33.372325, 14.66059], [33.35377, 14.727362], [33.33839, 14.750515], [33.317556, 14.729519], [33.306651, 14.742987], [33.303966, 14.790961], [33.277273, 14.803982], [33.249115, 14.878607], [33.221772, 14.902045], [33.215831, 14.916938], [33.21461, 14.982733], [33.221446, 15.017442], [33.184093, 15.065253], [33.177419, 15.117458], [33.167084, 15.133857], [33.112804, 15.174506], [33.084972, 15.229763], [33.038585, 15.249579], [33.002859, 15.285753], [32.893077, 15.304877], [32.83782, 15.339626], [32.788259, 15.357245], [32.742198, 15.409776], [32.710867, 15.422471], [32.700694, 15.476142], [32.676768, 15.503689], [32.620128, 15.545762], [32.598237, 15.573025], [32.575125, 15.618516], [32.557384, 15.627021], [32.528412, 15.620225], [32.488862, 15.632595]], [[35.350841, 10.149115], [35.316417, 10.203884], [35.311941, 10.248114], [35.3296, 10.308539], [35.308686, 10.366034], [35.286632, 10.404324], [35.290457, 10.454779], [35.273936, 10.498481], [35.251475, 10.523546], [35.209727, 10.536404], [35.183116, 10.560492], [35.147472, 10.572821], [35.134776, 10.617011], [35.135509, 10.636583], [35.147472, 10.658393], [35.147472, 10.699327], [35.165619, 10.725653], [35.18157, 10.778835], [35.174734, 10.823513], [35.200776, 10.893256], [35.198253, 10.942735], [35.166026, 11.003363], [35.165701, 11.04914], [35.184662, 11.064236], [35.193858, 11.085273], [35.192963, 11.108344], [35.182058, 11.12934], [35.162852, 11.143378], [35.099213, 11.175238], [35.065033, 11.233466], [35.034597, 11.240749], [34.932872, 11.244493], [34.896658, 11.26085], [34.879649, 11.248074], [34.825857, 11.255479], [34.811697, 11.259955], [34.777599, 11.296454]]]}}, {"type": "Feature", "properties": {"name": "Sakarya", "featurecla": "River", "scalerank": 8.0}, "geometry": {"type": "LineString", "coordinates": [[29.534597, 40.038275], [29.532481, 40.059516], [29.518158, 40.075385], [29.467703, 40.107489], [29.44752, 40.145046], [29.449229, 40.171698], [29.506928, 40.204901], [29.50823, 40.221055], [29.526541, 40.243923], [29.541108, 40.250027], [29.580333, 40.249945], [29.604421, 40.262803], [29.646658, 40.271674], [29.734955, 40.267524], [29.777599, 40.272244], [29.808849, 40.292019], [29.851817, 40.35456], [29.881602, 40.37641], [29.949799, 40.397976], [29.991466, 40.392646], [30.013682, 40.41002], [30.05185, 40.467637], [30.074311, 40.489529], [30.099864, 40.499132], [30.180105, 40.501736], [30.224864, 40.510321], [30.2706, 40.528347], [30.308116, 40.556708], [30.327891, 40.5963], [30.333263, 40.632148], [30.351573, 40.648749], [30.374115, 40.65705], [30.371186, 40.67475], [30.384288, 40.707831], [30.418468, 40.715277], [30.425873, 40.755561], [30.442149, 40.797227], [30.473643, 40.838731], [30.548269, 40.871609], [30.574229, 40.872707], [30.59726, 40.893134], [30.585053, 40.954006], [30.569428, 40.968492], [30.501964, 40.977729], [30.514659, 40.989569], [30.507823, 41.002631], [30.528575, 40.996853], [30.567312, 41.014268], [30.578543, 41.013454], [30.586436, 41.0008], [30.617686, 41.070868], [30.598725, 41.090928], [30.600597, 41.106716], [30.617686, 41.091986], [30.641612, 41.095526], [30.6456, 41.132921]]}}, {"type": "Feature", "properties": {"name": "Kura", "featurecla": "Lake Centerline", "scalerank": 8.0}, "geometry": {"type": "LineString", "coordinates": [[46.33839, 40.89997], [46.386485, 40.901719], [46.568289, 40.934841], [46.733165, 40.921169], [46.787852, 40.9112], [46.889415, 40.875759], [46.967296, 40.837958], [46.985606, 40.827338], [47.020112, 40.779975]]}}, {"type": "Feature", "properties": {"name": "Kura", "featurecla": "River", "scalerank": 8.0}, "geometry": {"type": "MultiLineString", "coordinates": [[[43.288259, 40.975287], [43.28297, 40.947211], [43.305105, 40.913438], [43.356619, 40.858588], [43.383311, 40.815009], [43.401541, 40.810818], [43.435802, 40.817003], [43.466563, 40.797797]], [[42.822276, 40.920681], [42.809662, 40.91824], [42.784679, 40.899604], [42.699311, 40.913845], [42.607188, 40.899604], [42.593191, 40.934353], [42.491791, 40.966498], [42.458507, 40.970038], [42.427257, 40.983954], [42.47405, 41.071234], [42.49879, 41.091905], [42.526378, 41.103583], [42.64446, 41.125312], [42.707937, 41.126288], [42.784434, 41.187567], [42.81308, 41.203192], [42.835867, 41.205878], [42.895274, 41.177314], [42.921967, 41.172187], [42.976492, 41.176134], [43.000987, 41.1671], [43.029552, 41.176459], [43.085378, 41.174831], [43.110281, 41.195258], [43.158702, 41.278144], [43.18214, 41.300157], [43.260997, 41.330878], [43.28297, 41.363349], [43.325125, 41.376776], [43.31544, 41.4053], [43.314138, 41.44831], [43.283132, 41.499294], [43.280854, 41.513454], [43.295177, 41.547227], [43.226329, 41.585395], [43.182546, 41.577948], [43.141205, 41.599066], [43.097179, 41.599066], [43.074962, 41.584418], [43.062429, 41.59162], [43.055268, 41.613105], [43.062104, 41.641791], [43.089854, 41.687445], [43.122488, 41.713446], [43.384532, 41.852159], [43.479584, 41.930243], [43.536225, 41.967231], [43.609874, 42.002021], [43.750987, 42.049913], [43.78419, 42.054999], [43.92392, 42.021186], [44.001231, 42.031806], [44.03183, 42.026801], [44.110444, 41.987901], [44.231537, 41.974555], [44.309825, 41.934272], [44.438569, 41.912624], [44.524832, 41.880072], [44.709972, 41.834255], [44.740489, 41.820095], [44.759532, 41.796658], [44.761648, 41.758897], [44.802826, 41.700222], [44.868744, 41.66767], [44.870616, 41.659613], [44.921641, 41.644599], [44.935313, 41.634101], [44.966401, 41.589423], [45.001475, 41.577948], [45.011241, 41.561876], [45.003917, 41.531277], [45.033702, 41.483181], [45.073497, 41.390163], [45.095714, 41.376288], [45.098399, 41.343288], [45.148692, 41.302354], [45.211925, 41.285834], [45.275808, 41.256456], [45.388682, 41.246527], [45.454031, 41.229193], [45.50172, 41.229193], [45.551768, 41.201728], [45.583751, 41.152777], [45.625255, 41.146593], [45.669688, 41.11933], [45.717784, 41.115912], [45.727631, 41.077704], [45.749604, 41.068793], [45.789561, 41.064887], [45.796641, 41.039862], [45.806244, 41.031033], [45.872325, 41.009467], [45.906342, 40.986151], [45.920177, 40.982123], [45.958751, 40.991645], [46.009858, 40.952419], [46.016043, 40.971625], [46.009532, 40.982123], [46.03183, 40.990424], [46.070893, 40.941189], [46.080658, 40.951972], [46.104421, 40.961615], [46.118256, 40.957343], [46.146007, 40.934353], [46.187022, 40.954779], [46.238536, 40.926866], [46.340017, 40.899604]], [[47.020112, 40.779975], [47.051768, 40.762559], [47.057872, 40.755561], [47.060639, 40.726508], [47.078136, 40.716335], [47.06129, 40.684149], [47.069021, 40.677273], [47.098725, 40.673651], [47.127696, 40.678982], [47.145274, 40.666693], [47.156505, 40.639472], [47.194347, 40.636054], [47.180675, 40.586453], [47.228526, 40.547675], [47.220144, 40.536811], [47.222179, 40.514675], [47.263276, 40.54328], [47.281016, 40.53323], [47.272227, 40.496649], [47.31129, 40.465928], [47.310802, 40.456163], [47.360769, 40.456651], [47.352794, 40.432969], [47.324148, 40.413601], [47.378184, 40.398627], [47.386241, 40.387559], [47.365733, 40.36518], [47.384776, 40.359442], [47.422455, 40.363959], [47.434011, 40.351508], [47.420909, 40.313992], [47.43629, 40.30683], [47.444835, 40.290066], [47.523936, 40.282579], [47.483979, 40.254014], [47.543875, 40.172716], [47.59547, 40.196723], [47.619558, 40.194444], [47.640066, 40.172716], [47.669526, 40.178819], [47.681651, 40.172716], [47.712413, 40.202582], [47.724132, 40.203192], [47.73585, 40.16352], [47.783295, 40.15351], [47.789643, 40.116278], [47.801362, 40.096747], [47.841889, 40.103949], [47.870535, 40.095038], [47.893158, 40.077745], [47.91448, 40.090847], [47.963634, 40.07628], [47.969005, 40.081163], [47.972097, 40.122423], [47.982839, 40.127061], [48.016856, 40.111884], [48.057221, 40.135199], [48.072765, 40.136054], [48.086436, 40.096544], [48.157725, 40.067491], [48.160737, 40.049872], [48.193126, 40.062323], [48.229015, 40.063503], [48.253184, 40.047309], [48.259858, 40.030951], [48.30421, 40.049872], [48.328298, 40.029364], [48.377208, 40.035956], [48.393565, 40.029364], [48.413259, 40.040595], [48.466238, 40.022162], [48.504975, 40.035671], [48.558035, 40.084581], [48.577891, 40.09866], [48.591563, 40.098741], [48.62794, 40.0692], [48.664806, 40.077745], [48.668875, 40.052273], [48.742768, 40.033149], [48.750499, 40.019477], [48.839285, 40.002712], [48.87322, 39.981553], [48.916026, 39.942003], [48.919932, 39.931952], [48.909597, 39.902167], [48.941661, 39.858018], [48.941661, 39.82453], [48.955333, 39.796658], [48.941905, 39.774197], [48.99171, 39.728949], [48.993175, 39.718085], [48.968516, 39.676215], [48.955333, 39.666287], [48.990164, 39.654079], [49.000092, 39.642768], [49.003673, 39.621527], [49.021414, 39.60224], [49.024099, 39.591173], [48.996837, 39.570665], [48.996837, 39.563829], [49.021007, 39.54739], [49.024099, 39.518866], [49.017833, 39.502997], [48.983165, 39.470771], [49.001394, 39.452419], [49.081147, 39.444525], [49.118663, 39.426093], [49.243175, 39.419867], [49.312999, 39.395941], [49.346283, 39.376288], [49.366791, 39.350938]]]}}, {"type": "Feature", "properties": {"name": "Aoukalé", "featurecla": "River", "scalerank": 8.0}, "geometry": {"type": "LineString", "coordinates": [[22.846609, 11.035753], [22.82545, 11.023749], [22.794607, 10.978949], [22.771007, 10.960028], [22.750255, 10.956977], [22.68214, 10.974311], [22.627696, 10.976264], [22.600271, 10.987982], [22.53419, 10.98074], [22.511485, 11.001003], [22.502371, 10.992377], [22.446707, 10.998481], [22.406505, 10.963202], [22.318126, 10.939561], [22.27589, 10.908718], [22.252615, 10.915554], [22.200125, 10.868842], [22.175792, 10.816433], [22.147716, 10.830919], [22.048106, 10.837185], [22.029063, 10.828925], [22.017833, 10.810126], [22.004405, 10.775702], [22.014089, 10.754747], [22.003184, 10.743476], [21.925059, 10.720282], [21.863048, 10.668077], [21.822032, 10.678982], [21.784353, 10.669501], [21.767996, 10.652167], [21.73585, 10.646348], [21.722179, 10.636908], [21.704845, 10.572048], [21.704845, 10.532172], [21.716319, 10.477403], [21.743663, 10.439276], [21.742931, 10.419135], [21.750499, 10.411973], [21.719981, 10.360948], [21.716319, 10.339952], [21.722585, 10.306179], [21.718272, 10.29682], [21.688487, 10.289089], [21.655691, 10.233832], [21.578787, 10.212429], [21.544444, 10.22016], [21.512706, 10.20071], [21.484874, 10.164496], [21.432791, 10.04621], [21.406423, 10.005723], [21.37379, 9.973253], [21.339041, 9.960069], [21.270681, 9.987413], [21.256358, 9.975898], [21.205089, 9.917019], [21.195079, 9.887519], [21.131358, 9.849636], [21.106212, 9.7956], [21.104747, 9.774237], [21.09254, 9.774522], [21.065196, 9.754665], [21.042166, 9.767279], [21.019298, 9.748114], [20.999522, 9.697577], [20.995535, 9.648464], [20.989513, 9.635769], [20.975352, 9.631171], [20.982677, 9.603827], [20.967052, 9.610785], [20.961681, 9.607123], [20.955333, 9.589545], [20.924571, 9.56977], [20.91212, 9.544501], [20.873546, 9.502712], [20.840831, 9.484565], [20.825694, 9.41824], [20.806163, 9.423529]]}}, {"type": "Feature", "properties": {"name": "Kibali", "featurecla": "River", "scalerank": 3.0}, "geometry": {"type": "LineString", "coordinates": [[30.371186, 2.333075], [30.384288, 2.411648], [30.405284, 2.448432], [30.398529, 2.483954], [30.428315, 2.539252], [30.439545, 2.625922], [30.430186, 2.71544], [30.417491, 2.735541], [30.413829, 2.758409], [30.387706, 2.799669], [30.384858, 2.818305], [30.392345, 2.83279], [30.378673, 2.840155], [30.36378, 2.86518], [30.326915, 2.881171], [30.296153, 2.881171], [30.237315, 2.868598], [30.216319, 2.882595], [30.144623, 2.881171], [30.130951, 2.888007], [30.110606, 2.873725], [30.099539, 2.874376], [30.059988, 2.88703], [30.044037, 2.916531], [30.007416, 2.928982], [29.898041, 2.996283], [29.863536, 3.011501], [29.79713, 3.023871], [29.758311, 3.063015], [29.733897, 3.074164], [29.588878, 3.083319], [29.564871, 3.09044], [29.559581, 3.106757], [29.516368, 3.100165], [29.514089, 3.141872], [29.493663, 3.18769], [29.501069, 3.203315], [29.493663, 3.214057], [29.50351, 3.231024], [29.493663, 3.238064], [29.511811, 3.255194], [29.487315, 3.298896], [29.466238, 3.285224], [29.453054, 3.293891], [29.351654, 3.284532], [29.31544, 3.29267], [29.299734, 3.304267], [29.271414, 3.357245], [29.228526, 3.392686], [29.22047, 3.422431], [29.171804, 3.458441], [29.160411, 3.480048], [29.1421, 3.491767], [29.129893, 3.509548], [29.143321, 3.525417], [29.144623, 3.539089], [29.134858, 3.556016], [29.098155, 3.581895], [29.080577, 3.612331], [29.012218, 3.580634], [28.982921, 3.604844], [28.976817, 3.583035], [28.942475, 3.584988], [28.890147, 3.553168], [28.867198, 3.555243], [28.840587, 3.569607], [28.8296, 3.583686], [28.79835, 3.594306], [28.79127, 3.592231], [28.787852, 3.580634], [28.773448, 3.58043], [28.701101, 3.590644], [28.644542, 3.607367], [28.585948, 3.595771]]}}, {"type": "Feature", "properties": {"name": "Ebola", "featurecla": "River", "scalerank": 8.0}, "geometry": {"type": "LineString", "coordinates": [[22.736339, 3.62462], [22.561453, 3.580349], [22.506602, 3.577989], [22.451589, 3.587348], [22.241466, 3.675116], [22.126394, 3.716173], [22.061209, 3.716742], [22.035574, 3.705512], [21.975027, 3.649034], [21.913259, 3.635932], [21.89796, 3.615302], [21.821218, 3.56684], [21.814871, 3.547065], [21.788992, 3.548041], [21.710134, 3.500922], [21.666759, 3.502753], [21.620372, 3.480902], [21.574392, 3.490424], [21.423025, 3.460761], [21.195079, 3.452908], [21.156505, 3.437038], [21.110362, 3.393134], [21.067393, 3.377997], [20.986013, 3.332302], [20.963064, 3.325873], [20.914724, 3.333279], [20.866222, 3.322455]]}}, {"type": "Feature", "properties": {"name": "Lua", "featurecla": "River", "scalerank": 8.0}, "geometry": {"type": "LineString", "coordinates": [[20.192556, 4.010688], [20.152761, 4.027208], [20.124929, 4.051459], [20.100352, 4.050564], [20.07781, 4.036729], [20.023123, 4.062812], [19.93336, 4.062934], [19.832449, 4.082465], [19.705984, 4.0633], [19.625418, 4.07335], [19.549083, 4.059394], [19.53655, 4.048122], [19.503917, 4.051703], [19.475597, 4.014228], [19.444021, 3.942694], [19.42213, 3.941596], [19.419851, 3.915351], [19.405935, 3.884304], [19.365733, 3.862331], [19.351248, 3.842231], [19.348074, 3.77143], [19.332937, 3.751247], [19.297537, 3.75019], [19.258718, 3.728949], [19.259695, 3.695665], [19.23821, 3.63585], [19.243663, 3.628689], [19.272716, 3.619574], [19.281505, 3.595811], [19.276541, 3.573594], [19.250662, 3.535346], [19.249766, 3.501776], [19.242931, 3.487372], [19.225515, 3.470771], [19.195486, 3.469428], [19.184011, 3.441433], [19.163503, 3.436347], [19.174734, 3.407294], [19.134532, 3.389512], [19.108165, 3.360419], [19.07838, 3.343858], [19.088064, 3.318061], [19.066824, 3.268378], [19.069347, 3.237169], [19.080984, 3.217108], [19.069347, 3.186713], [19.054373, 3.17654], [19.032725, 3.173611], [19.02825, 3.15001], [19.002371, 3.117377], [18.890391, 3.094428], [18.863536, 3.076483], [18.802745, 3.081366], [18.79005, 3.074652], [18.710867, 2.994412], [18.642345, 2.966905], [18.609304, 2.939521], [18.597179, 2.899482], [18.602306, 2.838487], [18.594737, 2.82099], [18.575857, 2.808458], [18.415701, 2.745632]]}}, {"type": "Feature", "properties": {"name": "Chinko", "featurecla": "River", "scalerank": 8.0}, "geometry": {"type": "LineString", "coordinates": [[24.48821, 7.796169], [24.487071, 7.767157], [24.501231, 7.695624], [24.499197, 7.629665], [24.50587, 7.60578], [24.542654, 7.53616], [24.565929, 7.507392], [24.594249, 7.485134], [24.554942, 7.419989], [24.511485, 7.307807], [24.516043, 7.265001], [24.551768, 7.214179], [24.557058, 7.187934], [24.55364, 7.13227], [24.541759, 7.088935], [24.554373, 7.041775], [24.540782, 7.014228], [24.516856, 7.010565], [24.488455, 6.976345], [24.403005, 6.973415], [24.363048, 6.964789], [24.326671, 6.92654], [24.326182, 6.909491], [24.343191, 6.883328], [24.329275, 6.867743], [24.319347, 6.835273], [24.291189, 6.820095], [24.286143, 6.808865], [24.306814, 6.778144], [24.299571, 6.770128], [24.27296, 6.767361], [24.259207, 6.74018], [24.254812, 6.712185], [24.257823, 6.628852], [24.244151, 6.596015], [24.249766, 6.501736], [24.232921, 6.459296], [24.213878, 6.378201], [24.187429, 6.361436], [24.181082, 6.348741], [24.185802, 6.319525], [24.228282, 6.265448], [24.224539, 6.244249], [24.230968, 6.225898], [24.226817, 6.21894], [24.206554, 6.212429], [24.207205, 6.198432], [24.229503, 6.168036], [24.228445, 6.145697], [24.212901, 6.100043], [24.215994, 6.080512], [24.23821, 6.083035], [24.251638, 6.069403], [24.253591, 6.0338], [24.24114, 5.986762], [24.267263, 5.958197], [24.24879, 5.937283], [24.262625, 5.914171], [24.303722, 5.888251], [24.237966, 5.848985], [24.225841, 5.83161], [24.231375, 5.810329], [24.249522, 5.788642], [24.285574, 5.754177], [24.301524, 5.746894], [24.286143, 5.738105], [24.29363, 5.693915], [24.333914, 5.64171], [24.330577, 5.628038], [24.305837, 5.610948], [24.300304, 5.598497], [24.309011, 5.549587], [24.294932, 5.528876], [24.259288, 5.530626], [24.233328, 5.514106], [24.2317, 5.495958], [24.24171, 5.460883], [24.234874, 5.433865], [24.217784, 5.432196], [24.207286, 5.414984], [24.214122, 5.413642], [24.213145, 5.401394], [24.200938, 5.390163], [24.186453, 5.382351], [24.161143, 5.381863], [24.141368, 5.368435], [24.121593, 5.316352], [23.990733, 5.118354], [23.970388, 5.069648], [23.937429, 5.042751], [23.923269, 4.982856], [23.893809, 4.960639], [23.872569, 4.929999], [23.868419, 4.896999], [23.887218, 4.823676]]}}, {"type": "Feature", "properties": {"name": "Lobaye", "featurecla": "River", "scalerank": 8.0}, "geometry": {"type": "LineString", "coordinates": [[15.596446, 5.970974], [15.633311, 5.945502], [15.68336, 5.897162], [15.78533, 5.86168], [15.809988, 5.786566], [16.011729, 5.632432], [16.039236, 5.622423], [16.069347, 5.574327], [16.128835, 5.534613], [16.218516, 5.441962], [16.24822, 5.432318], [16.281668, 5.395575], [16.312999, 5.376573], [16.466807, 5.320583], [16.524832, 5.282497], [16.542247, 5.244737], [16.592052, 5.198554], [16.627452, 5.182156], [16.659597, 5.122504], [16.68629, 5.100775], [16.724864, 5.043647], [16.761404, 5.026231], [16.786062, 4.972683], [16.799571, 4.953966], [16.821462, 4.940863], [16.830333, 4.902777], [16.833263, 4.718044], [16.853933, 4.662421], [16.934093, 4.514024], [16.966075, 4.497829], [16.984141, 4.480414], [17.021983, 4.395616], [17.042003, 4.371405], [17.073253, 4.361518], [17.090343, 4.327338], [17.112315, 4.303982], [17.19337, 4.237372], [17.220714, 4.190212], [17.306651, 4.107286], [17.323741, 4.059882], [17.400645, 3.994696], [17.420339, 3.944281], [17.438487, 3.917182], [17.474539, 3.882351], [17.461843, 3.865912], [17.473318, 3.843044], [17.467703, 3.827094], [17.495779, 3.813422], [17.49879, 3.786444], [17.513194, 3.768988], [17.563243, 3.750759], [17.60377, 3.772488], [17.639089, 3.750759], [17.679942, 3.737494], [17.698741, 3.741075], [17.707449, 3.758165], [17.729747, 3.754828], [17.789317, 3.77497], [17.817312, 3.772488], [17.825369, 3.785264], [17.835867, 3.788926], [17.848888, 3.784369], [17.8921, 3.747504], [17.945974, 3.728095], [17.957774, 3.685858], [17.995046, 3.664578], [18.008962, 3.640896], [18.033376, 3.664089], [18.042166, 3.648383], [18.067638, 3.655137], [18.132091, 3.628241], [18.164724, 3.635932], [18.220632, 3.627875], [18.242686, 3.632758], [18.282725, 3.662624], [18.300222, 3.651557], [18.316905, 3.662624], [18.337901, 3.648301], [18.343191, 3.66295], [18.416515, 3.655544], [18.502452, 3.676296], [18.529796, 3.696112], [18.598643, 3.676296]]}}, {"type": "Feature", "properties": {"name": "Dja", "featurecla": "River", "scalerank": 8.0}, "geometry": {"type": "MultiLineString", "coordinates": [[[14.0, 2.8585635716036326], [14.093191, 2.830593], [14.09962, 2.808214], [14.09669, 2.724148], [14.112071, 2.676785], [14.121349, 2.667426], [14.126964, 2.634711], [14.174571, 2.553168], [14.179373, 2.534776], [14.179373, 2.494167], [14.158214, 2.463446], [14.162039, 2.439765], [14.179373, 2.422431], [14.166026, 2.411811], [14.206309, 2.385932], [14.226003, 2.357611], [14.273692, 2.346137], [14.2942, 2.363471], [14.325206, 2.377794], [14.333507, 2.37877], [14.366466, 2.353583], [14.378917, 2.358832], [14.374685, 2.38703], [14.383556, 2.400702], [14.404714, 2.406765], [14.412527, 2.395453], [14.417654, 2.359809], [14.437755, 2.365058], [14.445567, 2.359809], [14.438162, 2.353583], [14.465343, 2.342312], [14.47462, 2.270128], [14.483165, 2.264228], [14.530284, 2.258572], [14.553884, 2.245958], [14.553884, 2.236884], [14.541759, 2.230658], [14.552013, 2.216254], [14.569102, 2.20893]], [[15.254491834231805, 2.0], [15.233328, 2.03144], [15.212169, 2.03974], [15.183279, 2.029486], [15.151134, 2.041124], [15.138113, 2.011664], [15.117198, 2.017157], [15.106123830575495, 2.0]], [[15.02206446791175, 2.0], [14.980235, 2.033271], [14.97047, 2.034532], [14.962576, 2.010565], [14.95338, 2.005927], [14.892019, 2.006537], [14.906912, 2.059027], [14.887218, 2.072374], [14.856456, 2.116075], [14.84962, 2.109931], [14.847667, 2.085313], [14.84075, 2.076036], [14.764334, 2.065538], [14.760916, 2.099718], [14.726817, 2.099718], [14.747244, 2.113349], [14.720388, 2.127753], [14.713145, 2.124132], [14.719981, 2.099718], [14.671641, 2.134467], [14.645437, 2.13349], [14.635916, 2.138495], [14.644216, 2.154364], [14.620372, 2.164984], [14.587413, 2.20185], [14.561778, 2.20893]]]}}, {"type": "Feature", "properties": {"name": "Uele", "featurecla": "River", "scalerank": 3.0}, "geometry": {"type": "LineString", "coordinates": [[28.585948, 3.595771], [28.566905, 3.61046], [28.377452, 3.664659], [28.357351, 3.662869], [28.341726, 3.65119], [28.326264, 3.616319], [28.304698, 3.607123], [28.260997, 3.607367], [28.247651, 3.620429], [28.215831, 3.679714], [28.171804, 3.723904], [28.157237, 3.731513], [28.092377, 3.72545], [28.049734, 3.745673], [28.030203, 3.739285], [27.973237, 3.700995], [27.865977, 3.692572], [27.801524, 3.65644], [27.763927, 3.644314], [27.726003, 3.641181], [27.638194, 3.669053], [27.491954, 3.642646], [27.455577, 3.658881], [27.446218, 3.690253], [27.434174, 3.706895], [27.374522, 3.740424], [27.332286, 3.745225], [27.325287, 3.785712], [27.302989, 3.825222], [27.268565, 3.851182], [27.248546, 3.856798], [27.232677, 3.853339], [27.226166, 3.837022], [27.176036, 3.845486], [27.164154, 3.83393], [27.177745, 3.79914], [27.185639, 3.653266], [27.179861, 3.638373], [27.165131, 3.630316], [27.121837, 3.624091], [27.065929, 3.56745], [27.061127, 3.558946], [27.069753, 3.524278], [27.056407, 3.506944], [27.044932, 3.506049], [27.013276, 3.539089], [26.990733, 3.545111], [26.905528, 3.527208], [26.842052, 3.50495], [26.816335, 3.538764], [26.801036, 3.576972], [26.807872, 3.617947], [26.793549, 3.655137], [26.813731, 3.780544], [26.807872, 3.819648], [26.760834, 3.845526], [26.753184, 3.857489], [26.739675, 3.920111], [26.711681, 3.964219], [26.725678, 3.981716], [26.716807, 3.996283], [26.691173, 4.008368], [26.681733, 4.005194], [26.63616, 4.017524], [26.619151, 4.015448], [26.495616, 3.912421], [26.458425, 3.874864], [26.449636, 3.856716], [26.437592, 3.851508], [26.38974, 3.775824], [26.344005, 3.770209], [26.31837, 3.754828], [26.293712, 3.729193], [26.257904, 3.72016], [26.232921, 3.697048], [26.221283, 3.6612], [26.211355, 3.655137], [26.188731, 3.650214], [26.160248, 3.660997], [26.132904, 3.648301], [26.059825, 3.670437], [26.045828, 3.678046], [26.035655, 3.712836], [26.024343, 3.720323], [25.918875, 3.711005], [25.880138, 3.700263], [25.855072, 3.676296], [25.840912, 3.558173], [25.814138, 3.532294], [25.794688, 3.525417], [25.773041, 3.525417], [25.756114, 3.552761], [25.715261, 3.568874], [25.704356, 3.586859], [25.663259, 3.594265], [25.624766, 3.583279], [25.485606, 3.520819], [25.460948, 3.51793], [25.419688, 3.539089], [25.293386, 3.508368], [25.287364, 3.527533], [25.27296, 3.53559], [25.254975, 3.534247], [25.23878, 3.525417], [25.195242, 3.464423], [25.164806, 3.452216], [25.138276, 3.421983], [25.107839, 3.429796], [25.043712, 3.430365], [25.033295, 3.426093], [25.018321, 3.405788], [24.994721, 3.395087], [24.977306, 3.407294], [24.963796, 3.470811], [24.93336, 3.484442], [24.780203, 3.501247], [24.704356, 3.463324], [24.638601, 3.499376], [24.576427, 3.472683], [24.554128, 3.474311], [24.5324, 3.484442], [24.481212, 3.532294], [24.361095, 3.558946], [24.320974, 3.586737], [24.216075, 3.693142], [24.183604, 3.70954], [24.135265, 3.709784], [24.105724, 3.70246], [24.0678, 3.715644], [23.97755, 3.724066], [23.9546, 3.71662], [23.920095, 3.694037], [23.898692, 3.689276], [23.774343, 3.708116], [23.757742, 3.718451], [23.746593, 3.764512], [23.734793, 3.776313], [23.697032, 3.792304], [23.60963, 3.85517], [23.566091, 3.860622], [23.54835, 3.856635], [23.511974, 3.827094], [23.492442, 3.820258], [23.47047, 3.819648], [23.408214, 3.837429], [23.350597, 3.813422], [23.333669, 3.824978], [23.272472, 3.839301], [23.241873, 3.862738], [23.21575, 3.871202], [23.204031, 3.885321], [23.170177, 3.889472], [23.148936, 3.902167], [23.118337, 3.890408], [23.072276, 3.885443], [23.039073, 3.860622], [22.98585, 3.889106], [22.97698, 3.878607], [22.908702, 3.854356], [22.8296, 3.868028], [22.774343, 3.836249], [22.750418, 3.83393], [22.678722, 3.874864], [22.661632, 3.898464], [22.626882, 3.909003], [22.598074, 3.927273], [22.580089, 3.974962], [22.531993, 4.004584], [22.520193, 4.078396], [22.511485, 4.100775], [22.494884, 4.117377], [22.473074, 4.127753], [22.42213, 4.134955], [22.302745, 4.128933], [22.206798, 4.150499], [22.151134, 4.179633], [22.127208, 4.203233], [22.057302, 4.219753], [22.000987, 4.244818], [21.949392, 4.233669], [21.891124, 4.237372], [21.867117, 4.241726], [21.819347, 4.272081], [21.770518, 4.273627], [21.757986, 4.285753], [21.736827, 4.293565], [21.650645, 4.295844], [21.633556, 4.294379], [21.537608, 4.244818], [21.496593, 4.251654], [21.472667, 4.269477], [21.397146, 4.271796], [21.374278, 4.278347], [21.287771, 4.333564], [21.257823, 4.326199], [21.231944, 4.29796], [21.21046, 4.291775], [21.195323, 4.303087], [21.157644, 4.31037], [21.149587, 4.326931], [21.113048, 4.34101], [21.075613, 4.395616], [20.963064, 4.433905], [20.87086, 4.453559], [20.831798, 4.450873], [20.79127, 4.426337], [20.767345, 4.422919], [20.687918, 4.422919], [20.60255, 4.409939], [20.579763, 4.415147], [20.451671, 4.529079], [20.44158, 4.550645], [20.462576, 4.601101], [20.455984, 4.621649], [20.420095, 4.662462], [20.394949, 4.677314], [20.37322, 4.724636], [20.33839, 4.77204], [20.236013, 4.806505], [20.171153, 4.878526], [20.085867, 4.916368], [20.003347, 4.974636], [19.890391, 5.002265], [19.84962, 5.07392], [19.824148, 5.097113], [19.728282, 5.133979], [19.604991, 5.138454], [19.568289, 5.155341], [19.516612, 5.136094], [19.431082, 5.136094], [19.408376, 5.130561], [19.372569, 5.087714], [19.283376, 5.032497], [19.236501, 5.010932], [19.195079, 4.950507], [19.132498, 4.947089], [19.115652, 4.940619], [19.068533, 4.891425], [19.04363, 4.827012], [19.019298, 4.803494], [19.01116, 4.765204], [18.961843, 4.724636], [18.927501, 4.666571], [18.89739, 4.650824], [18.885997, 4.621609], [18.85198, 4.594265], [18.82781, 4.560126], [18.776378, 4.433621], [18.752859, 4.400824], [18.72047, 4.377509], [18.673757, 4.361518], [18.633474, 4.356147], [18.575938, 4.372911], [18.556326, 4.354315], [18.536632, 4.30622], [18.544607, 4.28913], [18.572195, 4.265896], [18.619151, 4.169745], [18.632335, 4.130561], [18.646007, 4.046169], [18.641124, 3.958441], [18.613048, 3.901679], [18.612315, 3.83393], [18.59254, 3.709906], [18.59669, 3.678656]]}}, {"type": "Feature", "properties": {"name": "Talkeh", "featurecla": "River", "scalerank": 8.0}, "geometry": {"type": "LineString", "coordinates": [[45.755626, 37.72724], [45.803396, 37.794623], [45.837169, 37.828884], [45.882498, 37.843329], [45.923269, 37.845649], [45.934337, 37.857489], [45.933686, 37.884223], [45.907481, 37.917914], [45.914154, 37.932196], [45.969656, 37.948594], [45.996349, 37.97252], [46.084402, 38.016303], [46.112885, 38.055121], [46.129324, 38.066474], [46.170177, 38.076199], [46.197846, 38.093614], [46.235444, 38.103949], [46.256928, 38.13113], [46.281668, 38.128852], [46.318289, 38.094794], [46.342865, 38.086046], [46.435802, 38.125067], [46.543386, 38.142686], [46.584402, 38.156277], [46.779796, 38.151801], [46.810802, 38.172227], [46.877859, 38.164578], [46.927419, 38.172227], [46.946788, 38.163682], [46.975841, 38.103949], [47.002859, 38.074083], [47.092459, 38.061062], [47.132335, 38.042548], [47.126069, 38.042548], [47.190929, 37.994086], [47.248057, 37.982001], [47.310802, 37.935899], [47.344819, 37.929511], [47.364675, 37.915391], [47.414073, 37.898546], [47.427338, 37.902615], [47.468761, 37.878038], [47.520763, 37.879584], [47.539561, 37.893988], [47.642589, 37.919379], [47.743663, 37.983913], [47.797293, 38.053249], [47.780528, 38.087917], [47.765147, 38.1435]]}}, {"type": "Feature", "properties": {"name": "Abay", "featurecla": "River", "scalerank": 3.0}, "geometry": {"type": "LineString", "coordinates": [[37.386729, 11.633979], [37.388764, 11.570176], [37.3956, 11.549831], [37.41627, 11.547919], [37.445893, 11.533311], [37.473155, 11.534206], [37.501475, 11.51793], [37.614675, 11.488227], [37.65504, 11.436713], [37.662608, 11.407579], [37.681082, 11.378607], [37.743582, 11.312771], [37.785818, 11.275946], [37.816905, 11.269232], [37.840261, 11.256659], [37.871349, 11.224148], [37.91155, 11.218817], [37.930105, 11.207099], [37.975352, 11.207221], [38.023204, 11.179796], [38.104747, 11.159613], [38.131928, 11.166083], [38.196869, 11.151801], [38.218679, 11.16531], [38.295421, 11.150458], [38.327159, 11.131944], [38.37558, 11.090399], [38.434337, 11.089789], [38.481863, 11.025824], [38.488862, 11.013495], [38.496023, 10.948757], [38.519054, 10.905788], [38.505382, 10.830919], [38.524425, 10.791531], [38.52589, 10.775702], [38.512218, 10.747748], [38.51116, 10.680609], [38.475352, 10.623969], [38.471283, 10.607489], [38.470632, 10.513983], [38.488862, 10.477078], [38.47934, 10.449001], [38.489268, 10.386176], [38.497976, 10.370958], [38.482921, 10.353787], [38.456309, 10.245876], [38.450125, 10.234442], [38.426362, 10.217841], [38.435069, 10.172553], [38.418712, 10.142117], [38.371023, 10.126899], [38.311534, 10.134304], [38.246186, 10.116523], [38.234467, 10.107001], [38.225352, 10.085232], [38.192312, 10.055447], [38.123057, 10.03559], [37.981212, 9.969591], [37.934825, 9.936957], [37.897553, 9.930447], [37.866954, 9.898627], [37.79599, 9.859402], [37.762136, 9.861762], [37.718761, 9.843695], [37.702891, 9.842841], [37.609304, 9.911892], [37.545421, 9.996161], [37.531342, 10.0067], [37.435964, 10.048407], [37.367686, 10.062567], [37.352794, 10.057156], [37.34433, 10.029853], [37.333507, 10.018419], [37.314708, 10.021837], [37.303152, 10.039252], [37.297455, 10.084499], [37.289154, 10.094591], [37.256847, 10.106065], [37.219493, 10.104844], [37.186046, 10.134548], [37.172944, 10.16828], [37.199636, 10.227078], [37.1963, 10.25434], [37.181082, 10.261542], [37.11378, 10.261746], [37.07545, 10.279364], [37.046153, 10.302761], [36.90211, 10.330024], [36.840912, 10.348944], [36.783783, 10.354438], [36.756765, 10.376654], [36.714447, 10.369656], [36.554291, 10.37934], [36.534434, 10.386664], [36.520925, 10.405951], [36.522065, 10.458279], [36.511729, 10.472846], [36.500418, 10.477159], [36.432709, 10.446397], [36.427013, 10.388983], [36.393321, 10.373806], [36.373464, 10.35338], [36.341401, 10.295193], [36.33839, 10.232774], [36.313569, 10.207587], [36.282807, 10.160956], [36.226573, 10.137152], [36.138601, 10.151964], [36.091319, 10.136501], [36.044932, 10.150417], [36.015066, 10.132595], [35.995697, 10.139594], [35.979421, 10.137641], [35.963634, 10.131171], [35.928722, 10.093533], [35.911225, 10.044949], [35.88974, 10.031073], [35.840017, 10.021552], [35.819021, 10.02615], [35.795909, 10.044704], [35.747488, 10.054755], [35.727631, 10.048936], [35.723888, 10.028428], [35.736827, 9.984402], [35.720225, 9.972602], [35.670421, 9.963202], [35.640554, 10.006619], [35.590017, 10.032742], [35.505951, 10.089871], [35.49586, 10.10696], [35.441661, 10.130805], [35.408132, 10.110297], [35.367198, 10.130805], [35.350841, 10.149115]]}}, {"type": "Feature", "properties": {"name": "Byk Menderes", "featurecla": "River", "scalerank": 8.0}, "geometry": {"type": "MultiLineString", "coordinates": [[[30.480398, 38.35871], [30.481049, 38.285509], [30.434825, 38.215196], [30.417247, 38.204454], [30.355479, 38.194037], [30.31837, 38.159288], [30.292735, 38.146104], [30.23821, 38.134833], [30.223074, 38.103135], [30.163585, 38.084988], [30.094493, 38.127061], [30.041026, 38.197048], [29.967784, 38.195421], [29.932872, 38.2178], [29.899913, 38.228705], [29.843028, 38.236192], [29.783621, 38.228054], [29.716563, 38.204128], [29.688894, 38.207831], [29.651378, 38.178656], [29.586192, 38.146267], [29.557221, 38.115261], [29.483897, 38.076199], [29.457774, 38.069648], [29.438243, 38.081488], [29.429291, 38.105292], [29.425548, 38.150824], [29.410167, 38.176866], [29.391124, 38.196723], [29.348237, 38.219835], [29.336029, 38.218044], [29.311941, 38.231309], [29.252208, 38.212185], [29.223562, 38.213202], [29.198253, 38.159003], [29.182058, 38.150458], [29.08839, 38.15058], [29.069021, 38.14411], [29.058604, 38.12995], [29.011811, 38.103583], [28.990245, 38.084052], [28.957042, 38.025824], [28.954356, 37.994412], [28.962657, 37.967475], [28.944591, 37.955146], [28.898692, 37.945665], [28.785818, 37.966376], [28.739513, 37.966905], [28.689708, 37.955349], [28.630951, 37.91706], [28.383556, 37.887071], [28.284597, 37.898871], [28.186697, 37.873725], [28.148855, 37.855902], [28.116791, 37.870876], [28.02239, 37.857937], [27.952891, 37.86168], [27.921153, 37.851426], [27.901134, 37.831855], [27.823171, 37.791856], [27.789643, 37.783393], [27.659679, 37.81037], [27.649099, 37.807563], [27.636485, 37.788682], [27.609874, 37.802314], [27.615977, 37.809149], [27.55128, 37.802191], [27.534109, 37.796169], [27.534109, 37.788682], [27.551199, 37.782416], [27.486339, 37.774441], [27.485769, 37.722113], [27.475515, 37.708116], [27.480072, 37.699286], [27.46575, 37.686306], [27.472667, 37.678819], [27.46575, 37.678819], [27.46575, 37.672634], [27.480479, 37.666531], [27.486095, 37.65705], [27.486339, 37.634467], [27.424815, 37.617377], [27.424815, 37.610541], [27.444753, 37.604315], [27.388194, 37.570665], [27.362804, 37.569607], [27.370209, 37.562771], [27.362804, 37.555935], [27.375987, 37.549384], [27.371837, 37.544867], [27.34905, 37.541612], [27.30071, 37.555935], [27.25294, 37.535468], [27.239187, 37.549099], [27.212169, 37.538438], [27.182058, 37.548774]], [[27.28004, 37.545356], [27.27825, 37.53323], [27.211925, 37.51496], [27.218761, 37.508124], [27.199718, 37.498969], [27.190847, 37.48017]]]}}, {"type": "Feature", "properties": {"name": "Haliacmon", "featurecla": "River", "scalerank": 8.0}, "geometry": {"type": "LineString", "coordinates": [[20.821951, 40.370144], [20.868093, 40.428575], [20.86671, 40.440863], [20.901378, 40.461371], [20.997976, 40.408311], [21.050059, 40.401557], [21.099376, 40.427273], [21.158702, 40.492499], [21.226085, 40.502305], [21.242931, 40.473741], [21.257091, 40.468207], [21.250255, 40.447699], [21.280447, 40.437364], [21.304942, 40.420437], [21.304942, 40.427273], [21.332774, 40.413601], [21.339041, 40.420437], [21.351329, 40.406358], [21.366954, 40.399929], [21.362071, 40.386664], [21.366954, 40.372016], [21.388927, 40.373114], [21.401052, 40.358954], [21.406016, 40.340399], [21.489757, 40.262152], [21.476085, 40.249091], [21.484141, 40.230577], [21.503429, 40.235419], [21.529307, 40.211005], [21.530772, 40.194444], [21.544444, 40.20071], [21.558116, 40.180203], [21.558116, 40.159735], [21.535167, 40.155626], [21.537608, 40.139228], [21.503429, 40.132392], [21.523204, 40.102607], [21.537608, 40.098253], [21.530772, 40.084581], [21.562266, 40.056098], [21.582042, 40.00434], [21.624441, 39.980048], [21.6338, 39.961046], [21.640636, 39.967882], [21.65089, 39.962714], [21.674815, 39.974718], [21.724864, 39.969794], [21.798595, 39.995917], [21.815196, 40.018826], [21.791515, 40.081163], [21.796153, 40.0987], [21.840505, 40.111884], [21.849783, 40.139228], [21.890798, 40.164374], [21.93336, 40.222195], [22.059011, 40.293484], [22.099376, 40.303738], [22.113699, 40.337836], [22.142996, 40.349189], [22.153738, 40.370632], [22.195567, 40.399929], [22.235118, 40.475287], [22.271251, 40.509141], [22.321544, 40.529975], [22.345144, 40.553656], [22.392833, 40.565375], [22.426036, 40.587022], [22.466482, 40.591742], [22.488943, 40.586493], [22.538829, 40.550727], [22.599294, 40.548407], [22.61321, 40.521999], [22.654959, 40.481879]]}}, {"type": "Feature", "properties": {"name": "Mures", "featurecla": "River", "scalerank": 8.0}, "geometry": {"type": "LineString", "coordinates": [[25.672862, 46.635362], [25.614513, 46.639675], [25.516612, 46.670111], [25.473725, 46.693142], [25.456635, 46.709337], [25.446707, 46.730292], [25.446788, 46.750515], [25.466401, 46.808905], [25.461029, 46.853949], [25.439871, 46.885199], [25.407156, 46.90587], [25.176362, 46.967637], [25.066661, 46.964423], [25.000011, 46.984687], [24.958018, 46.98489], [24.915457, 46.971259], [24.818614, 46.912421], [24.759288, 46.834988], [24.707286, 46.785956], [24.611501, 46.634589], [24.544607, 46.560614], [24.4546, 46.506456], [24.355154, 46.473334], [24.26002, 46.462348], [24.198253, 46.482367], [24.158376, 46.487738], [24.143728, 46.482204], [24.126882, 46.455634], [24.111095, 46.453681], [24.112966, 46.469184], [24.107595, 46.477078], [24.090831, 46.481228], [24.064138, 46.465399], [24.048757, 46.448065], [24.030772, 46.460069], [23.990652, 46.431586], [23.740001, 46.36225], [23.730968, 46.354315], [23.753184, 46.328559], [23.74879, 46.308376], [23.721934, 46.274726], [23.713878, 46.254747], [23.729991, 46.240831], [23.695323, 46.139228], [23.678152, 46.122341], [23.648855, 46.113389], [23.586925, 46.03913], [23.525157, 46.020087], [23.493337, 46.022406], [23.438162, 46.003363], [23.376964, 45.96308], [23.352957, 45.968695], [23.319591, 45.96308], [23.245128, 45.934638], [23.208018, 45.905219], [23.160574, 45.895941], [23.090831, 45.868964], [23.064464, 45.870795], [22.984548, 45.909695], [22.870046, 45.944648], [22.764171, 45.940212], [22.649099, 45.954169], [22.520763, 45.953152], [22.468191, 45.974189], [22.416677, 46.017279], [22.395763, 46.022284], [22.308849, 46.016954], [22.24464, 46.025987], [22.202647, 46.017524], [22.12086, 46.019802], [22.065684, 46.051825], [22.016043, 46.102322], [21.986095, 46.110948], [21.785167, 46.108181], [21.740896, 46.119696], [21.677013, 46.10456], [21.506358, 46.148871], [21.397716, 46.153632], [21.339041, 46.194119], [21.31837, 46.197211], [21.167003, 46.165066], [21.114024, 46.162624], [21.026296, 46.171576], [21.000173, 46.166815], [20.929617, 46.097195], [20.902843, 46.083848], [20.873953, 46.080837], [20.818614, 46.096503], [20.772146, 46.136786], [20.753103, 46.141913], [20.60255, 46.141791], [20.401866, 46.214464], [20.313731, 46.235419], [20.208507, 46.238837], [20.180675, 46.259345]]}}, {"type": "Feature", "properties": {"name": "Drina", "featurecla": "River", "scalerank": 8.0}, "geometry": {"type": "LineString", "coordinates": [[19.358897, 44.90115], [19.372325, 44.881659], [19.37615, 44.863308], [19.363292, 44.854844], [19.327891, 44.734198], [19.317556, 44.715684], [19.27711, 44.685126], [19.255138, 44.645941], [19.208263, 44.58865], [19.187755, 44.576361], [19.184744, 44.546454], [19.172618, 44.531765], [19.129405, 44.518581], [19.12672, 44.502794], [19.142833, 44.458441], [19.140798, 44.431098], [19.115245, 44.403835], [19.1067, 44.382921], [19.108409, 44.363837], [19.138357, 44.309516], [19.156505, 44.293809], [19.248953, 44.271023], [19.307058, 44.274482], [19.341075, 44.246121], [19.361827, 44.191474], [19.441905, 44.1435], [19.465261, 44.153103], [19.473643, 44.145128], [19.475841, 44.127265], [19.521495, 44.085273], [19.553966, 44.071479], [19.579763, 44.051785], [19.598399, 44.062812], [19.61085, 44.054796], [19.618419, 44.035956], [19.609793, 44.019477], [19.592784, 44.005805], [19.528087, 43.977484], [19.446544, 43.980048], [19.364187, 43.973578], [19.286876, 44.013251], [19.242931, 44.002265], [19.237559, 43.992784], [19.240164, 43.96601], [19.203136, 43.946234], [19.202403, 43.933661], [19.217459, 43.907538], [19.214529, 43.862494], [19.224783, 43.846951], [19.271169, 43.810248], [19.28297, 43.778632], [19.27532, 43.766669], [19.203136, 43.748236], [19.188243, 43.738105], [19.159597, 43.696112], [19.145518, 43.685981], [18.997569, 43.676703], [18.981619, 43.664496], [18.958995, 43.626817], [18.892589, 43.628282], [18.86378, 43.619208], [18.812999, 43.579291], [18.76588, 43.499579], [18.746023, 43.486355], [18.745372, 43.475898], [18.752371, 43.449774], [18.795584, 43.379584], [18.813975, 43.362331], [18.839285, 43.34809], [18.898611, 43.352118], [18.949718, 43.333319], [18.956798, 43.326117], [18.958995, 43.303738], [18.996349, 43.260281], [19.017833, 43.241523], [19.045177, 43.229519], [19.190603, 43.209011], [19.363943, 43.112128], [19.374766, 43.097235], [19.38795, 43.047146], [19.433035, 43.015692], [19.562755, 42.966579], [19.57366, 42.927436], [19.542898, 42.892646], [19.517996, 42.834337], [19.516287, 42.815619], [19.524343, 42.79328], [19.544932, 42.76557], [19.538503, 42.749376]]}}, {"type": "Feature", "properties": {"name": "Harirud", "featurecla": "River", "scalerank": 8.0}, "geometry": {"type": "LineString", "coordinates": [[66.611908, 34.62995], [66.498464, 34.615749], [66.47169, 34.62995], [66.430756, 34.623847], [66.408214, 34.632107], [66.37086, 34.670437], [66.232432, 34.664008], [66.12851, 34.636827], [66.056733, 34.602078], [65.926687, 34.599473], [65.785818, 34.554267], [65.763927, 34.561591], [65.740489, 34.560818], [65.658946, 34.540635], [65.647472, 34.543809], [65.628184, 34.568549], [65.583995, 34.575385], [65.495128, 34.540107], [65.450125, 34.5338], [65.322765, 34.549343], [65.077647, 34.518256], [65.052175, 34.505886], [65.058849, 34.488227], [65.045502, 34.480536], [64.858897, 34.463935], [64.783702, 34.437852], [64.737397, 34.430772], [64.566173, 34.430772], [64.521414, 34.408962], [64.421153, 34.407904], [64.358897, 34.393337], [64.270763, 34.387885], [64.237315, 34.376166], [64.189464, 34.382351], [64.163097, 34.371039], [63.954845, 34.353787], [63.922944, 34.363064], [63.893484, 34.348822], [63.802175, 34.341376], [63.754405, 34.348822], [63.717052, 34.341498], [63.613373, 34.348822], [63.575857, 34.362494], [63.538259, 34.362494], [63.403412, 34.389838], [63.277924, 34.383816], [63.204519, 34.402777], [63.183116, 34.398139], [63.117605, 34.35517], [63.038097, 34.320909], [62.978933, 34.285671], [62.943126, 34.277126], [62.894054, 34.252631], [62.866628, 34.251492], [62.822765, 34.268419], [62.626964, 34.299384], [62.417247, 34.291287], [62.35963, 34.273057], [62.307872, 34.270535], [62.257091, 34.274115], [62.209727, 34.285753], [62.167979, 34.307888], [62.131114, 34.294257], [62.083995, 34.29446], [62.003429, 34.314073], [61.948985, 34.356635], [61.931082, 34.362494], [61.821218, 34.377387], [61.72934, 34.378445], [61.535085, 34.4171], [61.431733, 34.462592], [61.379649, 34.505886], [61.362885, 34.536322], [61.344737, 34.543972], [61.330577, 34.568549], [61.271007, 34.589667], [61.254405, 34.625922], [61.196381, 34.646999], [61.119721, 34.685411], [61.10019, 34.756049], [61.064952, 34.815009], [61.077403, 34.883246], [61.074311, 34.933376], [61.091563, 34.961737], [61.109467, 35.018744], [61.115326, 35.060126], [61.146658, 35.102362], [61.136241, 35.111396], [61.139415, 35.139919], [61.095795, 35.193427], [61.111908, 35.202257], [61.101085, 35.235622], [61.107921, 35.278266], [61.122325, 35.287909], [61.16741, 35.291612], [61.186615, 35.300605], [61.194591, 35.318386], [61.189952, 35.369818], [61.194591, 35.390326], [61.22698, 35.43476], [61.246593, 35.485297], [61.283376, 35.527452], [61.289561, 35.548367], [61.276541, 35.609442], [61.231375, 35.672146], [61.22877, 35.698798], [61.249278, 35.722724], [61.25587, 35.769721], [61.249278, 35.786933], [61.254975, 35.825629], [61.240652, 35.89411], [61.221283, 35.92475], [61.187918, 35.953803], [61.129405, 35.970771], [61.173595, 36.006659], [61.173595, 36.048285], [61.197765, 36.060981], [61.206716, 36.099718], [61.224213, 36.123887], [61.205007, 36.2213], [61.187266, 36.250596], [61.185069, 36.284206], [61.170665, 36.306667], [61.153087, 36.315212], [61.160574, 36.328884], [61.146088, 36.357489], [61.151947, 36.406521], [61.173595, 36.487128], [61.165701, 36.514024], [61.187266, 36.565294], [61.160574, 36.650946], [61.15325, 36.664578], [61.139415, 36.671454], [61.153087, 36.685126], [61.153087, 36.692572], [61.1338, 36.693874], [61.118907, 36.706163], [61.124766, 36.726996], [61.084727, 36.808621], [61.060313, 36.814236], [60.997976, 36.863389], [60.975597, 36.849555], [60.955089, 36.857001], [60.893565, 36.911648], [60.86907, 36.955878], [60.865733, 36.97309], [60.797374, 37.021511], [60.772878, 37.052191], [60.762299, 37.074327], [60.7706, 37.103542], [60.766368, 37.113552], [60.701182, 37.18537], [60.694347, 37.206488], [60.670421, 37.216742], [60.649669, 37.240017], [60.628835, 37.241034], [60.619233, 37.261746], [60.619233, 37.282172], [60.598155, 37.288398], [60.587006, 37.333075], [60.571788, 37.353095], [60.556733, 37.361884], [60.542735, 37.401435], [60.49171, 37.455675], [60.515636, 37.51496], [60.512299, 37.555284], [60.487641, 37.593451], [60.47877, 37.628119], [60.454682, 37.658311], [60.420502, 37.723944], [60.394949, 37.741319], [60.337901, 37.826239], [60.3296, 37.883653], [60.311453, 37.932685], [60.268158, 37.97252], [60.254893, 38.005561], [60.143891, 38.091173], [60.132498, 38.110867]]}}, {"type": "Feature", "properties": {"name": "Zarafshon", "featurecla": "River", "scalerank": 8.0}, "geometry": {"type": "LineString", "coordinates": [[70.0, 39.45357774479587], [69.961518, 39.44656], [69.853119, 39.471259], [69.765391, 39.477891], [69.381847, 39.429511], [68.928722, 39.423285], [68.8331, 39.388536], [68.685557, 39.411404], [68.654877, 39.402167], [68.654877, 39.409613], [68.566335, 39.409613], [68.528575, 39.43537], [68.504161, 39.471055], [68.485769, 39.463813], [68.442393, 39.472032], [68.312999, 39.457465], [68.214366, 39.478339], [68.161388, 39.480577], [68.127452, 39.457465], [68.108979, 39.468451], [68.0713, 39.4737], [68.045502, 39.491563], [68.03004, 39.493842], [67.979584, 39.491563], [67.956065, 39.498399], [67.929454, 39.484158], [67.905772, 39.485134], [67.825694, 39.505886], [67.780772, 39.532538], [67.737397, 39.525824], [67.723399, 39.532538], [67.716563, 39.525702], [67.676524, 39.536444], [67.587169, 39.516872], [67.544526, 39.518866], [67.492198, 39.535956], [67.428396, 39.54682], [67.397065, 39.567328], [67.356212, 39.574774], [67.27825, 39.607611], [67.124034, 39.645331], [67.083507, 39.673692], [67.060802, 39.680487], [67.013682, 39.726386], [66.982839, 39.742499], [66.937266, 39.790351], [66.8956, 39.810248], [66.872081, 39.854926], [66.83074, 39.87169], [66.800141, 39.892849], [66.785737, 39.926947], [66.691417, 39.950141], [66.656179, 39.967882], [66.587576, 39.976142], [66.552664, 39.994086], [66.477957, 39.995225], [66.23463, 40.043647], [66.104503, 40.052843], [65.878429, 40.015692], [65.835948, 40.022325], [65.792735, 40.043647], [65.771658, 40.038275], [65.733328, 40.057563], [65.692556, 40.068712], [65.648692, 40.111884], [65.553396, 40.167182], [65.447846, 40.190701], [65.425304, 40.188788], [65.389171, 40.169501], [65.336925, 40.165839], [65.257335, 40.178412], [65.024669, 40.190538], [64.915945, 40.161241], [64.845144, 40.159003], [64.829682, 40.149482], [64.782319, 40.075263], [64.750906, 40.04739], [64.61435, 39.995795], [64.576752, 39.97248], [64.557058, 39.969021], [64.500662, 39.976752], [64.445811, 39.971869], [64.435964, 39.95364], [64.387462, 39.933458], [64.333507, 39.892117], [64.316417, 39.826361], [64.254812, 39.77143], [64.203136, 39.755683], [64.189464, 39.735175], [64.168956, 39.735175], [64.118175, 39.709296], [64.082449, 39.682969], [64.008718, 39.648505], [63.969249, 39.638983], [63.928722, 39.584337], [63.832123, 39.535468], [63.831635, 39.516669], [63.85377, 39.474473], [63.91505, 39.407823], [63.907237, 39.355902], [63.927664, 39.317165], [63.915701, 39.290229], [63.887299, 39.268988], [63.761322, 39.213894], [63.697276, 39.201036], [63.686453, 39.189521], [63.668061, 39.10456]]}}, {"type": "Feature", "properties": {"featurecla": "River", "scalerank": 8.0}, "geometry": {"type": "LineString", "coordinates": [[47.63323, 30.68244], [47.663178, 30.620958], [47.677664, 30.603868], [47.76295, 30.573188]]}}, {"type": "Feature", "properties": {"name": "Bahr Aouk", "featurecla": "River", "scalerank": 8.0}, "geometry": {"type": "LineString", "coordinates": [[20.806163, 9.423529], [20.801443, 9.425727], [20.776134, 9.407986], [20.757498, 9.377265], [20.750011, 9.384711], [20.65447, 9.343126], [20.66741, 9.302191], [20.571788, 9.308417], [20.54127, 9.321804], [20.533132, 9.289822], [20.495616, 9.271064], [20.512625, 9.224066], [20.506602, 9.213446], [20.481212, 9.204861], [20.454845, 9.159491], [20.434744, 9.138292], [20.411876, 9.142198], [20.377859, 9.120225], [20.256521, 9.116563], [20.212169, 9.145128], [20.154063, 9.116563], [20.136974, 9.122016], [20.109141, 9.151394], [20.100515, 9.148261], [20.098888, 9.130886], [20.068126, 9.138292], [20.059988, 9.134589], [20.030528, 9.110419], [20.029796, 9.094062], [20.023692, 9.089911], [20.006358, 9.110419], [19.992442, 9.084744], [19.968516, 9.083075], [19.928152, 9.062771], [19.913829, 9.069403], [19.901622, 9.051947], [19.888927, 9.046495], [19.78419, 9.048936], [19.737722, 9.039496], [19.699474, 9.020779], [19.655772, 9.02143], [19.639578, 9.014187], [19.613048, 9.031846], [19.520763, 9.008979], [19.420421, 9.017605], [19.368907, 9.000556], [19.332774, 9.0067], [19.304373, 9.021023], [19.294932, 9.009711], [19.262706, 9.028428], [19.19158, 9.020331], [19.168224, 9.002387], [19.100108, 9.015448], [19.021414, 8.985419], [18.984141, 8.95661], [18.971446, 8.938422], [18.922293, 8.918402], [18.917247, 8.898993], [18.910085, 8.894395], [18.892263, 8.898139], [18.869151, 8.864325], [18.869314, 8.849636], [18.885997, 8.836046]]}}, {"type": "Feature", "properties": {"name": "Aras", "featurecla": "River", "scalerank": 8.0}, "geometry": {"type": "LineString", "coordinates": [[43.466563, 40.797797], [43.529307, 40.790351], [43.531261, 40.77265], [43.5442, 40.76557], [43.559093, 40.742499], [43.65211, 40.704657], [43.668549, 40.658759], [43.693777, 40.646918], [43.706635, 40.612169], [43.664236, 40.574286], [43.650971, 40.553656], [43.65211, 40.529608], [43.630951, 40.537055], [43.638438, 40.522773], [43.614838, 40.520616], [43.593272, 40.509223], [43.559093, 40.478095], [43.56308, 40.464911], [43.624766, 40.420437], [43.593761, 40.34573], [43.604015, 40.330024], [43.675548, 40.266181], [43.690929, 40.238837], [43.672537, 40.227973], [43.720876, 40.169623], [43.711355, 40.156684], [43.665945, 40.149197], [43.65211, 40.139228], [43.664968, 40.110378], [43.710704, 40.09101], [43.802257, 40.070909], [43.911632, 40.024522], [44.031993, 40.008857], [44.104015, 40.0362], [44.134939, 40.022528], [44.254812, 40.043647], [44.288585, 40.043647], [44.325287, 40.034857], [44.463878, 39.97252], [44.547455, 39.911689], [44.566987, 39.873318], [44.590587, 39.858018], [44.597667, 39.831244], [44.611095, 39.837592], [44.647227, 39.805365], [44.691498, 39.79328], [44.783702, 39.690497], [44.795421, 39.652655], [44.809174, 39.637152], [44.827403, 39.629014], [44.871837, 39.625312], [44.864838, 39.617865], [44.885997, 39.606147], [44.89796, 39.58454], [44.927989, 39.488471], [44.940196, 39.468288], [44.961029, 39.453966], [44.952891, 39.441921], [44.956635, 39.43476], [44.982026, 39.420356], [45.005951, 39.418158], [45.015147, 39.406195], [45.051199, 39.387071], [45.068126, 39.364447], [45.087413, 39.350938], [45.135346, 39.278754], [45.152354, 39.213813], [45.178396, 39.220079], [45.282644, 39.193305], [45.310557, 39.200751], [45.310557, 39.17654], [45.347748, 39.16413], [45.353445, 39.153388], [45.344737, 39.138699], [45.378917, 39.111396], [45.395925, 39.073513], [45.434093, 39.053046], [45.424815, 39.025906], [45.426687, 39.015163], [45.438243, 39.004462], [45.530528, 38.969509], [45.627371, 38.955756], [45.716401, 38.955024], [45.790701, 38.932318], [46.001475, 38.897732], [46.067475, 38.874335], [46.12558, 38.862901], [46.202078, 38.870714], [46.290701, 38.91413], [46.377859, 38.924994], [46.513601, 38.882392], [46.531749, 38.883246], [46.569347, 38.898017], [46.598725, 38.919949], [46.651785, 38.993191], [46.744395, 39.040473], [46.773204, 39.085639], [46.805593, 39.102607], [46.850515, 39.155829], [46.882416, 39.171698], [46.953298, 39.160915], [47.02003, 39.190212], [47.035655, 39.207302], [47.052419, 39.245185], [47.101736, 39.308661], [47.149669, 39.331366], [47.290701, 39.379828], [47.37379, 39.455756], [47.406505, 39.476996], [47.448253, 39.49494], [47.540619, 39.515448], [47.606537, 39.563829], [47.744884, 39.62405], [47.822683, 39.680609], [47.934825, 39.686713], [47.97519, 39.721503], [47.97877, 39.762519], [48.003022, 39.803412], [48.025808, 39.808539], [48.046967, 39.82571], [48.063569, 39.815945], [48.080658, 39.856065], [48.092377, 39.864936], [48.112885, 39.865546], [48.114268, 39.881171], [48.168956, 39.881293], [48.203054, 39.895209], [48.242768, 39.892849], [48.290538, 39.926947], [48.342052, 39.940009], [48.4345, 39.988389], [48.468761, 40.022528]]}}, {"type": "Feature", "properties": {"name": "Mongala", "featurecla": "River", "scalerank": 8.0}, "geometry": {"type": "LineString", "coordinates": [[20.866222, 3.322455], [20.820811, 3.292182], [20.823009, 3.269314], [20.815684, 3.260443], [20.745372, 3.210964], [20.727794, 3.190294], [20.716482, 3.164984], [20.70989, 3.088568], [20.702078, 3.06505], [20.711925, 2.975613], [20.742117, 2.870429], [20.76946, 2.832953], [20.78948, 2.830756], [20.791921, 2.768988], [20.817556, 2.723944], [20.887218, 2.63227], [20.901378, 2.583767], [20.897146, 2.562852], [20.872976, 2.518622], [20.858653, 2.503607], [20.81129, 2.477078], [20.789968, 2.44892], [20.756521, 2.429958], [20.706228, 2.436225], [20.667491, 2.427069], [20.656993, 2.438056], [20.642589, 2.439724], [20.525401, 2.407091], [20.500743, 2.408474], [20.463634, 2.431505], [20.37672, 2.428738], [20.287852, 2.413886], [20.267996, 2.419745], [20.16033, 2.360785], [20.115245, 2.347439], [20.100027, 2.33808], [20.096934, 2.291815], [20.048513, 2.261786], [20.032725, 2.2449], [20.020763, 2.205756], [19.956065, 2.152045], [19.933849, 2.070014], [19.89582407833164, 2.0]]}}, {"type": "Feature", "properties": {"name": "Komadugu Yobe", "featurecla": "Lake Centerline", "scalerank": 8.0}, "geometry": {"type": "LineString", "coordinates": [[14.0, 13.310938839957704], [14.036062, 13.287421], [14.178884, 13.236436], [14.308849, 13.171658]]}}, {"type": "Feature", "properties": {"name": "Shatt al Arab", "featurecla": "River", "scalerank": 3.0}, "geometry": {"type": "LineString", "coordinates": [[47.468516, 30.968451], [47.53712, 30.871853], [47.619558, 30.784857], [47.666515, 30.759711], [47.72877, 30.743842], [47.74171, 30.718817], [47.746837, 30.690741], [47.749522, 30.606513], [47.755626, 30.585313], [47.77003, 30.570136], [47.821381, 30.549831], [47.874278, 30.487576], [47.897553, 30.478461], [48.130056, 30.447699], [48.157237, 30.426459], [48.170014, 30.406928], [48.187266, 30.34101], [48.199718, 30.324083], [48.222585, 30.318305], [48.283783, 30.323513], [48.305268, 30.313056], [48.325613, 30.283718], [48.396495, 30.221218], [48.408295, 30.202582], [48.407725, 30.181098], [48.382823, 30.156684], [48.380626, 30.145575], [48.395112, 30.115424], [48.423595, 30.083848], [48.452566, 30.001654], [48.492605, 29.971951], [48.53183, 29.961208]]}}, {"type": "Feature", "properties": {"featurecla": "River", "scalerank": 9.0}, "geometry": {"type": "LineString", "coordinates": [[14.26116, 6.616645], [14.211111, 6.666693], [14.174571, 6.666693], [14.136729, 6.679877], [14.105642, 6.677802], [14.072276, 6.702745], [14.0, 6.6944394021802225]]}}, {"type": "Feature", "properties": {"name": "Murat", "featurecla": "Lake Centerline", "scalerank": 9.0}, "geometry": {"type": "LineString", "coordinates": [[39.861257, 38.684638], [39.817149, 38.643093], [39.780365, 38.636298], [39.737071, 38.640326], [39.688894, 38.663031], [39.646007, 38.656521], [39.586436, 38.66059], [39.528087, 38.655951], [39.499604, 38.668891], [39.480724, 38.727159], [39.476573, 38.766547], [39.428722, 38.782172], [39.397472, 38.777289], [39.370616, 38.801378], [39.307384, 38.823065], [39.248546, 38.857489], [39.205658, 38.858222], [39.003998, 38.896674], [38.919526, 38.891669], [38.812592, 38.875027]]}}, {"type": "Feature", "properties": {"name": "Murat", "featurecla": "River", "scalerank": 9.0}, "geometry": {"type": "LineString", "coordinates": [[43.583914, 39.412421], [43.638113, 39.480089], [43.679454, 39.515448], [43.669688, 39.549343], [43.636322, 39.574774], [43.562755, 39.604193], [43.40504, 39.625312], [43.366466, 39.649604], [43.336436, 39.655829], [43.312266, 39.673122], [43.267182, 39.666287], [43.228933, 39.671007], [43.117686, 39.707221], [43.051199, 39.710557], [43.000987, 39.638983], [42.973725, 39.645819], [42.968761, 39.639106], [42.973725, 39.625312], [42.956309, 39.607937], [42.928722, 39.598009], [42.92099, 39.576199], [42.911143, 39.56745], [42.851736, 39.542426], [42.76767, 39.528632], [42.726003, 39.515448], [42.696056, 39.492011], [42.658376, 39.439887], [42.634288, 39.433539], [42.574962, 39.377631], [42.538585, 39.294013], [42.534597, 39.266913], [42.54184, 39.248562], [42.53297, 39.215684], [42.534923, 39.193305], [42.523367, 39.161933], [42.402354, 39.164822], [42.376557, 39.159125], [42.353038, 39.16946], [42.252696, 39.158149], [42.212169, 39.165961], [42.195323, 39.160712], [42.165701, 39.165229], [42.107677, 39.127875], [42.048432, 39.120673], [42.010753, 39.090888], [41.979421, 39.090888], [41.966319, 39.10456], [41.938569, 39.082546], [41.920909, 39.081895], [41.904307, 39.090888], [41.903901, 39.066514], [41.891043, 39.056952], [41.83074, 39.056098], [41.731619, 39.037624], [41.686697, 39.037787], [41.636729, 39.056708], [41.60255, 39.056708], [41.564464, 39.077216], [41.544851, 39.069932], [41.536143, 39.052069], [41.527436, 38.993232], [41.54184, 38.957465], [41.521414, 38.936347], [41.527436, 38.905951], [41.547537, 38.870469], [41.547944, 38.858181], [41.539236, 38.851142], [41.479584, 38.871161], [41.473562, 38.866563], [41.472179, 38.850653], [41.43808, 38.822781], [41.424408, 38.844509], [41.417572, 38.844509], [41.404063, 38.822781], [41.376557, 38.844509], [41.359467, 38.843695], [41.356212, 38.858181], [41.341401, 38.854071], [41.328217, 38.858181], [41.296886, 38.842841], [41.222341, 38.827704], [41.166108, 38.75963], [41.146576, 38.755072], [41.130056, 38.758857], [40.990164, 38.849392], [40.95045, 38.887885], [40.938406, 38.891669], [40.907156, 38.877997], [40.763764, 38.839464], [40.689708, 38.837104], [40.623464, 38.801622], [40.607026, 38.779731], [40.540538, 38.762519], [40.520112, 38.74079], [40.467865, 38.731269], [40.417735, 38.713487], [40.253184, 38.74079], [40.245697, 38.748318], [40.221446, 38.738796], [40.146414, 38.755072], [40.105479, 38.74079], [40.050548, 38.744574], [40.008393, 38.716376], [39.925548, 38.688096], [39.878673, 38.692003], [39.861257, 38.684638]]}}, {"type": "Feature", "properties": {"name": "Albert Nile", "featurecla": "Lake Centerline", "scalerank": 1.0}, "geometry": {"type": "LineString", "coordinates": [[31.36671, 2.193386], [31.355235, 2.189399], [31.340261, 2.201768], [31.333588, 2.225409], [31.35198, 2.274441], [31.368907, 2.295437], [31.451915, 2.337673], [31.464122, 2.350369], [31.474701, 2.400417]]}}, {"type": "Feature", "properties": {"name": "Albert Nile", "featurecla": "River", "scalerank": 1.0}, "geometry": {"type": "LineString", "coordinates": [[32.01588, 3.613634], [32.022878, 3.586859], [31.958263, 3.563422], [31.947195, 3.549343], [31.941905, 3.527655], [31.928152, 3.510281], [31.908376, 3.499457], [31.885753, 3.497504], [31.841319, 3.521674], [31.81308, 3.522244], [31.815196, 3.535224], [31.782725, 3.525417], [31.748546, 3.497504], [31.693289, 3.486396], [31.664154, 3.453884], [31.646088, 3.387641], [31.596934, 3.33454], [31.58839, 3.300157], [31.567312, 3.271186], [31.551199, 3.201931], [31.512462, 3.118679], [31.475597, 3.063096], [31.415457, 2.993923], [31.37672, 2.903591], [31.367686, 2.86282], [31.371104, 2.821112], [31.392833, 2.78559], [31.437104, 2.75255], [31.449229, 2.693915], [31.44752, 2.681912], [31.419526, 2.662055], [31.416433, 2.638495], [31.423595, 2.617458], [31.462657, 2.562079], [31.477794, 2.519232], [31.495209, 2.504421], [31.524669, 2.509304], [31.528819, 2.501003], [31.523367, 2.479682], [31.489838, 2.462592], [31.479991, 2.445095], [31.474864, 2.400702]]}}, {"type": "Feature", "properties": {"name": "Drau", "featurecla": "River", "scalerank": 7.0}, "geometry": {"type": "LineString", "coordinates": [[14.0, 46.6009272692764], [14.026052, 46.594672], [14.099132, 46.55447], [14.138927, 46.544745], [14.246104, 46.556423], [14.35906, 46.557156], [14.4699, 46.573839], [14.493093, 46.582872], [14.52003, 46.61046], [14.593272, 46.645453], [14.630138, 46.653347], [14.667166, 46.64289], [14.786876, 46.644477], [14.811046, 46.649197], [14.857432, 46.671332], [14.939382, 46.651801], [14.983409, 46.611599], [14.99879, 46.601426], [15.018809, 46.598741], [15.088878, 46.614773], [15.148204, 46.60578], [15.185476, 46.617947], [15.246837, 46.600938], [15.371837, 46.596218], [15.421886, 46.579413], [15.442393, 46.583035], [15.454031, 46.555772], [15.46575, 46.546902], [15.570079, 46.572333], [15.603689, 46.574246], [15.675059, 46.562771], [15.700206, 46.555243], [15.726573, 46.507636], [15.799571, 46.475613], [15.942312, 46.382595], [15.967214, 46.378241], [16.048513, 46.397976], [16.09962, 46.390489], [16.14446, 46.40705], [16.192393, 46.391913], [16.25115, 46.390489], [16.298106, 46.370185], [16.318289, 46.36872], [16.340994, 46.351915], [16.358816, 46.320624], [16.483897, 46.301785], [16.516124, 46.301459], [16.595144, 46.317939], [16.72047, 46.311387], [16.766368, 46.320909], [16.87794, 46.314073]]}}]}